frameid,trackerid,x_center,y_center,width,height
1,0,236.0,177.5,54.0,55.0
1,1,348.0,441.0,80.0,98.0
1,2,365.0,418.5,18.0,21.0
1,3,358.5,313.0,23.0,26.0
1,4,311.5,197.5,21.0,19.0
1,5,256.0,131.0,24.0,30.0
1,6,167.5,324.0,23.0,30.0
1,7,104.0,248.0,20.0,26.0
1,8,373.0,441.5,18.0,21.0
1,9,439.0,85.0,28.0,30.0
1,10,319.0,414.5,22.0,29.0
1,11,213.5,210.5,31.0,33.0
1,12,88.0,71.0,36.0,32.0
1,13,412.0,416.5,24.0,25.0
1,14,234.5,512.0,25.0,30.0
1,15,81.5,204.5,21.0,27.0
1,16,343.5,360.0,21.0,34.0
1,17,213.5,274.0,23.0,18.0
1,18,378.5,295.0,17.0,20.0
1,19,402.5,540.0,37.0,42.0
1,20,389.0,142.5,24.0,23.0
1,21,276.0,106.5,26.0,23.0
1,22,21.0,201.5,26.0,27.0
1,23,136.0,614.0,22.0,30.0
1,24,541.5,20.5,19.0,31.0
1,25,90.0,70.5,42.0,45.0
1,26,234.5,169.5,21.0,23.0
1,27,405.5,194.0,21.0,30.0
1,28,420.0,107.5,22.0,27.0
1,29,117.0,276.0,24.0,26.0
1,30,274.0,161.0,20.0,30.0
1,31,56.5,401.5,23.0,33.0
1,32,250.0,269.5,24.0,27.0
1,33,263.0,198.5,20.0,19.0
1,34,255.0,222.0,18.0,22.0
1,35,606.0,418.5,26.0,29.0
1,36,254.5,341.5,17.0,23.0
1,37,262.0,94.0,16.0,22.0
1,38,133.0,564.0,18.0,30.0
1,39,252.5,295.5,19.0,23.0
1,40,488.0,222.5,20.0,25.0
1,41,559.5,47.5,21.0,29.0
1,42,466.5,531.0,17.0,28.0
1,43,558.5,141.5,19.0,23.0
1,44,548.5,476.5,19.0,21.0
1,45,421.0,546.5,20.0,21.0
1,46,199.0,585.0,22.0,28.0
1,47,539.0,192.0,26.0,22.0
1,48,259.0,366.5,22.0,21.0
1,49,407.0,541.5,22.0,27.0
1,50,616.5,74.0,19.0,28.0
1,51,78.5,160.5,21.0,33.0
1,52,567.0,129.5,16.0,23.0
1,53,279.5,16.0,19.0,22.0
1,54,518.0,490.5,20.0,29.0
1,55,568.5,332.0,21.0,22.0
1,56,566.5,236.0,19.0,24.0
1,57,338.5,95.0,23.0,26.0
1,58,589.5,181.5,23.0,25.0
1,59,352.5,465.0,23.0,26.0
1,60,298.0,11.5,20.0,23.0
1,61,625.0,129.5,20.0,23.0
1,62,216.5,601.0,23.0,26.0
2,0,235.0,177.0,54.0,56.0
2,1,347.5,440.5,81.0,97.0
2,2,365.0,418.0,18.0,22.0
2,3,311.0,198.0,22.0,20.0
2,4,103.0,247.5,20.0,25.0
2,5,356.5,312.5,23.0,25.0
2,6,550.0,477.5,20.0,21.0
2,7,410.5,416.5,23.0,25.0
2,8,343.0,360.0,22.0,34.0
2,9,234.5,170.0,21.0,24.0
2,10,80.5,203.5,21.0,27.0
2,11,401.0,191.0,20.0,30.0
2,12,318.0,417.5,22.0,31.0
2,13,605.5,419.5,27.0,31.0
2,14,115.0,276.0,24.0,26.0
2,15,377.0,294.5,18.0,19.0
2,16,235.5,512.0,25.0,30.0
2,17,373.0,441.5,18.0,21.0
2,18,434.5,83.0,27.0,30.0
2,19,386.5,139.5,25.0,27.0
2,20,21.0,201.0,26.0,26.0
2,21,263.0,368.5,20.0,21.0
2,22,559.5,47.5,21.0,29.0
2,23,135.0,610.0,22.0,30.0
2,24,198.0,583.5,22.0,27.0
2,25,211.0,210.5,32.0,33.0
2,26,213.5,274.0,23.0,18.0
2,27,541.0,20.5,18.0,31.0
2,28,401.5,540.0,37.0,42.0
2,29,275.5,106.0,27.0,22.0
2,30,274.0,160.0,20.0,30.0
2,31,253.5,131.0,25.0,30.0
2,32,161.5,322.0,23.0,30.0
2,33,419.5,107.5,21.0,27.0
2,34,88.0,67.5,42.0,43.0
2,35,277.5,15.5,19.0,23.0
2,36,53.0,398.5,24.0,33.0
2,37,255.0,221.0,18.0,22.0
2,38,416.5,546.5,19.0,21.0
2,39,262.0,95.5,16.0,23.0
2,40,249.5,344.5,17.0,23.0
2,41,247.5,269.5,23.0,27.0
2,42,85.5,68.5,35.0,31.0
2,43,557.0,145.5,18.0,23.0
2,44,128.0,564.5,18.0,29.0
2,45,261.5,197.5,19.0,19.0
2,46,250.5,294.5,19.0,23.0
2,47,566.0,130.0,16.0,24.0
2,48,614.5,71.0,19.0,28.0
2,49,467.5,562.0,23.0,22.0
2,50,484.5,223.5,19.0,25.0
2,51,570.0,197.5,22.0,27.0
2,52,533.5,180.0,19.0,22.0
2,53,579.5,158.0,19.0,24.0
2,54,106.5,497.0,27.0,32.0
2,55,530.5,246.0,25.0,26.0
2,56,215.5,346.5,23.0,27.0
2,57,519.0,321.5,24.0,27.0
2,58,326.5,67.0,23.0,30.0
2,59,482.5,630.0,21.0,20.0
2,60,464.5,228.0,21.0,20.0
2,61,140.0,636.0,20.0,8.0
2,62,42.0,347.5,20.0,21.0
2,63,582.5,216.0,21.0,28.0
2,64,634.0,300.0,12.0,30.0
2,65,118.5,523.0,19.0,20.0
3,0,235.5,177.0,55.0,56.0
3,1,347.5,440.0,81.0,98.0
3,2,365.0,418.0,18.0,22.0
3,3,311.0,198.0,22.0,20.0
3,4,103.0,248.0,20.0,26.0
3,5,550.0,477.5,20.0,21.0
3,6,343.0,360.0,22.0,34.0
3,7,356.5,312.0,23.0,26.0
3,8,410.5,416.5,23.0,25.0
3,9,114.5,276.5,23.0,27.0
3,10,234.5,169.5,21.0,25.0
3,11,318.0,417.5,22.0,31.0
3,12,80.5,204.0,21.0,28.0
3,13,401.0,191.0,20.0,30.0
3,14,605.5,420.0,27.0,30.0
3,15,385.5,139.5,25.0,27.0
3,16,235.5,512.0,25.0,30.0
3,17,559.5,47.5,21.0,29.0
3,18,377.0,294.5,18.0,19.0
3,19,198.0,584.0,22.0,28.0
3,20,373.0,441.5,18.0,21.0
3,21,434.0,83.0,28.0,30.0
3,22,21.0,201.0,26.0,26.0
3,23,263.0,368.5,20.0,21.0
3,24,135.5,609.5,23.0,31.0
3,25,213.5,274.0,23.0,18.0
3,26,419.5,108.5,21.0,27.0
3,27,161.0,322.5,24.0,31.0
3,28,274.0,160.0,20.0,30.0
3,29,210.5,211.0,33.0,34.0
3,30,253.5,131.0,25.0,30.0
3,31,541.0,21.0,18.0,32.0
3,32,401.5,539.5,37.0,43.0
3,33,278.0,15.5,20.0,23.0
3,34,275.5,106.0,27.0,22.0
3,35,557.0,145.5,18.0,23.0
3,36,87.5,68.5,43.0,43.0
3,37,262.0,96.0,16.0,24.0
3,38,416.5,546.0,19.0,22.0
3,39,255.0,221.5,18.0,23.0
3,40,249.0,343.0,18.0,24.0
3,41,250.0,294.0,20.0,24.0
3,42,247.5,269.5,23.0,27.0
3,43,85.0,69.0,36.0,32.0
3,44,535.5,178.0,19.0,22.0
3,45,468.0,561.5,22.0,23.0
3,46,128.5,565.5,17.0,29.0
3,47,485.0,224.0,18.0,26.0
3,48,261.5,197.5,19.0,19.0
3,49,53.0,399.5,24.0,33.0
3,50,614.0,71.5,18.0,27.0
3,51,566.0,130.5,16.0,23.0
3,52,325.0,67.0,22.0,28.0
3,53,214.5,283.5,23.0,19.0
3,54,527.5,263.0,25.0,28.0
3,55,522.0,320.5,24.0,29.0
3,56,407.0,542.0,22.0,26.0
3,57,93.5,503.0,27.0,34.0
3,58,202.0,345.0,24.0,28.0
3,59,576.0,170.5,18.0,23.0
3,60,139.5,635.5,21.0,9.0
3,61,25.0,634.5,22.0,11.0
3,62,569.0,195.0,24.0,26.0
3,63,634.0,507.0,12.0,30.0
3,64,54.0,355.0,22.0,24.0
3,65,585.0,194.5,22.0,25.0
3,66,466.5,214.5,19.0,25.0
3,67,109.5,529.5,19.0,21.0
3,68,475.5,618.0,21.0,28.0
4,0,347.5,440.0,81.0,98.0
4,1,235.5,177.0,55.0,56.0
4,2,364.5,418.0,19.0,22.0
4,3,311.0,197.5,22.0,21.0
4,4,103.0,248.0,20.0,26.0
4,5,550.0,477.5,20.0,21.0
4,6,357.0,312.0,24.0,26.0
4,7,343.0,360.0,22.0,34.0
4,8,114.5,276.0,23.0,26.0
4,9,410.5,416.5,23.0,25.0
4,10,234.5,169.5,21.0,25.0
4,11,318.0,417.5,22.0,31.0
4,12,80.5,204.0,21.0,28.0
4,13,385.5,139.5,25.0,27.0
4,14,235.5,512.0,25.0,30.0
4,15,401.0,190.5,20.0,29.0
4,16,605.5,420.0,27.0,30.0
4,17,377.0,294.5,18.0,19.0
4,18,21.0,201.0,26.0,26.0
4,19,559.5,47.5,21.0,29.0
4,20,434.0,83.0,28.0,30.0
4,21,373.0,441.5,18.0,21.0
4,22,198.0,584.0,22.0,28.0
4,23,135.5,609.5,23.0,31.0
4,24,419.0,108.5,22.0,27.0
4,25,213.5,274.0,23.0,18.0
4,26,263.0,368.5,20.0,21.0
4,27,210.5,211.0,33.0,34.0
4,28,253.0,131.0,24.0,30.0
4,29,161.0,322.0,24.0,30.0
4,30,278.0,15.5,20.0,23.0
4,31,274.0,160.0,20.0,30.0
4,32,401.5,539.5,37.0,43.0
4,33,541.0,21.0,18.0,32.0
4,34,275.5,106.0,27.0,22.0
4,35,249.0,343.0,18.0,24.0
4,36,557.0,145.0,18.0,24.0
4,37,88.0,68.5,42.0,43.0
4,38,262.0,96.0,16.0,24.0
4,39,416.0,546.0,20.0,22.0
4,40,255.0,221.5,18.0,23.0
4,41,84.5,68.0,37.0,32.0
4,42,536.0,177.0,18.0,22.0
4,43,250.0,294.0,20.0,24.0
4,44,247.5,269.5,23.0,27.0
4,45,467.0,561.0,22.0,22.0
4,46,128.0,565.0,18.0,30.0
4,47,484.5,223.0,19.0,26.0
4,48,261.5,197.0,19.0,18.0
4,49,53.0,399.5,24.0,33.0
4,50,614.0,71.5,18.0,27.0
4,51,522.0,321.0,24.0,30.0
4,52,407.0,542.0,22.0,26.0
4,53,566.5,130.5,15.0,23.0
4,54,325.0,68.0,22.0,28.0
4,55,93.0,504.5,26.0,33.0
4,56,199.5,343.0,25.0,28.0
4,57,527.5,264.0,25.0,28.0
4,58,139.5,635.5,21.0,9.0
4,59,576.0,173.0,18.0,24.0
4,60,569.5,195.0,23.0,26.0
4,61,464.0,209.0,20.0,26.0
4,62,472.5,623.5,21.0,27.0
4,63,54.5,353.0,21.0,22.0
4,64,107.5,527.0,19.0,20.0
5,0,347.5,440.0,81.0,98.0
5,1,235.5,177.0,55.0,56.0
5,2,364.5,418.0,19.0,22.0
5,3,311.0,197.5,22.0,21.0
5,4,103.0,248.0,20.0,26.0
5,5,550.0,477.5,20.0,21.0
5,6,343.0,360.0,22.0,34.0
5,7,357.0,312.0,24.0,26.0
5,8,234.5,169.5,21.0,25.0
5,9,410.5,416.5,23.0,25.0
5,10,318.0,417.5,22.0,31.0
5,11,114.5,276.0,23.0,26.0
5,12,80.5,204.0,21.0,28.0
5,13,605.5,420.0,27.0,30.0
5,14,385.5,139.5,25.0,27.0
5,15,235.5,512.0,25.0,30.0
5,16,401.0,191.0,20.0,30.0
5,17,377.0,294.5,18.0,19.0
5,18,559.5,47.5,21.0,29.0
5,19,373.0,441.5,18.0,21.0
5,20,21.0,201.0,26.0,26.0
5,21,198.0,584.0,22.0,28.0
5,22,274.0,160.0,20.0,30.0
5,23,419.0,108.0,22.0,28.0
5,24,135.0,610.0,22.0,30.0
5,25,434.0,83.0,28.0,30.0
5,26,213.5,274.0,23.0,18.0
5,27,210.5,211.0,33.0,34.0
5,28,263.0,368.5,20.0,21.0
5,29,248.5,343.0,17.0,24.0
5,30,253.0,131.0,24.0,30.0
5,31,401.5,539.5,37.0,43.0
5,32,88.5,68.5,43.0,43.0
5,33,275.5,106.0,27.0,22.0
5,34,161.0,322.0,24.0,30.0
5,35,541.0,20.5,18.0,31.0
5,36,278.5,15.5,19.0,23.0
5,37,262.0,96.0,16.0,24.0
5,38,536.5,177.0,19.0,22.0
5,39,557.0,145.0,18.0,24.0
5,40,416.5,546.5,19.0,21.0
5,41,255.0,221.5,18.0,23.0
5,42,485.0,223.0,18.0,26.0
5,43,247.5,269.5,23.0,27.0
5,44,250.0,294.0,20.0,24.0
5,45,84.5,68.0,37.0,32.0
5,46,467.0,560.5,22.0,23.0
5,47,128.0,565.0,18.0,30.0
5,48,261.0,197.5,20.0,19.0
5,49,52.5,398.5,23.0,33.0
5,50,614.0,71.5,18.0,27.0
5,51,522.0,321.0,24.0,30.0
5,52,325.0,69.5,22.0,27.0
5,53,566.0,130.5,16.0,23.0
5,54,407.0,542.0,22.0,26.0
5,55,91.0,507.5,26.0,33.0
5,56,24.5,631.5,19.0,17.0
5,57,201.0,341.0,24.0,28.0
5,58,529.0,266.5,24.0,27.0
5,59,55.5,350.5,19.0,23.0
5,60,139.5,635.5,21.0,9.0
5,61,569.5,197.5,23.0,23.0
5,62,462.5,204.5,21.0,25.0
5,63,576.0,175.0,18.0,24.0
5,64,632.5,631.5,15.0,17.0
5,65,470.0,620.0,20.0,28.0
5,66,106.5,525.5,19.0,23.0
5,67,636.5,39.0,7.0,26.0
6,0,235.5,177.5,55.0,55.0
6,1,348.0,440.0,80.0,96.0
6,2,364.5,418.0,19.0,22.0
6,3,358.0,313.0,24.0,26.0
6,4,311.0,197.5,22.0,19.0
6,5,234.5,511.5,25.0,31.0
6,6,104.0,248.0,20.0,26.0
6,7,167.5,323.5,25.0,31.0
6,8,88.0,70.0,36.0,32.0
6,9,213.5,210.5,31.0,33.0
6,10,411.5,416.5,23.0,25.0
6,11,438.0,84.5,28.0,29.0
6,12,256.0,131.0,24.0,30.0
6,13,373.0,441.5,18.0,21.0
6,14,378.0,295.5,18.0,19.0
6,15,319.0,415.0,22.0,30.0
6,16,213.5,274.0,23.0,18.0
6,17,136.0,613.0,22.0,30.0
6,18,275.5,106.0,27.0,22.0
6,19,402.0,539.5,38.0,43.0
6,20,343.0,360.0,22.0,34.0
6,21,81.0,204.0,20.0,28.0
6,22,21.0,201.5,26.0,27.0
6,23,89.0,70.0,42.0,44.0
6,24,405.0,194.0,20.0,30.0
6,25,388.5,142.0,25.0,22.0
6,26,606.5,418.5,27.0,29.0
6,27,541.5,20.5,19.0,31.0
6,28,274.0,161.0,20.0,30.0
6,29,234.5,170.0,21.0,24.0
6,30,117.5,276.0,23.0,26.0
6,31,249.5,269.0,23.0,26.0
6,32,420.0,107.5,22.0,27.0
6,33,255.0,222.0,18.0,22.0
6,34,263.0,198.5,20.0,19.0
6,35,342.5,79.5,23.0,27.0
6,36,56.5,401.5,23.0,33.0
6,37,279.5,15.0,19.0,24.0
6,38,467.0,535.5,18.0,27.0
6,39,254.0,343.0,18.0,24.0
6,40,262.5,94.0,15.0,22.0
6,41,253.0,295.5,20.0,23.0
6,42,488.0,221.5,20.0,25.0
6,43,537.5,192.5,25.0,21.0
6,44,559.0,141.5,18.0,23.0
6,45,559.5,47.5,21.0,29.0
6,46,133.0,564.0,18.0,30.0
6,47,557.5,333.0,21.0,20.0
6,48,420.5,546.5,19.0,21.0
6,49,76.5,142.5,21.0,31.0
6,50,566.5,129.5,15.0,23.0
6,51,407.5,541.5,23.0,27.0
6,52,615.5,74.5,19.0,27.0
6,53,201.0,583.5,22.0,29.0
6,54,547.5,476.5,19.0,21.0
6,55,259.5,366.0,19.0,20.0
6,56,338.5,459.5,23.0,25.0
6,57,587.0,181.5,22.0,23.0
6,58,249.5,373.5,23.0,23.0
6,59,524.0,467.0,20.0,28.0
6,60,609.0,148.5,20.0,23.0
6,61,208.0,608.5,22.0,27.0
6,62,576.5,262.0,23.0,22.0
7,0,347.5,440.5,81.0,97.0
7,1,235.0,177.0,54.0,56.0
7,2,364.5,418.0,19.0,22.0
7,3,311.0,198.0,22.0,20.0
7,4,103.0,247.5,20.0,27.0
7,5,357.0,312.0,24.0,26.0
7,6,343.0,360.0,22.0,34.0
7,7,549.5,477.5,19.0,21.0
7,8,234.5,169.5,21.0,25.0
7,9,80.5,204.0,21.0,28.0
7,10,114.5,276.0,23.0,26.0
7,11,318.0,417.5,22.0,31.0
7,12,410.0,416.5,22.0,25.0
7,13,401.0,191.0,20.0,30.0
7,14,605.5,420.0,27.0,30.0
7,15,235.5,512.0,25.0,30.0
7,16,385.5,139.5,25.0,27.0
7,17,210.5,210.5,31.0,33.0
7,18,21.0,201.5,26.0,27.0
7,19,558.5,47.0,21.0,30.0
7,20,161.0,322.0,24.0,30.0
7,21,537.5,177.0,19.0,22.0
7,22,419.0,108.0,22.0,28.0
7,23,372.5,441.5,19.0,21.0
7,24,213.5,274.0,23.0,18.0
7,25,274.0,159.5,20.0,29.0
7,26,377.0,294.0,18.0,20.0
7,27,434.0,83.0,28.0,30.0
7,28,198.0,583.5,22.0,27.0
7,29,402.0,539.5,38.0,43.0
7,30,135.5,609.5,23.0,31.0
7,31,253.0,131.0,24.0,30.0
7,32,275.5,106.0,27.0,22.0
7,33,249.0,343.5,18.0,23.0
7,34,263.0,367.5,20.0,21.0
7,35,540.5,21.5,19.0,31.0
7,36,88.5,68.0,43.0,44.0
7,37,466.0,561.5,22.0,23.0
7,38,416.0,546.0,20.0,22.0
7,39,262.0,96.0,16.0,24.0
7,40,278.5,15.0,19.0,22.0
7,41,255.0,221.5,18.0,23.0
7,42,557.0,146.0,18.0,24.0
7,43,247.5,269.5,23.0,27.0
7,44,53.0,398.5,24.0,33.0
7,45,250.0,294.0,20.0,24.0
7,46,84.0,68.0,36.0,32.0
7,47,128.0,565.5,18.0,29.0
7,48,567.0,131.5,16.0,23.0
7,49,261.0,197.5,20.0,19.0
7,50,485.0,223.5,20.0,25.0
7,51,325.0,72.5,22.0,27.0
7,52,613.5,71.5,17.0,27.0
7,53,214.5,283.5,23.0,19.0
7,54,198.0,337.0,24.0,28.0
7,55,521.5,321.0,23.0,28.0
7,56,24.5,629.0,17.0,22.0
7,57,89.0,509.0,26.0,30.0
7,58,631.0,628.0,18.0,24.0
7,59,531.5,270.5,25.0,29.0
7,60,57.0,344.0,20.0,22.0
7,61,632.5,492.0,15.0,28.0
7,62,109.5,517.5,17.0,23.0
7,63,139.5,635.0,21.0,10.0
7,64,570.5,197.0,23.0,24.0
7,65,576.5,181.0,19.0,24.0
7,66,634.5,45.5,11.0,25.0
7,67,467.5,618.5,21.0,27.0
7,68,455.5,211.5,23.0,25.0
7,69,592.0,189.5,22.0,25.0
8,0,235.0,177.0,54.0,56.0
8,1,347.5,440.5,81.0,97.0
8,2,364.5,418.0,19.0,22.0
8,3,311.0,198.0,22.0,20.0
8,4,103.0,247.5,20.0,27.0
8,5,356.5,312.0,23.0,26.0
8,6,343.0,360.0,22.0,34.0
8,7,550.0,478.0,20.0,20.0
8,8,114.5,276.0,23.0,26.0
8,9,80.5,204.0,21.0,28.0
8,10,234.5,169.5,21.0,25.0
8,11,410.0,416.5,22.0,25.0
8,12,318.0,417.5,22.0,31.0
8,13,605.5,420.0,27.0,30.0
8,14,538.0,177.0,18.0,22.0
8,15,385.5,139.5,25.0,27.0
8,16,401.0,191.0,20.0,30.0
8,17,235.5,512.0,25.0,30.0
8,18,210.5,210.5,31.0,33.0
8,19,558.5,47.0,21.0,30.0
8,20,372.5,441.5,19.0,21.0
8,21,20.5,201.5,25.0,27.0
8,22,419.0,108.0,22.0,28.0
8,23,198.0,583.5,22.0,27.0
8,24,377.0,294.0,18.0,20.0
8,25,160.5,322.0,23.0,30.0
8,26,213.5,274.0,23.0,18.0
8,27,263.0,367.5,20.0,21.0
8,28,274.0,159.5,20.0,29.0
8,29,434.0,83.0,28.0,30.0
8,30,401.5,539.5,37.0,43.0
8,31,540.5,21.5,19.0,31.0
8,32,275.5,106.0,27.0,22.0
8,33,249.0,343.5,18.0,23.0
8,34,253.0,131.0,24.0,30.0
8,35,135.0,609.0,22.0,30.0
8,36,88.5,68.5,43.0,43.0
8,37,278.5,15.0,19.0,22.0
8,38,466.0,561.0,22.0,22.0
8,39,262.0,96.0,16.0,24.0
8,40,416.0,546.0,20.0,22.0
8,41,255.0,221.5,18.0,23.0
8,42,214.5,283.5,23.0,19.0
8,43,557.0,146.0,18.0,24.0
8,44,247.5,269.5,23.0,27.0
8,45,85.0,68.0,36.0,32.0
8,46,250.0,294.0,20.0,24.0
8,47,53.0,398.5,24.0,33.0
8,48,567.0,131.5,16.0,23.0
8,49,128.0,565.5,18.0,29.0
8,50,261.0,197.5,20.0,19.0
8,51,325.5,73.0,23.0,28.0
8,52,484.5,223.5,19.0,25.0
8,53,613.5,71.5,17.0,27.0
8,54,196.5,335.5,25.0,29.0
8,55,522.0,320.5,24.0,29.0
8,56,85.5,509.0,27.0,30.0
8,57,24.0,629.0,18.0,22.0
8,58,59.0,343.5,20.0,21.0
8,59,631.0,626.5,18.0,27.0
8,60,631.5,494.5,17.0,29.0
8,61,530.0,272.5,26.0,29.0
8,62,633.0,49.0,14.0,26.0
8,63,110.5,518.0,19.0,24.0
8,64,138.5,635.5,21.0,9.0
8,65,571.5,198.0,23.0,24.0
8,66,470.0,614.5,20.0,25.0
8,67,574.0,183.0,20.0,24.0
8,68,451.5,206.5,23.0,27.0
8,69,591.0,185.0,20.0,26.0
9,0,235.5,177.0,55.0,56.0
9,1,347.5,440.5,81.0,97.0
9,2,364.5,418.0,19.0,22.0
9,3,235.5,512.5,25.0,31.0
9,4,311.0,198.5,22.0,21.0
9,5,103.0,247.5,20.0,25.0
9,6,550.0,477.5,20.0,21.0
9,7,356.0,312.0,24.0,26.0
9,8,343.0,360.0,22.0,34.0
9,9,234.5,169.5,21.0,25.0
9,10,80.5,204.0,21.0,28.0
9,11,385.0,140.0,26.0,28.0
9,12,318.0,417.5,22.0,31.0
9,13,114.5,276.0,23.0,26.0
9,14,410.0,416.5,22.0,25.0
9,15,605.5,420.0,27.0,30.0
9,16,198.0,584.0,22.0,28.0
9,17,400.0,190.0,20.0,30.0
9,18,213.5,274.0,23.0,18.0
9,19,210.0,211.0,32.0,34.0
9,20,538.5,175.5,19.0,23.0
9,21,20.5,201.5,25.0,27.0
9,22,377.0,294.0,18.0,20.0
9,23,434.0,83.0,28.0,30.0
9,24,262.0,367.5,20.0,21.0
9,25,274.0,159.5,20.0,29.0
9,26,419.5,108.5,21.0,27.0
9,27,372.5,441.5,19.0,21.0
9,28,252.5,131.0,25.0,30.0
9,29,401.0,539.5,36.0,43.0
9,30,275.5,106.0,27.0,22.0
9,31,558.5,47.0,21.0,30.0
9,32,541.0,21.5,18.0,31.0
9,33,262.0,96.5,16.0,23.0
9,34,278.5,15.0,19.0,22.0
9,35,133.5,609.5,23.0,31.0
9,36,88.5,68.5,43.0,43.0
9,37,415.0,546.5,20.0,23.0
9,38,255.0,221.5,18.0,23.0
9,39,84.0,68.5,36.0,31.0
9,40,249.0,345.0,18.0,24.0
9,41,486.0,224.0,20.0,24.0
9,42,246.5,269.5,23.0,27.0
9,43,159.5,322.0,23.0,30.0
9,44,249.0,294.0,20.0,24.0
9,45,556.5,146.0,19.0,24.0
9,46,52.5,398.0,23.0,32.0
9,47,260.5,197.0,19.0,20.0
9,48,464.0,563.5,22.0,23.0
9,49,179.5,322.0,23.0,28.0
9,50,569.0,131.0,16.0,24.0
9,51,522.0,320.0,24.0,28.0
9,52,131.0,565.5,18.0,29.0
9,53,613.5,71.0,17.0,26.0
9,54,599.0,163.5,20.0,29.0
9,55,322.0,70.0,22.0,28.0
9,56,71.0,524.0,26.0,30.0
9,57,634.0,75.0,12.0,24.0
9,58,432.5,196.0,23.0,26.0
9,59,18.5,626.5,21.0,25.0
9,60,113.0,486.5,18.0,21.0
9,61,455.5,600.0,19.0,24.0
9,62,138.5,634.5,21.0,11.0
9,63,533.5,295.5,23.0,27.0
9,64,72.5,328.5,21.0,23.0
9,65,621.5,500.0,23.0,30.0
9,66,569.0,195.5,22.0,25.0
9,67,635.0,298.0,10.0,28.0
10,0,235.5,177.0,55.0,56.0
10,1,347.5,440.5,81.0,97.0
10,2,364.5,418.0,19.0,22.0
10,3,311.0,198.5,22.0,21.0
10,4,356.0,312.0,24.0,26.0
10,5,103.0,248.0,20.0,26.0
10,6,550.0,477.5,20.0,21.0
10,7,343.0,360.0,22.0,34.0
10,8,234.5,169.5,21.0,25.0
10,9,114.0,276.0,24.0,26.0
10,10,410.0,416.5,22.0,25.0
10,11,318.0,417.5,22.0,31.0
10,12,80.5,204.0,21.0,28.0
10,13,384.5,139.5,25.0,27.0
10,14,235.5,512.5,25.0,31.0
10,15,198.0,584.0,22.0,28.0
10,16,605.5,420.0,27.0,30.0
10,17,213.5,274.0,23.0,18.0
10,18,21.0,201.5,26.0,27.0
10,19,210.0,211.5,32.0,33.0
10,20,373.0,441.5,18.0,21.0
10,21,419.5,108.5,21.0,27.0
10,22,538.0,175.5,18.0,23.0
10,23,252.0,131.0,24.0,30.0
10,24,433.5,83.0,27.0,30.0
10,25,275.5,106.0,27.0,22.0
10,26,262.0,367.5,20.0,21.0
10,27,401.5,540.0,37.0,42.0
10,28,377.0,294.0,18.0,20.0
10,29,88.5,68.5,43.0,43.0
10,30,540.5,21.0,19.0,32.0
10,31,278.0,15.0,20.0,22.0
10,32,274.0,159.5,20.0,29.0
10,33,84.5,68.5,35.0,31.0
10,34,400.0,190.0,20.0,30.0
10,35,255.0,221.0,18.0,22.0
10,36,262.0,96.5,16.0,23.0
10,37,558.5,47.0,21.0,30.0
10,38,133.5,610.5,23.0,31.0
10,39,249.0,345.0,18.0,24.0
10,40,415.5,546.5,21.0,23.0
10,41,249.0,294.0,20.0,24.0
10,42,247.0,269.5,22.0,27.0
10,43,486.5,222.5,19.0,25.0
10,44,555.5,145.0,19.0,26.0
10,45,159.5,322.0,23.0,30.0
10,46,261.0,197.5,20.0,19.0
10,47,129.5,566.5,17.0,29.0
10,48,64.5,523.0,27.0,32.0
10,49,214.5,283.5,23.0,19.0
10,50,613.0,71.0,18.0,26.0
10,51,595.5,158.0,19.0,28.0
10,52,566.0,129.0,16.0,24.0
10,53,52.5,397.5,23.0,31.0
10,54,522.5,321.5,25.0,29.0
10,55,464.5,565.0,21.0,24.0
10,56,177.5,318.0,23.0,26.0
10,57,321.5,66.5,23.0,29.0
10,58,633.5,78.0,13.0,24.0
10,59,109.5,494.5,21.0,21.0
10,60,570.5,196.5,23.0,25.0
10,61,616.0,504.0,22.0,30.0
10,62,582.5,210.0,19.0,24.0
10,63,138.5,635.0,21.0,10.0
10,64,431.0,192.0,22.0,28.0
10,65,74.0,339.0,20.0,20.0
10,66,532.0,301.0,22.0,26.0
10,67,448.5,594.5,21.0,25.0
10,68,16.5,623.0,21.0,28.0
11,0,235.5,177.0,55.0,56.0
11,1,347.5,440.5,81.0,97.0
11,2,364.5,418.0,19.0,22.0
11,3,311.0,198.5,22.0,21.0
11,4,356.0,312.0,24.0,26.0
11,5,103.0,248.0,20.0,26.0
11,6,550.0,478.0,20.0,20.0
11,7,343.0,359.5,22.0,35.0
11,8,80.5,204.0,21.0,28.0
11,9,114.0,276.0,24.0,26.0
11,10,234.5,169.5,21.0,25.0
11,11,410.0,416.5,22.0,25.0
11,12,318.0,417.5,22.0,29.0
11,13,385.0,139.5,26.0,27.0
11,14,235.5,512.5,25.0,31.0
11,15,605.5,420.0,27.0,30.0
11,16,197.5,584.0,23.0,28.0
11,17,213.5,274.0,23.0,18.0
11,18,21.0,201.5,26.0,27.0
11,19,210.0,211.5,32.0,33.0
11,20,419.5,108.5,21.0,27.0
11,21,538.0,175.5,18.0,23.0
11,22,377.0,294.0,18.0,20.0
11,23,401.5,540.0,37.0,42.0
11,24,252.0,131.0,24.0,30.0
11,25,262.0,367.5,20.0,21.0
11,26,373.0,441.5,18.0,21.0
11,27,433.5,83.0,27.0,30.0
11,28,540.5,21.0,19.0,32.0
11,29,88.0,68.5,42.0,43.0
11,30,275.5,106.0,27.0,22.0
11,31,277.5,15.0,19.0,22.0
11,32,274.0,159.5,20.0,29.0
11,33,558.5,47.0,21.0,30.0
11,34,262.0,96.5,16.0,23.0
11,35,400.0,190.0,20.0,30.0
11,36,255.0,221.0,18.0,22.0
11,37,84.5,68.0,35.0,32.0
11,38,415.5,547.0,21.0,22.0
11,39,249.0,345.0,18.0,24.0
11,40,133.0,610.5,24.0,31.0
11,41,249.0,294.0,20.0,24.0
11,42,486.5,222.5,19.0,25.0
11,43,246.5,269.5,23.0,27.0
11,44,556.5,145.5,19.0,25.0
11,45,159.0,322.0,24.0,30.0
11,46,260.5,196.5,19.0,19.0
11,47,129.0,565.5,18.0,29.0
11,48,566.0,129.0,16.0,24.0
11,49,613.5,71.0,17.0,26.0
11,50,61.0,525.0,26.0,30.0
11,51,596.5,155.5,17.0,27.0
11,52,522.5,320.5,25.0,29.0
11,53,464.0,565.0,22.0,24.0
11,54,176.5,317.5,23.0,27.0
11,55,54.0,397.5,22.0,29.0
11,56,583.0,216.0,18.0,22.0
11,57,321.0,65.5,22.0,29.0
11,58,108.0,496.5,20.0,21.0
11,59,16.5,623.5,23.0,25.0
11,60,633.5,82.5,13.0,23.0
11,61,613.5,502.5,23.0,31.0
11,62,430.0,187.5,20.0,25.0
11,63,634.0,298.0,12.0,28.0
11,64,138.0,634.5,22.0,11.0
11,65,571.0,197.5,22.0,25.0
11,66,74.5,341.5,21.0,21.0
11,67,447.5,594.5,21.0,23.0
12,0,347.5,440.5,81.0,97.0
12,1,235.5,177.0,55.0,56.0
12,2,364.5,418.0,19.0,22.0
12,3,311.0,198.5,22.0,21.0
12,4,235.5,512.5,25.0,31.0
12,5,550.0,477.5,20.0,21.0
12,6,356.0,312.0,24.0,26.0
12,7,343.0,360.0,22.0,34.0
12,8,103.0,248.0,20.0,26.0
12,9,80.5,204.0,21.0,28.0
12,10,234.5,169.5,21.0,25.0
12,11,261.5,369.0,21.0,22.0
12,12,538.5,175.0,19.0,22.0
12,13,197.5,584.5,23.0,27.0
12,14,605.5,420.0,27.0,30.0
12,15,318.0,417.5,22.0,31.0
12,16,114.0,276.5,24.0,27.0
12,17,385.0,139.5,26.0,29.0
12,18,373.0,441.5,18.0,21.0
12,19,252.0,131.0,24.0,30.0
12,20,20.5,201.5,25.0,27.0
12,21,402.0,540.0,38.0,42.0
12,22,209.5,211.5,31.0,33.0
12,23,88.0,68.5,42.0,43.0
12,24,410.0,416.5,22.0,25.0
12,25,433.0,83.0,28.0,30.0
12,26,274.0,159.5,20.0,29.0
12,27,213.5,274.0,23.0,18.0
12,28,419.5,108.5,21.0,27.0
12,29,377.0,294.0,18.0,20.0
12,30,540.5,21.0,19.0,32.0
12,31,485.0,223.5,18.0,25.0
12,32,414.5,546.5,21.0,23.0
12,33,558.0,46.5,22.0,29.0
12,34,275.0,106.0,26.0,22.0
12,35,255.0,221.0,18.0,22.0
12,36,400.0,190.0,20.0,30.0
12,37,262.0,97.0,16.0,24.0
12,38,278.0,15.0,20.0,22.0
12,39,84.5,68.0,35.0,32.0
12,40,249.0,345.0,18.0,24.0
12,41,132.0,610.0,24.0,30.0
12,42,564.5,130.0,15.0,22.0
12,43,249.0,293.5,20.0,25.0
12,44,556.0,147.0,18.0,24.0
12,45,247.5,269.5,23.0,27.0
12,46,127.5,566.0,17.0,28.0
12,47,260.5,196.5,19.0,19.0
12,48,318.0,62.0,22.0,28.0
12,49,160.0,322.0,24.0,30.0
12,50,614.0,70.5,18.0,27.0
12,51,163.0,307.0,22.0,26.0
12,52,522.5,321.5,25.0,29.0
12,53,461.5,565.0,21.0,24.0
12,54,50.0,537.0,28.0,32.0
12,55,56.0,398.0,20.0,24.0
12,56,607.5,136.0,21.0,28.0
12,57,95.5,489.0,19.0,20.0
12,58,569.5,193.0,21.0,24.0
12,59,90.0,333.5,20.0,21.0
12,60,9.5,623.0,19.0,24.0
12,61,601.0,510.5,22.0,31.0
12,62,139.0,634.5,22.0,11.0
12,63,432.5,583.5,19.0,25.0
12,64,633.0,101.0,14.0,22.0
12,65,533.5,329.0,27.0,30.0
12,66,566.5,231.0,19.0,22.0
12,67,416.5,176.5,19.0,29.0
13,0,347.5,440.5,81.0,97.0
13,1,236.0,177.5,54.0,57.0
13,2,364.5,418.0,19.0,22.0
13,3,311.0,198.5,22.0,21.0
13,4,356.0,312.0,24.0,26.0
13,5,550.0,477.5,20.0,21.0
13,6,343.0,359.5,22.0,35.0
13,7,261.5,368.5,21.0,21.0
13,8,234.5,169.5,21.0,25.0
13,9,235.5,513.0,25.0,30.0
13,10,80.5,204.0,21.0,28.0
13,11,197.0,584.0,22.0,28.0
13,12,385.0,139.5,26.0,27.0
13,13,605.5,420.0,27.0,30.0
13,14,538.5,175.0,19.0,22.0
13,15,318.0,418.0,22.0,30.0
13,16,274.0,159.5,20.0,29.0
13,17,114.0,276.0,24.0,26.0
13,18,373.0,441.5,18.0,21.0
13,19,102.5,248.0,21.0,26.0
13,20,410.0,416.5,22.0,25.0
13,21,89.0,68.5,42.0,43.0
13,22,252.0,131.0,24.0,30.0
13,23,209.5,211.5,31.0,33.0
13,24,433.0,83.0,28.0,30.0
13,25,401.5,540.0,37.0,42.0
13,26,213.5,273.5,23.0,17.0
13,27,419.5,108.5,21.0,27.0
13,28,20.5,201.0,25.0,26.0
13,29,377.0,294.0,18.0,20.0
13,30,399.5,190.0,21.0,30.0
13,31,415.0,546.5,20.0,23.0
13,32,558.5,46.5,21.0,29.0
13,33,275.0,106.0,26.0,22.0
13,34,540.5,21.5,19.0,31.0
13,35,255.5,221.0,17.0,22.0
13,36,485.0,223.5,18.0,25.0
13,37,278.5,15.0,19.0,22.0
13,38,132.0,610.5,24.0,31.0
13,39,249.0,345.0,18.0,24.0
13,40,262.0,96.5,16.0,23.0
13,41,84.5,68.0,35.0,32.0
13,42,248.5,293.5,19.0,25.0
13,43,564.5,129.5,15.0,23.0
13,44,247.5,270.5,23.0,27.0
13,45,556.0,146.5,18.0,23.0
13,46,127.5,565.0,17.0,28.0
13,47,522.5,321.5,25.0,31.0
13,48,260.5,196.5,19.0,19.0
13,49,48.0,536.0,26.0,32.0
13,50,318.5,63.0,21.0,28.0
13,51,461.0,566.0,20.0,24.0
13,52,160.0,322.0,24.0,30.0
13,53,614.0,70.5,18.0,27.0
13,54,163.0,306.5,22.0,27.0
13,55,99.5,485.5,17.0,19.0
13,56,9.5,623.5,19.0,25.0
13,57,92.0,338.0,20.0,20.0
13,58,599.0,508.0,22.0,30.0
13,59,569.5,193.0,21.0,24.0
13,60,55.5,398.0,19.0,24.0
13,61,607.0,133.5,20.0,29.0
13,62,139.0,634.5,22.0,11.0
13,63,632.0,101.0,16.0,24.0
13,64,431.5,586.0,19.0,26.0
13,65,418.0,171.5,18.0,27.0
14,0,347.5,440.5,81.0,97.0
14,1,236.0,177.5,54.0,57.0
14,2,364.5,418.0,19.0,22.0
14,3,311.0,198.5,22.0,21.0
14,4,356.0,312.0,24.0,26.0
14,5,550.0,477.5,20.0,21.0
14,6,343.0,360.0,22.0,34.0
14,7,261.5,368.5,21.0,21.0
14,8,80.5,204.0,21.0,28.0
14,9,235.5,513.0,25.0,30.0
14,10,234.5,169.5,21.0,25.0
14,11,197.5,584.0,23.0,28.0
14,12,318.0,418.0,22.0,30.0
14,13,538.5,175.0,17.0,22.0
14,14,274.0,159.5,20.0,29.0
14,15,605.5,420.0,27.0,30.0
14,16,385.0,139.0,26.0,28.0
14,17,410.0,416.5,22.0,25.0
14,18,252.0,131.0,24.0,30.0
14,19,373.0,441.5,18.0,21.0
14,20,209.0,211.5,32.0,33.0
14,21,213.5,273.5,23.0,17.0
14,22,433.5,83.0,29.0,30.0
14,23,88.5,68.5,43.0,43.0
14,24,103.0,248.0,20.0,26.0
14,25,419.5,108.5,21.0,27.0
14,26,20.5,201.0,25.0,26.0
14,27,401.5,540.0,37.0,42.0
14,28,114.0,276.0,24.0,26.0
14,29,485.0,223.5,18.0,25.0
14,30,275.0,106.0,26.0,22.0
14,31,400.0,190.0,20.0,30.0
14,32,377.0,294.0,18.0,20.0
14,33,540.5,21.5,19.0,31.0
14,34,255.5,221.0,17.0,22.0
14,35,558.0,46.5,22.0,29.0
14,36,414.5,547.0,21.0,22.0
14,37,278.5,15.0,19.0,22.0
14,38,132.0,610.5,24.0,31.0
14,39,249.0,345.0,18.0,24.0
14,40,262.0,97.0,16.0,24.0
14,41,84.5,68.0,35.0,32.0
14,42,248.5,293.0,19.0,24.0
14,43,556.0,147.0,18.0,24.0
14,44,247.5,270.0,23.0,26.0
14,45,127.5,565.0,17.0,28.0
14,46,564.0,129.0,16.0,22.0
14,47,523.0,321.0,24.0,30.0
14,48,319.0,64.0,22.0,28.0
14,49,45.5,537.5,27.0,31.0
14,50,260.5,196.5,19.0,19.0
14,51,614.0,70.0,18.0,28.0
14,52,160.0,321.5,24.0,29.0
14,53,161.5,305.0,21.0,26.0
14,54,461.0,565.5,20.0,23.0
14,55,101.5,484.5,17.0,19.0
14,56,568.0,193.0,22.0,24.0
14,57,599.0,508.5,22.0,29.0
14,58,9.0,623.5,18.0,25.0
14,59,93.5,337.5,19.0,19.0
14,60,56.5,399.0,19.0,24.0
14,61,608.0,131.0,20.0,28.0
14,62,415.5,168.0,19.0,26.0
14,63,138.5,634.5,21.0,11.0
14,64,631.0,103.5,16.0,25.0
14,65,430.5,591.0,21.0,26.0
15,0,347.5,440.5,81.0,97.0
15,1,236.0,177.5,54.0,57.0
15,2,364.5,418.0,19.0,22.0
15,3,311.0,198.5,22.0,21.0
15,4,356.0,312.0,24.0,26.0
15,5,550.0,477.5,20.0,21.0
15,6,343.0,360.0,22.0,34.0
15,7,538.5,175.0,17.0,22.0
15,8,261.5,368.5,21.0,21.0
15,9,80.5,204.0,21.0,28.0
15,10,235.5,512.5,25.0,31.0
15,11,197.0,584.0,22.0,28.0
15,12,234.5,170.0,21.0,24.0
15,13,385.0,140.0,26.0,28.0
15,14,605.5,420.0,27.0,30.0
15,15,274.0,159.5,20.0,29.0
15,16,318.0,417.0,22.0,30.0
15,17,252.0,131.0,24.0,30.0
15,18,410.0,416.5,22.0,25.0
15,19,209.0,211.5,32.0,33.0
15,20,213.5,274.0,23.0,18.0
15,21,88.5,68.5,43.0,43.0
15,22,433.0,83.0,28.0,30.0
15,23,373.0,441.5,18.0,21.0
15,24,419.5,108.5,21.0,27.0
15,25,401.5,540.0,37.0,42.0
15,26,20.5,201.0,25.0,26.0
15,27,102.5,248.0,21.0,26.0
15,28,114.0,277.0,24.0,26.0
15,29,377.0,294.0,18.0,20.0
15,30,558.0,47.0,22.0,30.0
15,31,540.5,21.5,19.0,31.0
15,32,400.0,190.0,20.0,30.0
15,33,255.5,221.0,17.0,22.0
15,34,275.0,106.0,26.0,22.0
15,35,249.5,345.0,17.0,24.0
15,36,415.0,547.0,20.0,22.0
15,37,278.5,15.0,19.0,22.0
15,38,132.0,610.0,24.0,30.0
15,39,262.0,97.0,16.0,24.0
15,40,485.0,223.5,18.0,25.0
15,41,84.5,68.0,35.0,32.0
15,42,556.0,147.0,18.0,24.0
15,43,249.0,293.0,20.0,24.0
15,44,247.5,270.5,23.0,27.0
15,45,127.5,565.0,17.0,28.0
15,46,564.5,129.5,15.0,23.0
15,47,522.0,321.5,24.0,29.0
15,48,319.0,65.0,22.0,28.0
15,49,260.5,196.5,19.0,19.0
15,50,43.5,539.0,27.0,30.0
15,51,159.5,321.5,23.0,29.0
15,52,613.0,70.5,18.0,27.0
15,53,461.0,565.0,20.0,24.0
15,54,101.5,483.5,17.0,21.0
15,55,9.0,624.0,18.0,26.0
15,56,55.5,399.0,19.0,24.0
15,57,568.5,194.0,21.0,24.0
15,58,596.0,511.5,22.0,29.0
15,59,160.0,304.0,22.0,26.0
15,60,96.5,337.0,21.0,22.0
15,61,139.0,635.0,22.0,10.0
15,62,632.0,106.5,16.0,23.0
15,63,612.5,129.0,19.0,24.0
15,64,414.5,165.5,19.0,27.0
15,65,535.0,329.5,26.0,31.0
15,66,428.5,594.5,21.0,25.0
15,67,566.0,241.0,18.0,22.0
16,0,347.5,440.5,81.0,97.0
16,1,236.0,177.0,54.0,56.0
16,2,365.0,418.0,18.0,22.0
16,3,311.0,198.5,22.0,21.0
16,4,356.0,312.0,24.0,26.0
16,5,550.0,477.5,20.0,21.0
16,6,343.0,359.5,22.0,35.0
16,7,262.0,368.5,20.0,21.0
16,8,274.0,159.5,20.0,29.0
16,9,235.5,512.5,25.0,31.0
16,10,197.0,584.0,22.0,28.0
16,11,538.0,175.0,18.0,22.0
16,12,80.5,204.0,21.0,28.0
16,13,234.5,170.0,21.0,24.0
16,14,252.0,131.0,24.0,30.0
16,15,605.5,420.0,27.0,30.0
16,16,318.0,417.5,22.0,29.0
16,17,410.0,416.5,22.0,25.0
16,18,209.0,211.5,32.0,33.0
16,19,384.5,139.5,25.0,29.0
16,20,419.5,108.5,21.0,27.0
16,21,102.0,248.0,20.0,26.0
16,22,373.0,441.5,18.0,21.0
16,23,433.0,83.0,28.0,30.0
16,24,213.5,274.0,23.0,18.0
16,25,20.5,201.0,25.0,26.0
16,26,88.5,68.5,43.0,43.0
16,27,114.0,277.0,24.0,26.0
16,28,558.0,46.5,22.0,29.0
16,29,485.0,223.5,18.0,25.0
16,30,401.5,540.0,37.0,42.0
16,31,540.5,21.5,19.0,31.0
16,32,377.0,294.0,18.0,20.0
16,33,255.5,221.0,17.0,22.0
16,34,275.0,106.0,26.0,22.0
16,35,278.5,14.5,19.0,23.0
16,36,262.5,97.0,17.0,24.0
16,37,249.5,345.0,17.0,24.0
16,38,132.0,610.5,24.0,31.0
16,39,415.0,547.0,20.0,22.0
16,40,85.0,68.0,36.0,32.0
16,41,400.0,190.0,20.0,30.0
16,42,249.0,293.0,20.0,24.0
16,43,556.0,146.5,18.0,23.0
16,44,564.5,129.5,15.0,23.0
16,45,247.5,270.5,23.0,27.0
16,46,319.5,66.0,21.0,28.0
16,47,128.0,565.0,18.0,28.0
16,48,522.0,320.5,24.0,29.0
16,49,460.5,565.0,19.0,24.0
16,50,260.5,196.0,19.0,20.0
16,51,613.5,70.5,17.0,27.0
16,52,160.0,321.5,24.0,29.0
16,53,42.5,540.5,27.0,31.0
16,54,100.5,478.5,17.0,21.0
16,55,158.0,304.0,24.0,26.0
16,56,55.5,399.0,19.0,24.0
16,57,8.0,623.5,16.0,25.0
16,58,594.5,508.5,23.0,31.0
16,59,98.5,336.0,21.0,22.0
16,60,569.0,194.5,22.0,23.0
16,61,632.0,110.0,16.0,22.0
16,62,138.5,635.0,21.0,10.0
16,63,534.0,330.5,26.0,31.0
16,64,617.0,132.0,18.0,24.0
16,65,412.0,167.0,20.0,26.0
16,66,422.5,593.5,23.0,27.0
17,0,347.5,440.5,81.0,97.0
17,1,235.5,177.0,55.0,56.0
17,2,364.5,418.0,19.0,22.0
17,3,356.0,312.0,24.0,26.0
17,4,311.0,198.5,22.0,21.0
17,5,343.0,359.5,22.0,35.0
17,6,550.0,477.5,20.0,21.0
17,7,80.5,204.0,21.0,28.0
17,8,197.0,584.0,22.0,28.0
17,9,262.0,368.5,20.0,21.0
17,10,234.5,170.0,21.0,24.0
17,11,235.5,513.0,25.0,30.0
17,12,538.0,175.0,18.0,22.0
17,13,274.0,159.5,20.0,29.0
17,14,318.0,417.5,22.0,29.0
17,15,605.5,420.0,27.0,30.0
17,16,252.0,131.0,24.0,30.0
17,17,410.0,416.5,22.0,25.0
17,18,88.5,68.0,43.0,44.0
17,19,209.0,211.5,32.0,33.0
17,20,433.5,83.0,29.0,30.0
17,21,102.0,248.0,20.0,26.0
17,22,419.5,109.5,21.0,27.0
17,23,213.5,274.0,23.0,18.0
17,24,373.0,441.5,18.0,21.0
17,25,20.5,201.0,25.0,26.0
17,26,384.5,139.0,25.0,28.0
17,27,113.5,277.0,23.0,26.0
17,28,558.0,46.5,22.0,29.0
17,29,540.5,21.5,19.0,31.0
17,30,377.0,294.0,18.0,20.0
17,31,485.0,223.5,18.0,25.0
17,32,401.0,539.5,36.0,43.0
17,33,255.5,221.0,17.0,22.0
17,34,275.0,106.0,26.0,22.0
17,35,262.0,97.0,16.0,24.0
17,36,414.5,547.0,21.0,22.0
17,37,278.5,14.5,19.0,23.0
17,38,132.0,610.5,24.0,31.0
17,39,84.5,68.0,35.0,32.0
17,40,249.5,345.0,17.0,24.0
17,41,399.5,190.0,21.0,30.0
17,42,556.0,146.5,18.0,23.0
17,43,249.0,293.0,20.0,24.0
17,44,522.5,320.5,23.0,29.0
17,45,128.0,565.0,18.0,28.0
17,46,247.5,270.5,23.0,27.0
17,47,564.5,130.0,15.0,22.0
17,48,320.0,67.0,22.0,28.0
17,49,459.5,565.5,19.0,23.0
17,50,159.0,323.0,24.0,30.0
17,51,260.5,196.0,19.0,20.0
17,52,614.0,69.5,18.0,27.0
17,53,40.0,547.5,26.0,29.0
17,54,55.5,398.0,19.0,24.0
17,55,91.5,472.5,17.0,19.0
17,56,405.5,170.5,19.0,23.0
17,57,155.5,302.0,25.0,26.0
17,58,569.5,194.0,23.0,26.0
17,59,621.5,129.5,19.0,25.0
17,60,624.0,110.0,16.0,22.0
17,61,138.5,634.5,21.0,11.0
17,62,102.0,329.0,20.0,24.0
17,63,537.0,333.5,26.0,31.0
17,64,7.5,623.0,15.0,22.0
17,65,592.5,513.0,23.0,30.0
18,0,347.5,440.5,81.0,97.0
18,1,235.5,177.0,55.0,56.0
18,2,364.5,418.0,19.0,22.0
18,3,311.0,198.5,22.0,21.0
18,4,356.0,312.0,24.0,26.0
18,5,343.0,359.5,22.0,35.0
18,6,549.5,477.5,19.0,21.0
18,7,197.0,584.0,22.0,28.0
18,8,234.5,170.0,21.0,24.0
18,9,538.0,175.0,18.0,22.0
18,10,235.5,513.0,25.0,30.0
18,11,262.0,368.5,20.0,21.0
18,12,80.5,204.0,21.0,28.0
18,13,605.5,420.0,27.0,30.0
18,14,410.0,416.5,22.0,25.0
18,15,274.0,159.5,20.0,29.0
18,16,318.0,417.5,22.0,29.0
18,17,252.0,131.0,24.0,30.0
18,18,213.5,273.5,23.0,17.0
18,19,102.0,248.0,20.0,26.0
18,20,209.0,211.5,32.0,33.0
18,21,373.0,441.5,18.0,21.0
18,22,433.5,83.0,29.0,30.0
18,23,88.5,68.5,43.0,43.0
18,24,20.5,201.0,25.0,26.0
18,25,419.5,109.5,21.0,27.0
18,26,384.5,139.0,25.0,28.0
18,27,558.0,46.5,22.0,29.0
18,28,401.5,539.5,37.0,43.0
18,29,113.5,277.0,23.0,26.0
18,30,485.0,223.0,18.0,26.0
18,31,377.0,294.0,18.0,20.0
18,32,540.5,21.5,19.0,31.0
18,33,275.0,106.0,26.0,22.0
18,34,262.0,96.5,16.0,23.0
18,35,255.5,221.0,17.0,22.0
18,36,414.5,546.5,21.0,23.0
18,37,132.0,610.5,24.0,31.0
18,38,278.5,14.5,19.0,23.0
18,39,84.5,68.0,35.0,32.0
18,40,249.5,345.0,17.0,24.0
18,41,399.5,190.0,21.0,30.0
18,42,556.5,146.5,19.0,23.0
18,43,564.0,130.0,16.0,22.0
18,44,460.0,566.0,20.0,24.0
18,45,320.0,68.0,22.0,28.0
18,46,247.5,270.5,23.0,27.0
18,47,249.0,293.0,20.0,24.0
18,48,523.0,320.5,24.0,29.0
18,49,127.5,565.5,17.0,29.0
18,50,614.0,70.5,18.0,27.0
18,51,159.0,322.0,24.0,30.0
18,52,260.5,196.0,19.0,20.0
18,53,38.5,548.5,27.0,31.0
18,54,55.5,398.0,19.0,24.0
18,55,403.0,170.5,20.0,23.0
18,56,90.0,471.5,18.0,19.0
18,57,569.0,193.5,22.0,25.0
18,58,537.0,338.0,26.0,28.0
18,59,154.0,301.0,26.0,26.0
18,60,624.0,114.0,16.0,22.0
18,61,103.0,327.5,20.0,23.0
18,62,625.0,127.5,20.0,25.0
18,63,139.0,635.0,22.0,10.0
18,64,421.5,588.0,21.0,26.0
18,65,7.0,623.5,14.0,19.0
18,66,590.0,514.5,24.0,29.0
19,0,235.5,177.0,55.0,56.0
19,1,347.5,440.5,81.0,97.0
19,2,365.0,418.0,18.0,22.0
19,3,356.0,312.0,24.0,26.0
19,4,311.0,198.5,22.0,21.0
19,5,550.0,477.5,20.0,21.0
19,6,343.0,359.5,22.0,35.0
19,7,80.5,204.0,21.0,28.0
19,8,197.0,584.0,22.0,28.0
19,9,234.5,170.0,21.0,24.0
19,10,235.5,513.0,25.0,30.0
19,11,262.0,368.5,20.0,21.0
19,12,252.0,131.0,24.0,30.0
19,13,538.0,175.0,18.0,22.0
19,14,605.5,420.0,27.0,30.0
19,15,274.0,159.5,20.0,29.0
19,16,410.0,416.0,22.0,24.0
19,17,318.0,417.0,22.0,30.0
19,18,209.0,211.5,32.0,33.0
19,19,373.0,441.5,18.0,21.0
19,20,213.5,274.0,23.0,18.0
19,21,433.5,83.0,29.0,30.0
19,22,102.0,248.0,20.0,26.0
19,23,21.0,201.0,26.0,26.0
19,24,419.5,109.5,21.0,27.0
19,25,88.0,68.5,42.0,43.0
19,26,384.5,139.0,25.0,28.0
19,27,484.0,223.0,18.0,26.0
19,28,401.5,539.0,37.0,42.0
19,29,540.5,21.5,19.0,31.0
19,30,377.0,294.0,18.0,20.0
19,31,558.0,46.5,22.0,29.0
19,32,275.0,106.0,26.0,22.0
19,33,255.5,221.0,17.0,22.0
19,34,415.0,546.0,20.0,22.0
19,35,278.5,15.0,19.0,22.0
19,36,131.5,610.0,23.0,30.0
19,37,262.0,97.0,16.0,24.0
19,38,249.5,345.0,17.0,24.0
19,39,84.5,68.0,35.0,32.0
19,40,113.5,277.0,23.0,26.0
19,41,214.0,283.5,22.0,19.0
19,42,399.5,190.0,21.0,30.0
19,43,556.5,146.5,19.0,23.0
19,44,460.0,566.5,20.0,23.0
19,45,249.0,293.0,20.0,24.0
19,46,564.0,130.0,16.0,22.0
19,47,320.0,68.0,22.0,28.0
19,48,247.5,270.5,23.0,27.0
19,49,127.5,565.5,19.0,29.0
19,50,523.0,320.5,24.0,29.0
19,51,614.0,70.5,18.0,27.0
19,52,260.5,196.0,19.0,20.0
19,53,159.5,321.5,23.0,31.0
19,54,37.0,551.0,26.0,30.0
19,55,422.5,583.0,19.0,24.0
19,56,55.5,398.0,19.0,24.0
19,57,538.0,341.0,26.0,28.0
19,58,569.0,194.5,22.0,25.0
19,59,6.0,624.5,12.0,19.0
19,60,88.5,476.5,19.0,19.0
19,61,154.0,300.5,24.0,27.0
19,62,139.0,635.0,22.0,10.0
19,63,590.0,514.5,24.0,29.0
19,64,621.0,116.0,16.0,24.0
19,65,105.0,326.5,20.0,21.0
19,66,401.0,171.5,20.0,25.0
19,67,627.0,124.5,18.0,25.0
20,0,236.0,177.0,54.0,56.0
20,1,347.5,440.5,81.0,97.0
20,2,364.5,418.0,19.0,22.0
20,3,356.0,311.5,24.0,25.0
20,4,311.0,198.5,22.0,21.0
20,5,550.0,477.5,20.0,21.0
20,6,343.0,359.5,22.0,35.0
20,7,234.5,170.0,21.0,24.0
20,8,235.0,513.0,24.0,30.0
20,9,197.0,584.0,22.0,28.0
20,10,80.5,204.0,21.0,28.0
20,11,274.0,159.5,20.0,29.0
20,12,262.0,368.5,20.0,21.0
20,13,605.5,420.0,27.0,30.0
20,14,209.0,211.5,32.0,33.0
20,15,252.0,131.0,24.0,30.0
20,16,538.0,174.5,18.0,23.0
20,17,318.0,417.0,22.0,30.0
20,18,373.0,441.5,18.0,21.0
20,19,213.5,274.0,23.0,18.0
20,20,410.0,416.5,22.0,25.0
20,21,21.0,201.0,26.0,26.0
20,22,419.5,109.5,21.0,27.0
20,23,384.5,139.0,25.0,28.0
20,24,102.0,248.0,20.0,26.0
20,25,88.5,68.5,43.0,43.0
20,26,433.5,83.5,29.0,29.0
20,27,540.5,21.5,19.0,31.0
20,28,484.0,223.0,18.0,26.0
20,29,401.5,539.0,37.0,42.0
20,30,558.0,47.0,22.0,30.0
20,31,255.5,221.0,17.0,22.0
20,32,278.5,15.0,19.0,22.0
20,33,275.0,106.0,26.0,22.0
20,34,262.0,97.0,16.0,24.0
20,35,377.0,294.0,18.0,20.0
20,36,415.0,546.5,20.0,21.0
20,37,131.5,610.0,23.0,30.0
20,38,459.0,566.0,20.0,24.0
20,39,84.0,68.0,36.0,32.0
20,40,113.5,276.0,23.0,26.0
20,41,249.5,345.5,17.0,23.0
20,42,399.0,189.5,20.0,29.0
20,43,556.0,146.5,18.0,23.0
20,44,522.0,320.0,24.0,28.0
20,45,249.0,293.0,20.0,24.0
20,46,247.0,270.5,22.0,27.0
20,47,564.0,130.0,16.0,22.0
20,48,320.0,69.0,22.0,28.0
20,49,614.0,70.0,18.0,28.0
20,50,127.5,565.5,19.0,29.0
20,51,214.5,283.5,23.0,19.0
20,52,260.5,196.0,19.0,20.0
20,53,159.0,320.5,24.0,29.0
20,54,424.0,579.5,18.0,23.0
20,55,55.5,398.5,19.0,23.0
20,56,35.5,551.5,27.0,31.0
20,57,539.0,343.0,26.0,28.0
20,58,569.5,193.0,21.0,24.0
20,59,107.0,325.5,20.0,21.0
20,60,86.0,482.5,20.0,19.0
20,61,153.0,300.0,24.0,26.0
20,62,620.0,117.5,16.0,23.0
20,63,138.0,635.0,22.0,10.0
20,64,401.0,167.5,20.0,27.0
20,65,627.5,121.0,15.0,24.0
20,66,588.0,514.5,24.0,31.0
20,67,5.5,623.5,11.0,21.0
21,0,347.5,440.5,81.0,97.0
21,1,235.5,177.0,55.0,56.0
21,2,364.5,418.0,19.0,22.0
21,3,356.0,312.0,24.0,26.0
21,4,311.0,198.5,22.0,21.0
21,5,343.0,359.5,22.0,35.0
21,6,550.0,477.5,20.0,21.0
21,7,234.5,170.0,21.0,24.0
21,8,274.5,159.5,21.0,29.0
21,9,235.0,513.0,24.0,30.0
21,10,197.0,584.0,22.0,28.0
21,11,252.0,131.0,24.0,30.0
21,12,605.5,420.0,27.0,30.0
21,13,80.5,203.5,21.0,27.0
21,14,262.0,368.5,20.0,21.0
21,15,318.0,417.5,22.0,29.0
21,16,209.0,211.5,32.0,33.0
21,17,538.0,174.0,18.0,22.0
21,18,213.0,274.0,22.0,18.0
21,19,410.0,416.0,22.0,24.0
21,20,373.0,441.5,18.0,21.0
21,21,102.0,248.0,20.0,26.0
21,22,419.5,109.0,21.0,28.0
21,23,88.5,68.5,43.0,43.0
21,24,20.5,201.0,25.0,26.0
21,25,433.5,83.5,29.0,29.0
21,26,384.5,139.0,25.0,28.0
21,27,540.5,21.5,19.0,31.0
21,28,484.0,223.0,18.0,26.0
21,29,558.0,46.5,22.0,29.0
21,30,275.0,106.0,26.0,22.0
21,31,262.0,97.0,16.0,24.0
21,32,255.5,221.0,17.0,22.0
21,33,377.0,294.0,18.0,20.0
21,34,401.0,539.0,36.0,42.0
21,35,131.5,610.5,23.0,31.0
21,36,278.5,15.0,19.0,22.0
21,37,459.0,566.0,20.0,24.0
21,38,113.5,276.5,23.0,25.0
21,39,84.5,68.0,35.0,32.0
21,40,399.0,190.0,20.0,30.0
21,41,415.0,546.0,20.0,22.0
21,42,249.5,345.5,17.0,23.0
21,43,564.0,129.5,16.0,23.0
21,44,556.0,146.5,18.0,23.0
21,45,249.0,293.5,20.0,25.0
21,46,522.5,320.5,23.0,29.0
21,47,247.0,270.5,22.0,27.0
21,48,319.5,69.0,21.0,28.0
21,49,613.0,70.0,18.0,28.0
21,50,127.0,565.5,18.0,29.0
21,51,214.5,283.5,23.0,19.0
21,52,260.5,196.0,19.0,20.0
21,53,158.5,321.5,23.0,29.0
21,54,87.5,485.0,19.0,18.0
21,55,34.0,552.0,28.0,32.0
21,56,55.5,398.5,19.0,23.0
21,57,569.0,190.5,22.0,25.0
21,58,151.0,299.5,26.0,27.0
21,59,540.0,344.5,26.0,29.0
21,60,419.0,576.5,20.0,25.0
21,61,621.0,119.0,16.0,24.0
21,62,402.0,161.0,20.0,28.0
21,63,138.0,635.0,22.0,10.0
21,64,109.5,323.5,19.0,23.0
21,65,5.0,622.0,10.0,22.0
21,66,630.0,118.0,16.0,24.0
22,0,347.5,440.5,81.0,97.0
22,1,235.5,177.0,55.0,56.0
22,2,364.5,418.0,19.0,22.0
22,3,356.0,312.0,24.0,26.0
22,4,311.0,198.5,22.0,21.0
22,5,550.0,477.5,20.0,21.0
22,6,343.0,359.5,22.0,35.0
22,7,234.5,170.0,21.0,24.0
22,8,274.0,159.5,20.0,29.0
22,9,235.0,513.0,24.0,30.0
22,10,197.0,584.0,22.0,28.0
22,11,252.0,131.0,24.0,30.0
22,12,262.0,368.5,20.0,21.0
22,13,80.5,203.5,21.0,27.0
22,14,318.0,417.5,22.0,29.0
22,15,410.0,416.5,22.0,25.0
22,16,538.0,174.0,18.0,22.0
22,17,209.0,211.5,32.0,33.0
22,18,605.5,420.0,27.0,30.0
22,19,213.5,274.0,23.0,18.0
22,20,102.0,248.0,20.0,26.0
22,21,373.0,441.5,18.0,21.0
22,22,88.0,68.5,42.0,43.0
22,23,419.5,109.0,21.0,28.0
22,24,20.5,201.0,25.0,26.0
22,25,484.0,223.5,18.0,25.0
22,26,384.5,139.0,25.0,28.0
22,27,433.0,83.5,28.0,29.0
22,28,558.0,46.5,22.0,29.0
22,29,399.0,190.0,20.0,30.0
22,30,540.5,21.5,19.0,31.0
22,31,377.0,294.0,18.0,20.0
22,32,401.5,539.0,37.0,42.0
22,33,255.5,221.0,17.0,22.0
22,34,275.0,106.0,26.0,22.0
22,35,262.0,97.0,16.0,24.0
22,36,113.5,276.0,23.0,26.0
22,37,84.5,68.0,35.0,32.0
22,38,278.5,15.0,19.0,22.0
22,39,131.5,610.5,23.0,31.0
22,40,415.0,546.0,20.0,22.0
22,41,249.0,345.5,18.0,23.0
22,42,458.5,566.0,19.0,24.0
22,43,556.0,146.5,18.0,23.0
22,44,564.0,128.5,16.0,23.0
22,45,249.0,293.5,20.0,25.0
22,46,523.0,321.0,24.0,30.0
22,47,320.0,69.5,22.0,27.0
22,48,247.5,270.5,23.0,27.0
22,49,612.5,70.5,17.0,27.0
22,50,127.0,565.5,18.0,29.0
22,51,214.5,283.5,23.0,19.0
22,52,159.0,321.5,24.0,29.0
22,53,260.5,196.5,19.0,19.0
22,54,86.5,486.0,19.0,20.0
22,55,55.0,398.0,20.0,24.0
22,56,417.5,574.0,19.0,24.0
22,57,32.5,553.0,27.0,32.0
22,58,622.0,120.0,16.0,24.0
22,59,149.0,297.5,26.0,27.0
22,60,569.0,191.5,22.0,25.0
22,61,401.5,157.5,21.0,27.0
22,62,110.5,321.0,19.0,24.0
22,63,138.0,635.0,22.0,10.0
22,64,540.5,344.5,27.0,31.0
22,65,586.5,514.5,21.0,27.0
22,66,631.0,115.0,16.0,24.0
22,67,5.5,620.5,11.0,23.0
23,0,347.5,440.5,81.0,97.0
23,1,236.0,177.5,54.0,57.0
23,2,364.5,418.0,19.0,22.0
23,3,356.0,312.0,24.0,26.0
23,4,311.0,198.5,22.0,21.0
23,5,550.0,477.5,20.0,21.0
23,6,343.0,359.5,22.0,35.0
23,7,252.0,131.0,24.0,30.0
23,8,235.5,513.0,25.0,30.0
23,9,318.0,418.0,22.0,30.0
23,10,274.0,159.5,20.0,29.0
23,11,234.5,170.0,21.0,24.0
23,12,197.0,584.5,22.0,29.0
23,13,80.5,204.0,21.0,28.0
23,14,209.0,211.5,32.0,33.0
23,15,262.0,368.5,20.0,21.0
23,16,410.0,416.5,22.0,25.0
23,17,605.5,420.0,27.0,30.0
23,18,538.5,174.0,19.0,22.0
23,19,213.5,274.0,23.0,18.0
23,20,373.0,441.5,18.0,21.0
23,21,88.5,68.5,43.0,43.0
23,22,399.5,190.0,21.0,30.0
23,23,21.0,201.0,26.0,26.0
23,24,419.0,109.0,22.0,28.0
23,25,484.0,223.5,18.0,25.0
23,26,433.0,83.5,28.0,29.0
23,27,102.0,248.0,20.0,26.0
23,28,558.0,46.5,22.0,29.0
23,29,540.5,21.5,19.0,31.0
23,30,458.0,566.5,20.0,25.0
23,31,401.5,539.0,37.0,42.0
23,32,377.0,294.5,18.0,19.0
23,33,275.0,106.0,26.0,22.0
23,34,262.0,97.0,16.0,24.0
23,35,384.0,139.0,24.0,28.0
23,36,255.5,221.0,17.0,22.0
23,37,278.5,15.0,19.0,22.0
23,38,249.0,345.5,18.0,23.0
23,39,131.0,610.0,24.0,32.0
23,40,415.0,546.0,20.0,22.0
23,41,83.5,68.0,35.0,32.0
23,42,556.0,147.0,18.0,24.0
23,43,523.0,320.5,24.0,29.0
23,44,249.0,293.0,20.0,24.0
23,45,114.0,276.5,24.0,25.0
23,46,564.5,128.5,15.0,23.0
23,47,247.0,270.5,22.0,27.0
23,48,320.0,70.0,22.0,28.0
23,49,127.0,565.5,18.0,29.0
23,50,159.0,322.0,24.0,30.0
23,51,612.5,69.5,17.0,27.0
23,52,260.5,196.0,19.0,20.0
23,53,85.5,487.5,19.0,19.0
23,54,585.0,513.0,22.0,30.0
23,55,55.5,398.5,19.0,23.0
23,56,31.0,552.0,28.0,32.0
23,57,398.5,154.0,21.0,26.0
23,58,416.0,575.0,20.0,24.0
23,59,619.5,122.5,17.0,23.0
23,60,568.5,191.5,21.0,25.0
23,61,543.0,349.0,26.0,28.0
23,62,148.5,298.0,25.0,28.0
23,63,629.5,112.0,17.0,24.0
23,64,138.0,635.5,22.0,9.0
23,65,111.0,321.0,22.0,26.0
23,66,4.0,621.0,8.0,26.0
24,0,347.5,440.5,81.0,97.0
24,1,236.0,177.5,54.0,57.0
24,2,364.5,418.0,19.0,22.0
24,3,356.0,312.0,24.0,26.0
24,4,311.0,198.5,22.0,21.0
24,5,343.0,359.5,22.0,35.0
24,6,550.0,477.5,20.0,21.0
24,7,234.5,170.0,21.0,24.0
24,8,235.5,513.0,25.0,30.0
24,9,318.0,418.0,22.0,30.0
24,10,252.0,131.0,24.0,30.0
24,11,197.0,584.0,22.0,28.0
24,12,274.0,159.5,20.0,29.0
24,13,209.0,211.5,32.0,33.0
24,14,80.5,204.0,21.0,28.0
24,15,262.0,368.5,20.0,21.0
24,16,605.5,420.0,27.0,30.0
24,17,410.0,416.5,22.0,25.0
24,18,399.5,190.0,21.0,30.0
24,19,538.0,174.0,18.0,22.0
24,20,213.5,274.0,23.0,18.0
24,21,373.0,441.5,18.0,21.0
24,22,88.5,68.5,43.0,43.0
24,23,419.5,109.0,21.0,28.0
24,24,20.5,201.0,25.0,26.0
24,25,484.0,223.5,18.0,25.0
24,26,433.0,83.5,28.0,29.0
24,27,558.0,46.5,22.0,29.0
24,28,102.0,248.0,20.0,26.0
24,29,540.5,21.5,19.0,31.0
24,30,377.0,294.0,18.0,20.0
24,31,275.0,106.0,26.0,22.0
24,32,401.0,539.0,36.0,42.0
24,33,278.5,14.5,19.0,23.0
24,34,262.0,97.0,16.0,24.0
24,35,255.5,221.0,17.0,22.0
24,36,249.0,345.5,18.0,23.0
24,37,414.0,547.0,20.0,22.0
24,38,131.0,609.5,24.0,31.0
24,39,384.0,139.0,24.0,28.0
24,40,84.0,68.0,36.0,32.0
24,41,457.5,566.5,19.0,25.0
24,42,556.0,146.5,18.0,23.0
24,43,320.0,70.5,22.0,27.0
24,44,249.0,293.5,20.0,25.0
24,45,113.5,276.0,23.0,26.0
24,46,524.0,320.5,24.0,29.0
24,47,247.0,270.5,22.0,27.0
24,48,565.0,127.5,16.0,23.0
24,49,127.0,565.5,18.0,29.0
24,50,159.0,322.0,24.0,30.0
24,51,83.5,488.5,19.0,19.0
24,52,260.5,196.0,19.0,20.0
24,53,613.5,70.0,19.0,28.0
24,54,540.0,350.5,26.0,29.0
24,55,55.5,398.5,19.0,23.0
24,56,582.5,512.5,21.0,29.0
24,57,28.0,552.0,26.0,30.0
24,58,568.0,192.0,22.0,24.0
24,59,617.0,126.5,18.0,25.0
24,60,398.0,152.5,22.0,27.0
24,61,414.5,580.0,19.0,24.0
24,62,148.0,295.0,24.0,28.0
24,63,138.0,635.5,22.0,9.0
24,64,631.0,110.5,18.0,25.0
24,65,113.0,320.0,22.0,26.0
24,66,3.5,622.5,7.0,27.0
25,0,347.5,440.5,81.0,97.0
25,1,236.0,177.0,54.0,56.0
25,2,364.5,418.0,19.0,22.0
25,3,311.0,198.5,22.0,21.0
25,4,356.0,312.0,24.0,26.0
25,5,550.0,477.5,20.0,21.0
25,6,343.0,359.5,22.0,35.0
25,7,235.0,513.0,24.0,30.0
25,8,318.0,418.0,22.0,30.0
25,9,235.0,170.0,20.0,24.0
25,10,410.0,416.0,22.0,24.0
25,11,252.0,131.0,24.0,30.0
25,12,209.0,211.5,32.0,33.0
25,13,261.5,368.0,21.0,20.0
25,14,197.0,584.0,22.0,28.0
25,15,88.5,68.5,43.0,43.0
25,16,274.0,160.0,20.0,30.0
25,17,213.0,273.5,22.0,17.0
25,18,605.5,420.0,27.0,30.0
25,19,373.0,441.5,18.0,21.0
25,20,419.5,108.5,21.0,27.0
25,21,80.5,203.5,21.0,27.0
25,22,21.0,201.0,26.0,26.0
25,23,538.0,174.0,18.0,22.0
25,24,484.0,223.5,18.0,25.0
25,25,433.0,83.0,28.0,30.0
25,26,557.5,46.5,21.0,29.0
25,27,540.5,21.5,19.0,31.0
25,28,262.0,97.0,16.0,24.0
25,29,275.0,106.0,26.0,22.0
25,30,414.0,547.0,20.0,22.0
25,31,399.5,190.0,21.0,30.0
25,32,401.5,539.5,37.0,41.0
25,33,377.0,294.0,18.0,20.0
25,34,278.5,15.0,19.0,22.0
25,35,255.0,221.0,18.0,22.0
25,36,102.0,248.0,20.0,26.0
25,37,249.0,345.5,18.0,23.0
25,38,131.5,609.5,23.0,31.0
25,39,458.0,566.0,20.0,24.0
25,40,84.0,68.0,36.0,32.0
25,41,384.5,139.0,25.0,28.0
25,42,249.0,293.0,20.0,24.0
25,43,556.0,146.5,18.0,23.0
25,44,113.5,276.0,23.0,26.0
25,45,247.0,270.5,22.0,27.0
25,46,565.0,127.5,16.0,23.0
25,47,320.0,70.5,22.0,27.0
25,48,523.0,320.5,24.0,29.0
25,49,127.5,565.5,17.0,29.0
25,50,612.5,69.5,17.0,27.0
25,51,260.5,196.5,19.0,19.0
25,52,159.0,321.5,24.0,29.0
25,53,539.5,352.5,25.0,27.0
25,54,55.0,398.5,18.0,23.0
25,55,78.5,487.0,19.0,18.0
25,56,568.0,193.5,22.0,23.0
25,57,25.0,554.0,24.0,28.0
25,58,616.0,129.0,18.0,24.0
25,59,633.5,111.5,13.0,25.0
25,60,581.5,515.5,21.0,29.0
25,61,148.5,293.0,23.0,26.0
25,62,138.0,635.0,22.0,10.0
25,63,394.0,157.5,22.0,27.0
25,64,113.0,319.0,20.0,24.0
25,65,413.0,582.0,20.0,24.0
25,66,564.5,261.5,19.0,23.0
26,0,347.5,440.5,81.0,97.0
26,1,236.0,177.0,54.0,56.0
26,2,364.5,418.0,19.0,22.0
26,3,356.0,312.0,24.0,26.0
26,4,311.0,198.5,22.0,21.0
26,5,550.0,477.5,20.0,21.0
26,6,343.0,359.5,22.0,35.0
26,7,235.0,513.0,24.0,30.0
26,8,318.0,418.0,22.0,30.0
26,9,234.5,170.0,21.0,24.0
26,10,252.0,131.0,24.0,30.0
26,11,410.0,416.0,22.0,24.0
26,12,274.0,159.5,20.0,29.0
26,13,209.0,211.5,32.0,33.0
26,14,262.0,368.0,20.0,20.0
26,15,197.0,584.0,22.0,28.0
26,16,373.0,441.5,18.0,21.0
26,17,80.5,203.5,21.0,27.0
26,18,213.5,273.5,23.0,17.0
26,19,88.5,68.5,43.0,43.0
26,20,605.5,420.0,27.0,30.0
26,21,484.0,223.5,18.0,25.0
26,22,419.5,108.0,21.0,28.0
26,23,21.0,201.0,26.0,26.0
26,24,538.0,174.0,18.0,22.0
26,25,540.5,21.5,19.0,31.0
26,26,433.5,83.0,27.0,30.0
26,27,557.5,46.5,21.0,29.0
26,28,275.0,106.0,26.0,22.0
26,29,262.0,97.0,16.0,24.0
26,30,414.0,547.5,20.0,23.0
26,31,278.5,15.0,19.0,22.0
26,32,377.0,294.0,18.0,20.0
26,33,401.5,540.0,37.0,42.0
26,34,255.0,221.0,18.0,22.0
26,35,102.0,248.0,20.0,26.0
26,36,131.5,609.5,23.0,31.0
26,37,384.5,139.5,25.0,29.0
26,38,249.0,345.5,18.0,23.0
26,39,84.0,68.0,36.0,32.0
26,40,399.5,190.0,21.0,30.0
26,41,114.0,276.5,24.0,25.0
26,42,457.0,565.5,20.0,25.0
26,43,249.0,293.0,20.0,24.0
26,44,556.5,146.5,19.0,23.0
26,45,523.5,319.5,23.0,29.0
26,46,247.0,270.5,22.0,27.0
26,47,127.0,565.5,18.0,29.0
26,48,320.0,70.5,22.0,27.0
26,49,565.0,127.0,16.0,24.0
26,50,613.0,69.5,18.0,27.0
26,51,159.0,322.5,24.0,29.0
26,52,260.5,196.5,19.0,19.0
26,53,75.0,485.5,18.0,19.0
26,54,22.5,553.0,25.0,30.0
26,55,55.5,398.5,19.0,23.0
26,56,539.5,356.0,25.0,28.0
26,57,568.0,193.0,22.0,24.0
26,58,617.0,131.5,18.0,23.0
26,59,580.5,516.0,23.0,30.0
26,60,148.0,291.0,22.0,26.0
26,61,388.5,162.5,19.0,25.0
26,62,635.0,109.0,10.0,24.0
26,63,138.0,635.0,22.0,10.0
26,64,112.0,321.0,20.0,22.0
26,65,410.0,578.0,20.0,24.0
26,66,3.5,622.5,7.0,27.0
27,0,347.5,440.5,81.0,97.0
27,1,236.0,177.0,54.0,56.0
27,2,364.5,418.0,19.0,22.0
27,3,356.0,312.0,24.0,26.0
27,4,311.0,198.5,22.0,21.0
27,5,343.0,359.5,22.0,35.0
27,6,235.0,513.0,24.0,30.0
27,7,234.5,170.0,21.0,24.0
27,8,318.0,418.0,22.0,30.0
27,9,550.0,477.5,20.0,21.0
27,10,251.5,131.0,23.0,30.0
27,11,410.0,416.0,22.0,24.0
27,12,213.0,273.5,22.0,17.0
27,13,262.0,368.0,20.0,20.0
27,14,209.0,211.5,32.0,33.0
27,15,197.0,584.0,22.0,28.0
27,16,80.5,203.5,21.0,27.0
27,17,88.5,68.5,43.0,43.0
27,18,373.0,441.5,18.0,21.0
27,19,484.0,223.5,18.0,25.0
27,20,20.5,201.0,25.0,26.0
27,21,274.0,159.5,20.0,29.0
27,22,419.0,108.0,22.0,28.0
27,23,605.0,420.0,28.0,30.0
27,24,557.5,46.5,21.0,29.0
27,25,540.5,21.5,19.0,31.0
27,26,538.0,174.0,18.0,22.0
27,27,433.5,83.5,27.0,29.0
27,28,275.0,106.0,26.0,22.0
27,29,262.0,97.0,16.0,24.0
27,30,399.5,190.0,21.0,30.0
27,31,249.0,345.5,18.0,23.0
27,32,377.0,294.0,18.0,20.0
27,33,278.5,15.0,19.0,22.0
27,34,131.5,609.5,23.0,31.0
27,35,414.0,547.5,20.0,23.0
27,36,255.0,221.0,18.0,22.0
27,37,83.5,68.0,35.0,32.0
27,38,102.0,248.0,20.0,26.0
27,39,401.0,539.5,36.0,41.0
27,40,384.5,139.5,25.0,29.0
27,41,114.0,276.5,24.0,25.0
27,42,249.0,293.0,20.0,24.0
27,43,456.0,565.5,20.0,25.0
27,44,555.5,147.0,19.0,24.0
27,45,247.0,270.5,22.0,27.0
27,46,613.0,70.5,18.0,27.0
27,47,127.0,565.5,18.0,29.0
27,48,320.0,70.5,22.0,27.0
27,49,565.0,127.0,16.0,24.0
27,50,158.5,322.5,23.0,29.0
27,51,523.0,319.5,24.0,29.0
27,52,260.5,196.5,19.0,19.0
27,53,539.0,358.0,26.0,28.0
27,54,568.0,192.0,22.0,24.0
27,55,55.5,398.5,19.0,23.0
27,56,74.0,483.0,20.0,20.0
27,57,577.0,517.0,24.0,30.0
27,58,21.5,555.5,25.0,29.0
27,59,618.0,132.5,18.0,23.0
27,60,146.0,289.5,24.0,27.0
27,61,116.0,326.0,20.0,20.0
27,62,386.5,161.0,19.0,24.0
27,63,635.5,103.0,9.0,24.0
27,64,405.5,574.5,21.0,23.0
27,65,138.0,635.0,22.0,10.0
28,0,347.5,440.5,81.0,97.0
28,1,236.0,177.0,54.0,56.0
28,2,364.5,418.0,19.0,22.0
28,3,356.0,312.0,24.0,26.0
28,4,311.0,198.5,22.0,21.0
28,5,550.0,477.5,20.0,21.0
28,6,343.0,359.5,22.0,35.0
28,7,235.0,513.0,24.0,30.0
28,8,234.5,170.0,21.0,24.0
28,9,252.0,131.0,24.0,30.0
28,10,318.0,418.0,22.0,30.0
28,11,410.0,416.0,22.0,24.0
28,12,197.0,584.0,22.0,28.0
28,13,262.0,367.5,20.0,21.0
28,14,209.0,211.5,32.0,33.0
28,15,484.0,223.5,18.0,25.0
28,16,373.0,441.5,18.0,21.0
28,17,80.5,203.5,21.0,27.0
28,18,88.5,68.5,43.0,43.0
28,19,419.0,108.5,22.0,27.0
28,20,213.5,274.0,23.0,18.0
28,21,433.0,83.5,28.0,29.0
28,22,557.5,46.0,21.0,30.0
28,23,605.0,419.5,28.0,31.0
28,24,540.5,21.5,19.0,31.0
28,25,274.0,159.5,20.0,29.0
28,26,538.0,174.0,18.0,22.0
28,27,20.5,201.0,25.0,26.0
28,28,262.0,97.0,16.0,24.0
28,29,278.0,15.0,18.0,22.0
28,30,275.0,106.0,26.0,22.0
28,31,249.0,345.5,18.0,23.0
28,32,402.5,539.0,37.0,42.0
28,33,377.0,294.0,18.0,20.0
28,34,255.0,221.0,18.0,22.0
28,35,102.0,248.0,20.0,26.0
28,36,131.5,609.5,23.0,31.0
28,37,83.5,68.0,35.0,32.0
28,38,399.5,189.5,21.0,31.0
28,39,214.5,283.5,23.0,19.0
28,40,384.5,139.5,25.0,29.0
28,41,113.5,277.0,23.0,26.0
28,42,455.0,565.5,20.0,25.0
28,43,414.0,547.0,20.0,22.0
28,44,556.0,147.0,18.0,24.0
28,45,249.0,293.0,20.0,24.0
28,46,247.0,270.5,22.0,27.0
28,47,159.0,322.0,22.0,30.0
28,48,127.0,565.5,18.0,29.0
28,49,319.5,71.0,23.0,28.0
28,50,521.5,318.5,23.0,29.0
28,51,566.0,126.0,16.0,24.0
28,52,613.0,70.5,18.0,27.0
28,53,260.5,196.5,19.0,19.0
28,54,546.0,359.5,26.0,31.0
28,55,619.0,134.5,16.0,23.0
28,56,569.0,191.0,22.0,24.0
28,57,72.5,471.5,17.0,19.0
28,58,55.0,398.5,20.0,23.0
28,59,18.0,559.0,26.0,32.0
28,60,410.0,568.0,20.0,24.0
28,61,120.5,323.5,19.0,23.0
28,62,143.5,285.0,25.0,24.0
28,63,138.0,635.0,22.0,10.0
28,64,572.5,518.5,23.0,29.0
28,65,570.0,275.0,20.0,24.0
28,66,383.5,159.5,19.0,25.0
29,0,347.5,440.5,81.0,97.0
29,1,236.0,177.0,54.0,56.0
29,2,364.5,418.0,19.0,22.0
29,3,311.0,198.5,22.0,21.0
29,4,356.0,312.0,24.0,26.0
29,5,343.0,360.0,22.0,34.0
29,6,235.0,513.0,24.0,30.0
29,7,234.5,170.0,21.0,24.0
29,8,252.0,131.0,24.0,30.0
29,9,318.0,418.0,22.0,30.0
29,10,410.0,416.0,22.0,24.0
29,11,484.0,223.5,18.0,25.0
29,12,209.0,211.5,32.0,33.0
29,13,197.0,584.0,22.0,28.0
29,14,373.0,441.5,18.0,21.0
29,15,549.5,477.5,19.0,21.0
29,16,262.0,367.5,20.0,21.0
29,17,80.5,203.5,21.0,27.0
29,18,213.5,274.0,23.0,18.0
29,19,88.5,68.5,43.0,43.0
29,20,419.0,109.0,22.0,28.0
29,21,274.0,159.5,20.0,29.0
29,22,433.0,83.0,28.0,30.0
29,23,21.0,201.0,26.0,26.0
29,24,557.5,46.0,21.0,30.0
29,25,538.0,174.0,18.0,22.0
29,26,605.0,420.5,28.0,31.0
29,27,540.5,21.5,19.0,31.0
29,28,278.0,15.0,18.0,22.0
29,29,261.5,97.0,17.0,24.0
29,30,275.0,106.0,26.0,22.0
29,31,249.0,345.5,18.0,23.0
29,32,377.0,294.0,18.0,20.0
29,33,402.5,539.5,37.0,43.0
29,34,255.0,221.0,18.0,22.0
29,35,102.0,248.0,20.0,26.0
29,36,399.0,191.0,20.0,30.0
29,37,131.5,609.5,23.0,31.0
29,38,83.5,68.0,35.0,32.0
29,39,159.0,320.5,22.0,29.0
29,40,455.0,567.0,20.0,26.0
29,41,248.5,293.0,19.0,24.0
29,42,247.0,270.5,22.0,27.0
29,43,556.5,146.5,19.0,23.0
29,44,113.5,276.5,23.0,25.0
29,45,127.0,565.5,18.0,29.0
29,46,520.0,317.5,24.0,29.0
29,47,319.0,71.0,22.0,28.0
29,48,414.0,546.5,20.0,23.0
29,49,385.0,139.5,26.0,31.0
29,50,553.0,358.5,26.0,29.0
29,51,612.5,70.5,17.0,27.0
29,52,260.5,196.5,19.0,19.0
29,53,214.5,283.5,23.0,19.0
29,54,566.0,126.5,16.0,23.0
29,55,125.0,320.5,20.0,23.0
29,56,569.5,190.5,21.0,25.0
29,57,570.0,520.0,24.0,30.0
29,58,55.0,398.0,18.0,22.0
29,59,138.5,282.5,25.0,25.0
29,60,17.0,563.0,24.0,30.0
29,61,615.5,138.0,17.0,24.0
29,62,68.5,468.5,17.0,19.0
29,63,138.0,635.0,22.0,10.0
29,64,411.0,559.0,20.0,24.0
29,65,571.5,282.0,19.0,24.0
30,0,347.5,440.5,81.0,97.0
30,1,236.0,177.0,54.0,56.0
30,2,364.5,418.0,19.0,22.0
30,3,311.0,198.5,22.0,21.0
30,4,356.0,312.0,24.0,26.0
30,5,343.0,360.0,22.0,34.0
30,6,235.0,513.0,24.0,30.0
30,7,234.5,170.0,21.0,24.0
30,8,252.0,131.5,24.0,29.0
30,9,318.0,418.0,22.0,30.0
30,10,410.0,416.0,22.0,24.0
30,11,549.5,477.5,19.0,21.0
30,12,197.0,584.0,22.0,28.0
30,13,262.0,367.5,20.0,21.0
30,14,209.0,211.5,32.0,33.0
30,15,419.0,109.0,22.0,28.0
30,16,484.0,223.0,18.0,26.0
30,17,373.0,441.5,18.0,21.0
30,18,80.5,203.5,21.0,27.0
30,19,213.5,274.0,23.0,18.0
30,20,433.0,83.0,28.0,30.0
30,21,274.0,159.5,20.0,29.0
30,22,88.5,68.5,43.0,43.0
30,23,557.5,46.0,21.0,30.0
30,24,20.5,201.0,25.0,26.0
30,25,605.0,420.0,28.0,30.0
30,26,538.0,174.0,18.0,22.0
30,27,398.5,190.5,21.0,29.0
30,28,540.5,21.5,19.0,31.0
30,29,278.5,15.0,19.0,22.0
30,30,275.0,106.0,26.0,22.0
30,31,262.0,97.0,16.0,24.0
30,32,249.0,345.5,18.0,23.0
30,33,402.5,539.5,37.0,43.0
30,34,377.0,294.0,18.0,20.0
30,35,255.0,221.0,18.0,22.0
30,36,102.0,248.0,20.0,26.0
30,37,131.5,609.5,23.0,31.0
30,38,84.0,68.0,36.0,32.0
30,39,159.0,321.5,22.0,29.0
30,40,454.5,567.5,19.0,25.0
30,41,556.5,146.0,19.0,24.0
30,42,248.5,293.0,19.0,24.0
30,43,247.0,270.5,22.0,27.0
30,44,384.5,139.5,27.0,31.0
30,45,414.5,547.0,21.0,24.0
30,46,127.0,565.5,18.0,29.0
30,47,113.5,276.5,23.0,25.0
30,48,521.0,318.0,24.0,30.0
30,49,317.5,70.0,23.0,28.0
30,50,260.5,196.0,19.0,20.0
30,51,214.5,283.5,23.0,19.0
30,52,566.0,125.0,16.0,24.0
30,53,613.0,69.5,18.0,27.0
30,54,138.0,280.0,24.0,26.0
30,55,569.5,191.0,21.0,24.0
30,56,54.5,397.5,19.0,23.0
30,57,555.5,362.5,27.0,31.0
30,58,125.0,317.5,20.0,23.0
30,59,568.0,522.5,24.0,29.0
30,60,12.5,562.0,23.0,28.0
30,61,66.5,467.0,17.0,20.0
30,62,613.5,142.0,17.0,24.0
30,63,138.0,635.0,22.0,10.0
30,64,405.5,557.0,21.0,28.0
31,0,347.5,440.5,81.0,97.0
31,1,236.0,177.0,54.0,56.0
31,2,364.5,418.0,19.0,22.0
31,3,311.0,198.5,22.0,21.0
31,4,356.0,312.0,24.0,26.0
31,5,343.0,360.0,22.0,34.0
31,6,235.0,513.0,24.0,30.0
31,7,549.5,477.5,19.0,21.0
31,8,318.0,418.0,22.0,30.0
31,9,234.5,170.0,21.0,24.0
31,10,410.0,416.5,22.0,25.0
31,11,251.5,131.0,25.0,30.0
31,12,197.0,584.0,22.0,28.0
31,13,398.5,190.0,21.0,30.0
31,14,419.0,109.0,22.0,28.0
31,15,262.0,367.5,20.0,21.0
31,16,209.0,211.5,32.0,33.0
31,17,373.0,441.5,18.0,21.0
31,18,484.0,223.0,18.0,26.0
31,19,433.0,83.0,28.0,30.0
31,20,80.5,203.5,21.0,27.0
31,21,213.5,274.0,23.0,18.0
31,22,88.5,68.5,43.0,43.0
31,23,274.0,159.5,20.0,29.0
31,24,557.5,46.0,21.0,30.0
31,25,21.0,201.0,26.0,26.0
31,26,605.0,420.0,28.0,30.0
31,27,540.5,21.5,19.0,31.0
31,28,402.0,539.5,38.0,43.0
31,29,278.5,15.0,19.0,22.0
31,30,262.0,97.0,16.0,24.0
31,31,275.0,106.0,26.0,22.0
31,32,249.0,345.5,18.0,23.0
31,33,538.0,174.0,18.0,22.0
31,34,377.0,294.0,18.0,20.0
31,35,255.0,221.0,18.0,22.0
31,36,102.0,248.0,20.0,26.0
31,37,131.0,609.5,24.0,31.0
31,38,83.5,68.0,35.0,32.0
31,39,214.0,283.5,22.0,19.0
31,40,159.0,321.0,22.0,28.0
31,41,454.5,568.5,19.0,25.0
31,42,555.5,146.0,19.0,24.0
31,43,247.0,270.5,22.0,27.0
31,44,248.5,293.5,19.0,25.0
31,45,112.5,276.0,23.0,26.0
31,46,414.0,546.5,20.0,23.0
31,47,383.5,139.5,27.0,31.0
31,48,127.0,565.5,18.0,29.0
31,49,521.5,318.0,25.0,30.0
31,50,613.0,70.0,18.0,26.0
31,51,260.5,196.0,19.0,20.0
31,52,566.5,124.0,15.0,24.0
31,53,12.0,562.5,24.0,31.0
31,54,315.5,67.0,21.0,28.0
31,55,569.5,191.5,21.0,25.0
31,56,55.0,398.5,20.0,23.0
31,57,126.5,314.5,21.0,23.0
31,58,138.0,278.5,24.0,27.0
31,59,614.0,148.0,18.0,24.0
31,60,565.5,523.5,23.0,29.0
31,61,555.0,364.5,26.0,31.0
31,62,66.5,470.5,17.0,19.0
31,63,138.0,635.0,22.0,10.0
31,64,404.5,557.5,21.0,27.0
32,0,347.5,440.5,81.0,97.0
32,1,236.0,177.0,54.0,56.0
32,2,364.5,418.0,19.0,22.0
32,3,550.0,477.5,20.0,21.0
32,4,311.0,198.5,22.0,21.0
32,5,356.0,312.0,24.0,26.0
32,6,343.0,360.0,22.0,34.0
32,7,235.5,513.0,25.0,30.0
32,8,234.5,170.0,21.0,24.0
32,9,318.0,418.0,22.0,30.0
32,10,410.0,416.5,22.0,25.0
32,11,251.0,131.0,24.0,30.0
32,12,197.0,584.0,22.0,28.0
32,13,261.0,367.5,20.0,21.0
32,14,419.0,109.5,22.0,27.0
32,15,209.0,211.5,32.0,33.0
32,16,484.0,223.0,18.0,26.0
32,17,398.5,190.0,21.0,30.0
32,18,373.0,441.5,18.0,21.0
32,19,89.5,69.0,43.0,44.0
32,20,80.5,203.5,21.0,27.0
32,21,433.0,83.0,28.0,30.0
32,22,213.5,274.0,23.0,18.0
32,23,274.0,159.5,20.0,29.0
32,24,557.5,46.0,21.0,30.0
32,25,20.5,201.0,25.0,26.0
32,26,540.5,21.5,19.0,31.0
32,27,605.0,419.5,28.0,31.0
32,28,262.0,97.5,16.0,23.0
32,29,275.0,106.0,26.0,22.0
32,30,278.5,15.0,19.0,22.0
32,31,102.0,248.0,20.0,26.0
32,32,401.5,539.0,37.0,42.0
32,33,249.0,345.5,18.0,23.0
32,34,377.0,294.0,18.0,20.0
32,35,538.0,174.0,18.0,22.0
32,36,255.5,221.0,17.0,22.0
32,37,83.5,68.0,35.0,32.0
32,38,131.0,609.5,24.0,31.0
32,39,113.0,276.0,24.0,26.0
32,40,555.5,146.0,19.0,24.0
32,41,247.0,270.5,22.0,27.0
32,42,248.5,294.0,19.0,24.0
32,43,453.5,569.5,19.0,25.0
32,44,159.0,321.0,22.0,30.0
32,45,414.0,546.0,20.0,22.0
32,46,127.0,565.5,18.0,29.0
32,47,520.5,317.5,25.0,29.0
32,48,613.0,70.5,18.0,27.0
32,49,566.5,124.0,15.0,24.0
32,50,214.5,283.5,23.0,19.0
32,51,260.5,196.0,19.0,20.0
32,52,313.5,65.5,21.0,27.0
32,53,11.0,563.0,22.0,30.0
32,54,381.5,139.5,27.0,31.0
32,55,569.5,192.0,21.0,24.0
32,56,55.5,399.5,19.0,23.0
32,57,137.0,278.0,24.0,26.0
32,58,127.5,314.5,21.0,23.0
32,59,66.0,478.0,18.0,20.0
32,60,553.5,364.5,27.0,29.0
32,61,615.0,149.5,18.0,23.0
32,62,138.0,635.0,22.0,10.0
32,63,563.5,525.0,21.0,30.0
32,64,400.5,564.0,21.0,26.0
33,0,347.5,440.5,81.0,97.0
33,1,236.0,177.0,54.0,56.0
33,2,364.5,418.0,19.0,22.0
33,3,311.0,198.5,22.0,21.0
33,4,356.0,312.0,24.0,26.0
33,5,343.0,360.0,22.0,34.0
33,6,550.0,477.5,20.0,21.0
33,7,235.0,513.0,24.0,30.0
33,8,318.0,418.0,22.0,30.0
33,9,197.0,584.5,22.0,27.0
33,10,410.0,416.0,22.0,24.0
33,11,234.5,170.0,21.0,24.0
33,12,261.0,367.5,20.0,21.0
33,13,398.5,189.0,21.0,30.0
33,14,251.0,131.5,24.0,29.0
33,15,209.0,211.5,32.0,33.0
33,16,80.5,203.5,21.0,27.0
33,17,419.0,109.5,22.0,27.0
33,18,89.5,69.0,43.0,44.0
33,19,484.0,223.0,18.0,26.0
33,20,373.0,441.5,18.0,21.0
33,21,433.0,83.0,28.0,30.0
33,22,213.5,274.0,23.0,18.0
33,23,557.5,46.0,21.0,30.0
33,24,274.0,159.5,20.0,29.0
33,25,20.5,201.0,25.0,26.0
33,26,540.5,21.5,19.0,31.0
33,27,261.5,98.0,17.0,24.0
33,28,278.5,15.0,19.0,22.0
33,29,275.0,106.0,26.0,22.0
33,30,102.0,248.0,20.0,26.0
33,31,377.0,294.0,18.0,20.0
33,32,605.0,419.5,28.0,31.0
33,33,249.0,345.5,18.0,23.0
33,34,538.0,174.0,18.0,22.0
33,35,255.5,221.0,17.0,22.0
33,36,83.5,68.0,35.0,32.0
33,37,401.5,539.0,37.0,42.0
33,38,131.0,609.5,24.0,31.0
33,39,555.5,146.0,19.0,24.0
33,40,414.0,546.5,20.0,23.0
33,41,246.5,270.5,23.0,27.0
33,42,248.5,293.5,19.0,25.0
33,43,158.5,321.5,23.0,29.0
33,44,612.0,70.0,18.0,26.0
33,45,453.5,569.5,19.0,25.0
33,46,383.5,139.0,27.0,30.0
33,47,127.0,565.0,18.0,28.0
33,48,520.5,318.5,25.0,29.0
33,49,112.5,276.0,23.0,26.0
33,50,566.5,123.5,15.0,23.0
33,51,214.5,283.5,23.0,19.0
33,52,260.5,196.0,19.0,20.0
33,53,65.5,481.5,19.0,21.0
33,54,312.5,63.5,21.0,27.0
33,55,569.5,192.0,21.0,24.0
33,56,10.5,565.0,21.0,30.0
33,57,553.0,366.5,26.0,29.0
33,58,55.0,400.0,20.0,24.0
33,59,131.0,315.5,22.0,25.0
33,60,136.0,276.0,24.0,26.0
33,61,612.5,151.0,17.0,24.0
33,62,561.0,523.5,22.0,29.0
33,63,138.0,635.0,22.0,10.0
33,64,398.0,569.5,20.0,23.0
33,65,563.5,290.0,19.0,24.0
34,0,347.5,440.5,81.0,97.0
34,1,236.0,177.0,54.0,56.0
34,2,364.5,418.0,19.0,22.0
34,3,311.0,199.0,22.0,22.0
34,4,550.0,477.5,20.0,21.0
34,5,356.0,311.5,24.0,25.0
34,6,343.0,360.0,22.0,34.0
34,7,235.0,513.0,24.0,30.0
34,8,318.0,418.0,22.0,30.0
34,9,234.5,170.0,21.0,24.0
34,10,261.0,367.5,20.0,21.0
34,11,410.0,416.5,22.0,25.0
34,12,197.0,584.0,22.0,28.0
34,13,398.5,188.5,21.0,31.0
34,14,80.5,203.5,21.0,27.0
34,15,209.0,211.5,32.0,33.0
34,16,484.0,223.5,18.0,25.0
34,17,251.0,131.5,24.0,29.0
34,18,89.5,68.5,43.0,43.0
34,19,419.0,108.5,22.0,27.0
34,20,213.5,274.0,23.0,18.0
34,21,373.0,441.5,18.0,21.0
34,22,433.5,82.0,27.0,30.0
34,23,20.5,201.0,25.0,26.0
34,24,557.5,46.0,21.0,30.0
34,25,605.0,419.5,28.0,31.0
34,26,540.5,21.5,19.0,31.0
34,27,274.0,159.5,20.0,29.0
34,28,278.0,15.0,18.0,22.0
34,29,275.0,106.0,26.0,22.0
34,30,377.0,294.0,18.0,20.0
34,31,261.5,98.0,17.0,24.0
34,32,538.0,174.0,18.0,22.0
34,33,255.5,221.0,17.0,22.0
34,34,83.0,68.0,36.0,32.0
34,35,249.0,345.5,18.0,23.0
34,36,383.0,138.5,26.0,29.0
34,37,102.0,248.0,20.0,26.0
34,38,401.5,540.5,39.0,43.0
34,39,131.5,609.5,23.0,31.0
34,40,247.0,270.5,22.0,27.0
34,41,158.5,321.0,23.0,28.0
34,42,555.5,146.5,19.0,25.0
34,43,453.0,568.0,20.0,26.0
34,44,248.5,294.0,19.0,24.0
34,45,127.0,565.5,18.0,29.0
34,46,414.0,547.0,20.0,24.0
34,47,113.5,276.5,23.0,25.0
34,48,522.5,320.5,25.0,29.0
34,49,567.5,192.0,21.0,24.0
34,50,214.5,283.5,23.0,19.0
34,51,566.5,124.0,15.0,24.0
34,52,260.5,196.0,19.0,20.0
34,53,613.0,69.5,18.0,27.0
34,54,545.0,364.0,26.0,30.0
34,55,58.5,486.0,19.0,20.0
34,56,309.0,60.0,20.0,28.0
34,57,367.5,158.0,23.0,24.0
34,58,55.5,399.5,19.0,25.0
34,59,131.5,269.0,23.0,28.0
34,60,557.0,533.0,24.0,32.0
34,61,135.0,306.5,22.0,23.0
34,62,618.0,163.5,18.0,23.0
34,63,7.0,572.5,14.0,33.0
34,64,138.0,635.0,22.0,10.0
35,0,347.5,440.5,81.0,97.0
35,1,236.0,177.0,54.0,56.0
35,2,364.5,418.0,19.0,22.0
35,3,311.0,198.5,22.0,21.0
35,4,550.0,477.5,20.0,21.0
35,5,356.0,311.5,24.0,25.0
35,6,235.0,513.0,24.0,30.0
35,7,343.0,360.0,22.0,34.0
35,8,318.0,418.0,22.0,30.0
35,9,398.5,188.0,21.0,30.0
35,10,234.5,170.0,21.0,24.0
35,11,261.0,367.5,20.0,21.0
35,12,196.5,584.0,23.0,28.0
35,13,410.0,416.5,22.0,25.0
35,14,80.5,203.5,21.0,27.0
35,15,251.0,131.5,24.0,29.0
35,16,209.0,211.5,32.0,33.0
35,17,89.0,68.5,44.0,43.0
35,18,373.0,441.5,18.0,21.0
35,19,484.0,223.5,18.0,25.0
35,20,213.5,274.0,23.0,18.0
35,21,433.5,82.0,27.0,30.0
35,22,419.0,108.0,22.0,28.0
35,23,557.5,46.0,21.0,30.0
35,24,20.5,201.5,25.0,27.0
35,25,605.0,419.5,28.0,31.0
35,26,540.5,21.5,19.0,31.0
35,27,278.0,15.0,18.0,22.0
35,28,377.0,294.0,18.0,20.0
35,29,274.5,159.5,21.0,29.0
35,30,261.5,98.0,17.0,24.0
35,31,275.0,106.0,26.0,22.0
35,32,537.5,174.0,19.0,22.0
35,33,255.5,221.0,17.0,22.0
35,34,82.5,68.0,35.0,32.0
35,35,249.0,345.5,18.0,23.0
35,36,401.0,540.5,38.0,43.0
35,37,383.5,138.5,25.0,29.0
35,38,132.5,609.5,23.0,31.0
35,39,113.0,276.5,24.0,25.0
35,40,102.0,248.0,20.0,26.0
35,41,452.5,568.0,19.0,26.0
35,42,247.0,270.5,22.0,27.0
35,43,555.5,146.5,19.0,25.0
35,44,248.5,294.0,19.0,24.0
35,45,414.0,547.0,20.0,24.0
35,46,158.5,321.5,23.0,29.0
35,47,126.0,566.5,18.0,29.0
35,48,521.5,320.5,25.0,29.0
35,49,566.5,124.0,15.0,24.0
35,50,214.5,283.5,23.0,19.0
35,51,613.0,69.5,18.0,27.0
35,52,260.5,196.0,19.0,20.0
35,53,57.0,486.5,18.0,21.0
35,54,566.0,191.5,22.0,25.0
35,55,545.0,363.5,26.0,29.0
35,56,365.5,158.5,23.0,25.0
35,57,308.5,59.5,21.0,27.0
35,58,56.0,400.0,20.0,26.0
35,59,136.0,305.5,22.0,25.0
35,60,618.0,166.5,16.0,23.0
35,61,130.5,268.0,23.0,28.0
35,62,400.0,548.0,22.0,24.0
35,63,6.5,578.5,13.0,29.0
35,64,555.5,532.0,23.0,32.0
35,65,138.0,635.0,22.0,10.0
36,0,347.5,440.5,81.0,97.0
36,1,236.0,177.0,54.0,56.0
36,2,364.5,418.0,19.0,22.0
36,3,550.0,477.5,20.0,21.0
36,4,311.0,199.0,22.0,22.0
36,5,235.0,513.0,24.0,30.0
36,6,398.5,188.0,21.0,30.0
36,7,318.0,418.0,22.0,30.0
36,8,343.0,360.0,22.0,34.0
36,9,356.0,312.0,24.0,26.0
36,10,261.0,367.5,20.0,21.0
36,11,196.5,584.0,23.0,28.0
36,12,410.0,416.5,22.0,25.0
36,13,235.0,170.0,20.0,24.0
36,14,209.0,211.5,32.0,33.0
36,15,251.0,131.5,24.0,29.0
36,16,88.5,68.5,43.0,43.0
36,17,419.0,109.0,22.0,28.0
36,18,373.0,441.5,18.0,21.0
36,19,80.5,203.5,21.0,27.0
36,20,434.0,82.0,28.0,30.0
36,21,20.5,201.0,25.0,26.0
36,22,557.5,46.0,21.0,30.0
36,23,484.0,223.5,18.0,25.0
36,24,605.0,419.5,28.0,31.0
36,25,213.5,273.5,23.0,17.0
36,26,540.0,21.5,18.0,31.0
36,27,537.5,174.0,19.0,22.0
36,28,377.0,294.0,18.0,20.0
36,29,383.5,139.5,25.0,29.0
36,30,402.0,540.5,38.0,43.0
36,31,275.0,106.0,26.0,22.0
36,32,278.5,15.0,19.0,22.0
36,33,274.5,159.5,21.0,29.0
36,34,261.5,98.0,17.0,24.0
36,35,255.5,221.0,17.0,22.0
36,36,83.5,68.0,35.0,32.0
36,37,249.0,345.5,18.0,23.0
36,38,452.5,567.5,19.0,25.0
36,39,132.5,609.0,23.0,30.0
36,40,414.0,547.0,20.0,24.0
36,41,247.0,270.5,22.0,27.0
36,42,555.5,146.0,19.0,24.0
36,43,102.0,248.0,20.0,26.0
36,44,248.5,293.5,19.0,25.0
36,45,157.5,322.5,23.0,29.0
36,46,612.0,69.5,18.0,27.0
36,47,126.0,566.5,18.0,29.0
36,48,112.5,277.0,23.0,24.0
36,49,566.5,123.5,15.0,23.0
36,50,522.0,319.5,24.0,29.0
36,51,260.5,196.0,19.0,20.0
36,52,565.5,191.0,21.0,24.0
36,53,544.5,360.0,27.0,30.0
36,54,308.5,59.5,21.0,27.0
36,55,55.5,397.0,21.0,26.0
36,56,362.5,160.0,23.0,24.0
36,57,59.0,479.5,18.0,21.0
36,58,128.0,266.5,24.0,27.0
36,59,135.5,298.0,19.0,26.0
36,60,613.0,172.0,18.0,22.0
36,61,553.5,536.0,23.0,30.0
36,62,138.0,635.0,22.0,10.0
37,0,347.5,440.5,81.0,97.0
37,1,236.0,177.0,54.0,56.0
37,2,364.5,418.0,19.0,22.0
37,3,550.0,477.5,20.0,21.0
37,4,318.0,418.0,22.0,30.0
37,5,235.0,513.5,24.0,31.0
37,6,356.0,312.0,24.0,26.0
37,7,311.0,199.0,22.0,22.0
37,8,343.0,359.5,22.0,35.0
37,9,398.0,188.0,20.0,30.0
37,10,234.5,170.0,21.0,24.0
37,11,261.0,368.0,20.0,20.0
37,12,209.0,211.5,32.0,33.0
37,13,88.5,69.0,43.0,44.0
37,14,251.0,131.5,24.0,29.0
37,15,410.0,416.5,22.0,25.0
37,16,484.0,223.5,18.0,25.0
37,17,196.0,584.0,22.0,28.0
37,18,433.5,82.0,29.0,30.0
37,19,373.0,441.5,18.0,21.0
37,20,419.0,110.0,22.0,28.0
37,21,557.5,46.0,21.0,30.0
37,22,20.5,201.0,25.0,26.0
37,23,214.0,274.0,22.0,18.0
37,24,383.5,139.5,25.0,29.0
37,25,377.0,294.0,18.0,20.0
37,26,540.5,21.5,19.0,31.0
37,27,82.5,68.0,35.0,32.0
37,28,80.5,203.5,21.0,27.0
37,29,262.0,97.5,16.0,23.0
37,30,278.0,15.0,18.0,22.0
37,31,275.0,106.0,26.0,22.0
37,32,452.0,567.5,18.0,25.0
37,33,255.5,221.0,17.0,22.0
37,34,605.0,419.5,28.0,31.0
37,35,414.5,546.0,21.0,24.0
37,36,538.0,174.0,18.0,22.0
37,37,249.0,345.0,18.0,24.0
37,38,275.0,159.5,20.0,29.0
37,39,132.5,609.0,23.0,30.0
37,40,401.5,539.0,37.0,42.0
37,41,214.5,283.5,23.0,19.0
37,42,246.5,271.0,23.0,26.0
37,43,102.5,248.0,21.0,26.0
37,44,248.5,293.5,19.0,25.0
37,45,612.0,68.0,18.0,28.0
37,46,126.0,566.0,18.0,28.0
37,47,555.0,146.5,18.0,25.0
37,48,113.5,276.5,23.0,25.0
37,49,522.0,319.5,24.0,29.0
37,50,567.0,123.5,16.0,23.0
37,51,260.5,196.0,19.0,20.0
37,52,157.5,321.5,23.0,29.0
37,53,55.0,395.5,20.0,25.0
37,54,69.0,472.5,18.0,19.0
37,55,309.5,61.5,21.0,27.0
37,56,544.5,359.0,27.0,30.0
37,57,564.5,191.0,21.0,24.0
37,58,610.0,183.5,16.0,23.0
37,59,353.0,162.5,20.0,25.0
37,60,123.5,259.5,21.0,27.0
37,61,142.5,300.5,23.0,25.0
37,62,377.5,549.5,21.0,21.0
37,63,567.5,315.0,21.0,28.0
37,64,548.5,539.0,23.0,32.0
37,65,138.0,635.0,22.0,10.0
38,0,235.5,177.5,55.0,55.0
38,1,348.0,441.0,80.0,98.0
38,2,364.5,418.0,19.0,22.0
38,3,358.0,313.0,24.0,26.0
38,4,235.0,511.5,24.0,31.0
38,5,311.0,197.5,22.0,19.0
38,6,104.0,248.0,20.0,26.0
38,7,167.0,323.0,24.0,30.0
38,8,411.5,416.5,23.0,25.0
38,9,213.5,210.5,31.0,33.0
38,10,373.0,441.5,18.0,21.0
38,11,438.0,84.0,28.0,30.0
38,12,256.0,131.0,24.0,30.0
38,13,88.5,70.5,35.0,31.0
38,14,81.0,204.5,20.0,27.0
38,15,319.0,415.0,22.0,30.0
38,16,343.0,360.5,22.0,35.0
38,17,213.5,274.0,23.0,18.0
38,18,275.5,106.0,27.0,22.0
38,19,378.0,295.0,18.0,20.0
38,20,137.5,611.5,21.0,29.0
38,21,402.0,540.0,38.0,42.0
38,22,234.5,170.0,21.0,24.0
38,23,541.5,20.0,19.0,32.0
38,24,388.5,141.5,25.0,23.0
38,25,20.5,201.5,25.0,27.0
38,26,342.5,76.0,23.0,28.0
38,27,404.5,193.5,21.0,31.0
38,28,56.5,401.0,23.0,32.0
38,29,117.0,276.0,24.0,26.0
38,30,274.0,161.0,20.0,30.0
38,31,249.5,269.5,23.0,27.0
38,32,89.0,69.5,42.0,45.0
38,33,467.5,536.5,17.0,27.0
38,34,420.0,107.5,22.0,27.0
38,35,605.5,418.5,27.0,31.0
38,36,263.0,198.0,20.0,18.0
38,37,255.0,222.0,18.0,22.0
38,38,488.0,222.5,20.0,25.0
38,39,255.0,344.0,18.0,24.0
38,40,558.5,142.0,19.0,24.0
38,41,132.0,564.0,18.0,30.0
38,42,253.0,295.5,20.0,23.0
38,43,559.5,47.5,21.0,29.0
38,44,537.5,191.0,25.0,22.0
38,45,262.0,94.0,16.0,22.0
38,46,279.0,15.0,20.0,24.0
38,47,551.0,337.0,22.0,22.0
38,48,215.0,284.0,22.0,20.0
38,49,258.0,367.0,22.0,22.0
38,50,200.0,584.5,22.0,29.0
38,51,420.5,546.5,19.0,21.0
38,52,548.5,477.5,19.0,21.0
38,53,615.5,74.0,19.0,28.0
38,54,406.5,541.5,23.0,25.0
38,55,566.5,129.5,15.0,23.0
38,56,590.5,185.0,23.0,26.0
38,57,611.0,164.5,20.0,27.0
38,58,76.0,134.0,22.0,36.0
38,59,588.0,258.0,18.0,20.0
38,60,236.0,374.5,26.0,27.0
38,61,530.0,451.0,22.0,30.0
38,62,211.0,627.5,18.0,23.0
38,63,613.0,311.0,20.0,24.0
38,64,332.0,452.0,24.0,28.0
38,65,143.5,637.0,19.0,6.0
39,0,347.5,440.5,81.0,97.0
39,1,236.0,177.0,54.0,56.0
39,2,364.5,418.0,19.0,22.0
39,3,550.0,478.0,20.0,22.0
39,4,343.0,359.5,22.0,35.0
39,5,234.5,513.5,25.0,31.0
39,6,311.0,198.5,22.0,21.0
39,7,356.0,311.5,24.0,25.0
39,8,251.0,131.0,24.0,30.0
39,9,398.0,188.0,20.0,30.0
39,10,234.5,170.0,21.0,24.0
39,11,318.0,417.5,22.0,31.0
39,12,261.0,368.0,20.0,22.0
39,13,410.0,416.5,22.0,25.0
39,14,209.0,211.5,32.0,33.0
39,15,434.0,82.0,28.0,30.0
39,16,419.0,110.0,22.0,28.0
39,17,88.5,68.5,43.0,43.0
39,18,196.0,584.0,22.0,28.0
39,19,21.0,201.0,26.0,26.0
39,20,373.0,441.5,18.0,21.0
39,21,80.5,203.5,21.0,27.0
39,22,557.5,45.5,21.0,29.0
39,23,82.5,68.0,35.0,32.0
39,24,383.5,139.0,25.0,28.0
39,25,541.0,21.5,18.0,31.0
39,26,213.5,274.0,23.0,18.0
39,27,484.0,223.5,18.0,25.0
39,28,377.0,294.0,18.0,20.0
39,29,605.0,419.5,28.0,31.0
39,30,274.0,159.5,20.0,29.0
39,31,275.0,106.0,26.0,22.0
39,32,277.5,15.0,19.0,22.0
39,33,262.0,97.0,16.0,24.0
39,34,255.5,221.0,17.0,22.0
39,35,249.0,345.0,18.0,24.0
39,36,451.5,567.5,17.0,25.0
39,37,400.5,539.5,37.0,43.0
39,38,538.0,174.0,18.0,22.0
39,39,132.5,609.5,23.0,31.0
39,40,414.5,546.0,21.0,24.0
39,41,246.5,270.5,23.0,27.0
39,42,248.5,293.5,19.0,25.0
39,43,554.5,146.0,19.0,24.0
39,44,612.0,67.5,18.0,29.0
39,45,113.5,277.0,23.0,26.0
39,46,126.5,566.0,19.0,30.0
39,47,103.0,248.0,20.0,26.0
39,48,567.5,123.5,15.0,23.0
39,49,522.0,319.0,24.0,28.0
39,50,260.5,196.0,19.0,20.0
39,51,157.5,321.0,23.0,30.0
39,52,70.5,471.0,17.0,20.0
39,53,54.5,395.5,21.0,25.0
39,54,310.5,62.5,21.0,27.0
39,55,565.0,191.5,22.0,25.0
39,56,545.5,357.5,27.0,31.0
39,57,609.0,186.5,16.0,23.0
39,58,145.0,302.5,22.0,25.0
39,59,350.5,162.5,21.0,25.0
39,60,121.0,259.0,22.0,28.0
39,61,546.0,535.0,22.0,30.0
39,62,138.0,635.0,22.0,10.0
39,63,378.0,546.0,20.0,24.0
39,64,570.0,319.0,20.0,24.0
40,0,347.5,440.5,81.0,97.0
40,1,235.5,177.0,55.0,56.0
40,2,364.5,418.0,19.0,22.0
40,3,550.0,478.0,20.0,22.0
40,4,251.0,131.0,24.0,30.0
40,5,343.0,359.5,22.0,35.0
40,6,356.0,312.0,24.0,26.0
40,7,318.0,418.0,22.0,30.0
40,8,234.5,513.5,25.0,31.0
40,9,261.0,368.0,20.0,22.0
40,10,410.0,416.5,22.0,25.0
40,11,234.5,170.0,21.0,24.0
40,12,208.5,211.5,31.0,33.0
40,13,419.0,110.5,22.0,29.0
40,14,88.5,68.5,43.0,43.0
40,15,398.0,188.0,20.0,30.0
40,16,383.5,140.0,25.0,30.0
40,17,213.5,274.5,23.0,17.0
40,18,373.0,441.5,18.0,21.0
40,19,484.0,223.5,18.0,25.0
40,20,20.5,201.0,25.0,26.0
40,21,82.5,68.0,35.0,32.0
40,22,433.0,82.0,28.0,30.0
40,23,557.5,46.0,21.0,30.0
40,24,311.0,199.0,22.0,22.0
40,25,540.5,21.5,19.0,31.0
40,26,277.5,15.0,19.0,22.0
40,27,80.5,203.0,21.0,28.0
40,28,196.0,584.0,22.0,28.0
40,29,605.0,419.5,28.0,31.0
40,30,450.5,567.5,17.0,25.0
40,31,377.0,294.0,18.0,20.0
40,32,262.0,97.0,16.0,24.0
40,33,275.0,106.0,26.0,22.0
40,34,255.5,221.0,17.0,22.0
40,35,249.0,345.0,18.0,24.0
40,36,538.0,174.0,18.0,22.0
40,37,112.0,276.5,24.0,27.0
40,38,413.5,546.5,21.0,25.0
40,39,274.5,159.5,21.0,29.0
40,40,132.5,609.5,23.0,31.0
40,41,612.0,67.0,18.0,28.0
40,42,246.5,270.5,23.0,27.0
40,43,554.5,146.0,19.0,24.0
40,44,400.5,540.0,37.0,42.0
40,45,248.0,293.5,20.0,25.0
40,46,126.0,566.5,18.0,29.0
40,47,567.0,123.5,16.0,23.0
40,48,311.0,65.5,22.0,27.0
40,49,102.0,248.0,20.0,26.0
40,50,521.5,318.0,23.0,28.0
40,51,260.5,196.0,19.0,20.0
40,52,565.0,192.0,22.0,26.0
40,53,156.5,322.0,23.0,30.0
40,54,53.5,396.5,21.0,25.0
40,55,61.0,451.0,16.0,20.0
40,56,613.5,189.5,17.0,23.0
40,57,543.5,355.0,27.0,30.0
40,58,155.5,299.0,21.0,26.0
40,59,118.0,259.0,24.0,28.0
40,60,373.5,548.5,21.0,25.0
40,61,341.0,165.0,22.0,26.0
40,62,541.5,540.5,23.0,33.0
40,63,138.0,634.5,22.0,11.0
41,0,347.5,440.5,81.0,97.0
41,1,235.5,177.5,55.0,57.0
41,2,364.5,418.0,19.0,22.0
41,3,550.0,478.0,20.0,22.0
41,4,343.0,360.0,22.0,34.0
41,5,251.0,131.5,24.0,31.0
41,6,383.5,139.5,25.0,29.0
41,7,234.5,513.5,25.0,31.0
41,8,356.0,312.0,24.0,26.0
41,9,318.0,418.0,22.0,30.0
41,10,261.0,368.0,20.0,22.0
41,11,208.5,211.5,31.0,33.0
41,12,234.5,170.0,21.0,24.0
41,13,410.0,416.5,22.0,25.0
41,14,88.5,68.5,43.0,43.0
41,15,418.5,110.5,23.0,29.0
41,16,21.0,201.0,26.0,26.0
41,17,373.0,441.5,18.0,21.0
41,18,397.5,188.0,21.0,30.0
41,19,484.0,223.5,18.0,25.0
41,20,213.5,274.5,23.0,17.0
41,21,557.5,46.0,21.0,30.0
41,22,311.0,198.5,22.0,21.0
41,23,433.5,82.0,29.0,30.0
41,24,82.5,68.0,35.0,32.0
41,25,80.5,203.0,21.0,28.0
41,26,541.0,21.5,18.0,31.0
41,27,277.5,15.0,19.0,22.0
41,28,196.0,584.0,22.0,28.0
41,29,262.0,97.0,16.0,24.0
41,30,605.0,419.5,28.0,31.0
41,31,377.0,294.0,18.0,20.0
41,32,275.0,106.0,26.0,22.0
41,33,450.0,566.5,16.0,25.0
41,34,255.5,221.0,17.0,22.0
41,35,249.0,345.0,18.0,24.0
41,36,112.0,277.0,24.0,26.0
41,37,538.0,174.0,18.0,22.0
41,38,274.5,159.5,21.0,29.0
41,39,133.0,609.5,22.0,31.0
41,40,414.0,546.0,20.0,24.0
41,41,246.5,270.5,23.0,27.0
41,42,248.0,293.0,20.0,24.0
41,43,554.5,146.5,19.0,25.0
41,44,401.0,539.5,38.0,43.0
41,45,612.0,67.5,18.0,27.0
41,46,126.0,566.5,18.0,29.0
41,47,521.0,318.0,24.0,28.0
41,48,566.5,123.5,15.0,23.0
41,49,157.0,323.0,22.0,30.0
41,50,311.0,66.5,22.0,27.0
41,51,565.0,192.0,22.0,26.0
41,52,260.5,196.0,19.0,20.0
41,53,102.0,247.5,20.0,25.0
41,54,54.0,395.5,20.0,25.0
41,55,58.5,451.0,17.0,20.0
41,56,541.5,355.5,27.0,29.0
41,57,340.5,167.5,23.0,25.0
41,58,157.0,301.0,22.0,26.0
41,59,615.0,194.0,16.0,24.0
41,60,539.5,543.0,23.0,32.0
41,61,116.0,257.5,24.0,29.0
41,62,138.0,635.0,22.0,10.0
41,63,373.0,553.5,20.0,25.0
42,0,347.5,440.5,81.0,97.0
42,1,235.5,177.5,55.0,57.0
42,2,364.5,418.0,19.0,22.0
42,3,550.0,478.5,20.0,21.0
42,4,434.0,82.0,28.0,30.0
42,5,251.0,131.5,24.0,31.0
42,6,343.0,360.0,22.0,34.0
42,7,234.5,513.5,25.0,31.0
42,8,318.0,418.0,22.0,30.0
42,9,261.0,368.0,20.0,22.0
42,10,208.5,211.5,31.0,33.0
42,11,410.5,416.5,23.0,25.0
42,12,356.0,312.0,24.0,26.0
42,13,234.5,170.0,21.0,24.0
42,14,397.5,188.0,21.0,30.0
42,15,88.0,68.5,42.0,43.0
42,16,484.0,223.5,18.0,25.0
42,17,419.0,110.0,22.0,28.0
42,18,213.5,274.5,23.0,17.0
42,19,311.0,199.0,22.0,22.0
42,20,20.5,201.0,25.0,26.0
42,21,80.5,203.0,21.0,28.0
42,22,82.5,68.0,35.0,32.0
42,23,373.0,441.5,18.0,21.0
42,24,557.5,46.0,21.0,30.0
42,25,196.0,584.0,22.0,28.0
42,26,540.5,21.5,19.0,31.0
42,27,277.5,15.0,19.0,22.0
42,28,262.0,97.5,16.0,23.0
42,29,377.0,294.0,18.0,20.0
42,30,275.0,106.0,26.0,22.0
42,31,604.5,419.5,27.0,31.0
42,32,255.5,221.0,17.0,22.0
42,33,383.0,139.5,26.0,31.0
42,34,249.0,345.0,18.0,24.0
42,35,449.0,564.0,18.0,26.0
42,36,538.0,174.0,18.0,22.0
42,37,274.5,159.5,21.0,29.0
42,38,132.5,609.5,23.0,31.0
42,39,521.5,318.0,23.0,28.0
42,40,414.0,547.0,20.0,24.0
42,41,246.5,270.5,23.0,27.0
42,42,612.0,68.0,18.0,28.0
42,43,248.0,293.5,20.0,25.0
42,44,554.5,146.5,19.0,23.0
42,45,126.0,566.5,18.0,29.0
42,46,402.0,540.0,38.0,42.0
42,47,112.0,275.5,24.0,27.0
42,48,567.0,123.5,16.0,23.0
42,49,312.0,67.5,22.0,27.0
42,50,565.0,193.0,22.0,26.0
42,51,157.0,323.0,22.0,30.0
42,52,260.5,195.5,19.0,19.0
42,53,101.5,248.0,21.0,26.0
42,54,53.5,459.5,17.0,19.0
42,55,533.0,359.5,26.0,29.0
42,56,54.0,398.0,20.0,26.0
42,57,165.5,300.0,21.0,26.0
42,58,113.5,251.5,23.0,27.0
42,59,537.5,544.5,23.0,31.0
42,60,367.5,551.5,21.0,27.0
42,61,138.0,635.0,22.0,10.0
42,62,616.0,198.0,14.0,22.0
42,63,339.5,163.0,21.0,26.0
43,0,347.5,440.5,81.0,97.0
43,1,235.5,177.5,55.0,57.0
43,2,364.5,418.0,19.0,22.0
43,3,251.0,131.5,24.0,31.0
43,4,343.0,360.0,22.0,34.0
43,5,550.0,478.0,20.0,22.0
43,6,318.0,418.0,22.0,30.0
43,7,234.5,513.5,25.0,31.0
43,8,261.0,368.0,20.0,22.0
43,9,356.0,312.0,24.0,26.0
43,10,208.5,211.5,31.0,33.0
43,11,234.5,170.0,21.0,24.0
43,12,311.0,199.0,22.0,22.0
43,13,410.5,416.5,23.0,25.0
43,14,213.5,274.5,23.0,17.0
43,15,397.5,188.0,21.0,30.0
43,16,484.0,223.5,18.0,25.0
43,17,419.0,110.0,22.0,28.0
43,18,88.0,68.5,42.0,43.0
43,19,80.5,203.0,21.0,28.0
43,20,373.0,441.5,18.0,21.0
43,21,21.0,201.0,26.0,26.0
43,22,82.5,68.0,35.0,32.0
43,23,433.5,82.0,29.0,30.0
43,24,557.5,46.0,21.0,30.0
43,25,196.0,584.0,22.0,28.0
43,26,277.5,15.0,19.0,22.0
43,27,540.5,21.5,19.0,31.0
43,28,261.5,97.5,17.0,23.0
43,29,377.0,294.0,18.0,20.0
43,30,255.5,221.0,17.0,22.0
43,31,275.0,106.0,26.0,22.0
43,32,382.5,140.5,25.0,31.0
43,33,604.5,419.5,27.0,31.0
43,34,274.5,159.5,21.0,29.0
43,35,449.0,565.0,18.0,26.0
43,36,538.0,174.0,18.0,22.0
43,37,249.0,345.0,18.0,24.0
43,38,133.0,609.0,22.0,30.0
43,39,414.0,546.5,20.0,25.0
43,40,612.0,67.0,18.0,28.0
43,41,246.5,270.5,23.0,27.0
43,42,521.5,317.5,23.0,29.0
43,43,554.5,146.5,19.0,23.0
43,44,248.0,293.5,20.0,25.0
43,45,126.0,566.5,18.0,29.0
43,46,401.5,540.0,37.0,42.0
43,47,312.0,68.0,22.0,28.0
43,48,113.0,276.0,24.0,26.0
43,49,567.5,123.5,15.0,23.0
43,50,157.5,323.0,23.0,30.0
43,51,260.5,195.5,19.0,19.0
43,52,55.0,463.0,18.0,20.0
43,53,565.0,193.0,22.0,26.0
43,54,530.5,361.0,27.0,30.0
43,55,53.5,397.0,21.0,26.0
43,56,101.5,247.0,21.0,26.0
43,57,112.0,251.0,24.0,28.0
43,58,537.0,546.5,22.0,31.0
43,59,167.5,299.5,21.0,25.0
43,60,366.5,550.5,19.0,25.0
43,61,138.5,635.0,21.0,10.0
44,0,347.5,440.5,81.0,97.0
44,1,235.5,177.5,55.0,57.0
44,2,364.5,418.0,19.0,22.0
44,3,251.0,131.5,24.0,31.0
44,4,343.0,360.0,22.0,34.0
44,5,234.5,513.5,25.0,31.0
44,6,550.0,478.0,20.0,22.0
44,7,318.0,418.0,22.0,30.0
44,8,356.0,312.0,24.0,26.0
44,9,397.5,188.0,21.0,30.0
44,10,261.0,368.0,20.0,22.0
44,11,410.5,416.5,23.0,25.0
44,12,234.5,170.0,21.0,24.0
44,13,208.5,211.5,31.0,33.0
44,14,311.0,199.0,22.0,22.0
44,15,213.5,274.5,23.0,17.0
44,16,88.0,68.5,42.0,43.0
44,17,419.0,110.0,22.0,28.0
44,18,373.0,441.5,18.0,21.0
44,19,20.5,201.0,25.0,26.0
44,20,484.0,223.5,18.0,25.0
44,21,433.0,82.0,28.0,30.0
44,22,80.5,203.0,21.0,28.0
44,23,82.5,68.0,35.0,32.0
44,24,196.0,584.0,22.0,28.0
44,25,557.5,46.0,21.0,30.0
44,26,277.5,15.0,19.0,22.0
44,27,540.5,21.5,19.0,31.0
44,28,382.5,141.0,25.0,32.0
44,29,261.5,97.5,17.0,23.0
44,30,274.0,159.5,20.0,29.0
44,31,255.5,221.0,17.0,22.0
44,32,275.0,106.0,26.0,22.0
44,33,377.0,294.0,18.0,20.0
44,34,604.5,419.5,27.0,31.0
44,35,449.5,567.0,17.0,26.0
44,36,249.0,345.0,18.0,24.0
44,37,538.0,174.0,18.0,22.0
44,38,133.0,609.0,22.0,30.0
44,39,414.0,546.0,20.0,24.0
44,40,401.0,539.0,38.0,42.0
44,41,113.0,275.5,24.0,25.0
44,42,246.5,270.5,23.0,27.0
44,43,554.5,146.5,19.0,23.0
44,44,612.0,67.5,18.0,29.0
44,45,248.0,293.0,20.0,24.0
44,46,126.0,566.5,18.0,29.0
44,47,521.5,317.5,23.0,29.0
44,48,312.0,68.5,22.0,27.0
44,49,567.5,123.5,15.0,23.0
44,50,156.5,323.0,23.0,30.0
44,51,260.5,196.0,19.0,20.0
44,52,55.5,465.5,17.0,19.0
44,53,527.5,363.0,27.0,30.0
44,54,565.0,192.5,22.0,25.0
44,55,53.5,397.5,21.0,25.0
44,56,101.5,247.0,21.0,26.0
44,57,168.5,302.0,21.0,24.0
44,58,366.5,548.5,19.0,25.0
44,59,112.5,249.0,23.0,30.0
44,60,138.5,635.0,21.0,10.0
44,61,533.5,548.5,23.0,33.0
44,62,610.0,204.0,16.0,24.0
44,63,571.5,337.5,21.0,25.0
44,64,341.0,148.0,20.0,24.0
45,0,235.5,177.5,55.0,55.0
45,1,348.0,440.5,80.0,97.0
45,2,364.5,418.0,19.0,22.0
45,3,358.0,313.0,24.0,26.0
45,4,311.0,197.5,22.0,19.0
45,5,167.0,323.5,24.0,29.0
45,6,104.0,248.0,20.0,26.0
45,7,373.0,441.5,18.0,21.0
45,8,235.5,511.5,25.0,31.0
45,9,411.5,416.5,23.0,25.0
45,10,256.0,131.0,24.0,30.0
45,11,213.0,210.5,32.0,33.0
45,12,81.5,205.0,21.0,28.0
45,13,438.0,84.0,28.0,30.0
45,14,213.5,274.0,23.0,18.0
45,15,343.0,360.5,22.0,35.0
45,16,88.0,70.5,36.0,31.0
45,17,137.5,612.0,21.0,30.0
45,18,275.5,106.0,27.0,22.0
45,19,378.0,295.0,18.0,20.0
45,20,402.0,540.0,38.0,42.0
45,21,234.5,169.5,21.0,25.0
45,22,541.5,20.0,19.0,32.0
45,23,319.0,415.5,22.0,31.0
45,24,342.5,75.5,23.0,27.0
45,25,21.0,201.5,26.0,27.0
45,26,404.5,193.5,21.0,31.0
45,27,606.5,419.0,27.0,30.0
45,28,388.5,141.5,25.0,23.0
45,29,274.0,161.0,20.0,30.0
45,30,56.5,401.5,23.0,33.0
45,31,420.0,107.5,22.0,27.0
45,32,117.0,276.0,24.0,26.0
45,33,255.0,222.0,18.0,22.0
45,34,89.5,70.0,41.0,44.0
45,35,468.0,537.0,18.0,28.0
45,36,250.0,269.5,24.0,27.0
45,37,263.0,198.5,20.0,19.0
45,38,558.5,142.5,19.0,23.0
45,39,133.0,564.0,18.0,30.0
45,40,488.0,222.5,20.0,25.0
45,41,253.0,295.5,20.0,23.0
45,42,559.5,47.5,21.0,29.0
45,43,537.0,190.5,26.0,21.0
45,44,262.0,93.5,16.0,21.0
45,45,254.0,344.0,18.0,24.0
45,46,279.5,14.5,19.0,25.0
45,47,215.0,284.0,22.0,20.0
45,48,549.0,477.0,18.0,20.0
45,49,200.0,584.5,22.0,27.0
45,50,420.5,546.5,19.0,21.0
45,51,616.5,74.0,19.0,28.0
45,52,258.0,367.0,22.0,22.0
45,53,592.0,185.5,24.0,25.0
45,54,550.5,338.0,23.0,22.0
45,55,407.0,541.5,22.0,27.0
45,56,566.5,129.5,15.0,23.0
45,57,76.0,128.5,22.0,33.0
45,58,613.0,168.5,20.0,25.0
45,59,587.5,256.0,17.0,20.0
45,60,236.0,376.0,26.0,28.0
45,61,531.5,448.0,23.0,30.0
45,62,209.5,632.0,17.0,16.0
45,63,329.0,449.5,24.0,27.0
45,64,611.0,310.0,20.0,24.0
45,65,142.5,637.0,19.0,6.0
46,0,347.5,440.5,81.0,97.0
46,1,235.5,177.0,55.0,56.0
46,2,364.5,418.0,19.0,22.0
46,3,550.0,478.0,20.0,20.0
46,4,343.0,360.0,22.0,34.0
46,5,234.5,513.5,25.0,31.0
46,6,251.0,131.5,24.0,31.0
46,7,234.5,170.0,21.0,24.0
46,8,356.0,312.0,24.0,26.0
46,9,261.0,367.5,20.0,21.0
46,10,213.5,274.5,23.0,17.0
46,11,483.5,223.5,17.0,25.0
46,12,397.5,188.5,21.0,31.0
46,13,318.0,418.0,22.0,30.0
46,14,373.0,441.5,18.0,21.0
46,15,88.0,68.5,42.0,43.0
46,16,410.5,416.5,23.0,25.0
46,17,209.0,211.5,32.0,33.0
46,18,80.5,203.0,21.0,28.0
46,19,419.0,110.0,22.0,28.0
46,20,20.5,201.0,25.0,26.0
46,21,311.0,199.0,22.0,22.0
46,22,277.5,15.0,19.0,22.0
46,23,557.5,46.0,21.0,30.0
46,24,82.0,68.0,36.0,32.0
46,25,434.0,81.5,28.0,31.0
46,26,196.0,584.0,22.0,28.0
46,27,540.5,21.5,19.0,31.0
46,28,255.0,221.0,18.0,22.0
46,29,262.0,97.0,16.0,24.0
46,30,521.5,318.5,23.0,29.0
46,31,377.0,294.0,18.0,20.0
46,32,383.0,140.5,26.0,31.0
46,33,275.0,106.0,26.0,22.0
46,34,249.0,345.5,18.0,23.0
46,35,112.0,276.5,24.0,25.0
46,36,133.0,609.0,22.0,30.0
46,37,274.5,159.0,21.0,30.0
46,38,612.0,67.0,18.0,28.0
46,39,400.5,539.5,37.0,43.0
46,40,447.5,565.0,17.0,26.0
46,41,604.0,418.5,28.0,31.0
46,42,538.0,174.0,18.0,22.0
46,43,554.0,146.0,20.0,24.0
46,44,312.5,70.0,21.0,28.0
46,45,248.0,293.0,20.0,24.0
46,46,413.0,547.0,20.0,24.0
46,47,246.5,270.5,23.0,27.0
46,48,567.0,124.0,16.0,24.0
46,49,126.0,566.5,18.0,29.0
46,50,156.0,324.0,24.0,30.0
46,51,260.5,195.5,19.0,19.0
46,52,516.0,373.5,26.0,29.0
46,53,101.5,248.0,21.0,26.0
46,54,564.0,191.5,22.0,25.0
46,55,53.5,398.0,21.0,26.0
46,56,58.5,474.5,17.0,21.0
46,57,326.0,153.5,22.0,27.0
46,58,107.0,237.0,22.0,28.0
46,59,357.5,545.5,19.0,25.0
46,60,523.0,550.0,24.0,30.0
46,61,138.5,635.0,21.0,10.0
46,62,614.5,220.0,15.0,22.0
46,63,572.0,349.0,22.0,26.0
47,0,347.5,440.5,81.0,97.0
47,1,235.5,177.5,55.0,57.0
47,2,364.5,418.0,19.0,22.0
47,3,550.0,478.0,20.0,20.0
47,4,343.0,359.5,22.0,35.0
47,5,251.0,131.5,24.0,31.0
47,6,234.5,514.0,25.0,30.0
47,7,234.5,170.0,21.0,24.0
47,8,261.0,368.0,20.0,22.0
47,9,356.0,312.0,24.0,26.0
47,10,318.0,418.0,22.0,30.0
47,11,208.5,211.5,31.0,33.0
47,12,483.0,223.5,18.0,25.0
47,13,397.5,188.5,21.0,31.0
47,14,410.5,416.5,23.0,25.0
47,15,214.0,274.5,22.0,17.0
47,16,88.0,68.5,42.0,43.0
47,17,311.0,199.0,22.0,22.0
47,18,21.0,201.0,26.0,26.0
47,19,419.0,110.0,22.0,28.0
47,20,373.0,441.5,18.0,21.0
47,21,80.5,203.0,21.0,28.0
47,22,277.5,15.0,19.0,22.0
47,23,557.5,46.0,21.0,30.0
47,24,434.0,81.5,28.0,31.0
47,25,82.0,68.0,36.0,32.0
47,26,540.5,21.5,19.0,31.0
47,27,196.0,584.0,22.0,28.0
47,28,383.5,141.0,25.0,32.0
47,29,255.0,221.0,18.0,22.0
47,30,262.0,97.5,16.0,23.0
47,31,275.0,106.0,26.0,22.0
47,32,377.0,294.0,18.0,20.0
47,33,522.0,318.0,24.0,30.0
47,34,249.0,345.5,18.0,23.0
47,35,113.0,275.5,24.0,25.0
47,36,133.0,609.0,22.0,30.0
47,37,275.0,159.0,20.0,30.0
47,38,401.0,539.5,38.0,43.0
47,39,414.0,547.5,20.0,25.0
47,40,612.0,67.0,18.0,28.0
47,41,538.0,174.0,18.0,22.0
47,42,246.5,270.5,23.0,27.0
47,43,248.0,293.5,20.0,25.0
47,44,447.5,565.0,17.0,26.0
47,45,554.0,147.0,20.0,24.0
47,46,567.0,124.0,16.0,24.0
47,47,125.0,567.0,18.0,30.0
47,48,603.5,418.0,29.0,32.0
47,49,312.0,71.0,22.0,28.0
47,50,156.5,322.5,23.0,29.0
47,51,260.5,196.0,19.0,20.0
47,52,564.0,191.5,22.0,25.0
47,53,53.5,398.0,21.0,28.0
47,54,101.5,248.0,21.0,26.0
47,55,46.5,480.0,17.0,20.0
47,56,182.5,291.0,21.0,24.0
47,57,105.0,235.0,22.0,28.0
47,58,351.5,546.0,19.0,26.0
47,59,520.5,551.0,23.0,32.0
47,60,322.5,151.5,21.0,27.0
47,61,512.0,373.5,26.0,29.0
47,62,613.5,226.5,15.0,23.0
47,63,138.0,635.0,22.0,10.0
47,64,573.5,353.5,19.0,25.0
48,0,347.5,440.5,81.0,97.0
48,1,235.5,177.0,55.0,56.0
48,2,365.0,418.0,18.0,22.0
48,3,550.0,477.5,20.0,21.0
48,4,343.0,359.5,22.0,35.0
48,5,234.5,170.0,21.0,24.0
48,6,251.0,131.5,24.0,31.0
48,7,234.5,514.0,25.0,30.0
48,8,356.0,311.5,24.0,25.0
48,9,318.0,418.0,22.0,30.0
48,10,261.0,368.0,20.0,22.0
48,11,208.5,211.5,31.0,33.0
48,12,88.0,68.5,42.0,43.0
48,13,214.0,274.5,22.0,17.0
48,14,373.0,441.5,18.0,21.0
48,15,419.0,110.0,22.0,28.0
48,16,483.0,223.5,18.0,25.0
48,17,397.5,188.5,21.0,31.0
48,18,411.0,416.0,22.0,24.0
48,19,433.5,81.5,27.0,31.0
48,20,20.5,201.0,25.0,26.0
48,21,311.0,199.0,22.0,22.0
48,22,82.0,68.0,36.0,32.0
48,23,112.5,275.5,23.0,25.0
48,24,540.0,21.5,18.0,31.0
48,25,80.5,203.0,21.0,28.0
48,26,277.5,15.0,19.0,22.0
48,27,557.5,46.0,21.0,30.0
48,28,255.0,221.0,18.0,22.0
48,29,196.0,584.0,22.0,28.0
48,30,275.0,106.0,26.0,22.0
48,31,261.5,98.0,17.0,24.0
48,32,377.0,294.0,18.0,20.0
48,33,401.0,538.5,38.0,43.0
48,34,249.0,345.5,18.0,23.0
48,35,537.5,174.0,19.0,22.0
48,36,133.0,608.5,22.0,31.0
48,37,521.0,318.0,24.0,30.0
48,38,274.5,159.5,19.0,29.0
48,39,413.5,547.0,21.0,26.0
48,40,446.5,565.5,17.0,27.0
48,41,612.0,67.0,18.0,28.0
48,42,382.5,136.0,25.0,32.0
48,43,246.5,270.5,23.0,27.0
48,44,567.0,123.0,16.0,24.0
48,45,248.0,293.5,20.0,25.0
48,46,553.5,146.5,19.0,23.0
48,47,125.0,567.5,18.0,29.0
48,48,564.0,192.0,22.0,24.0
48,49,156.5,321.5,23.0,31.0
48,50,603.0,418.0,28.0,30.0
48,51,260.5,196.0,19.0,20.0
48,52,304.5,65.5,21.0,27.0
48,53,54.0,397.5,22.0,27.0
48,54,101.5,247.0,21.0,26.0
48,55,512.0,557.5,24.0,31.0
48,56,505.5,376.0,27.0,30.0
48,57,186.5,306.5,21.0,25.0
48,58,36.0,469.0,18.0,20.0
48,59,100.5,228.5,23.0,29.0
48,60,348.0,536.0,18.0,26.0
48,61,312.0,142.5,22.0,25.0
48,62,605.0,228.5,18.0,25.0
48,63,138.0,635.0,22.0,10.0
49,0,347.5,440.5,81.0,97.0
49,1,236.0,177.0,54.0,56.0
49,2,364.5,418.0,19.0,22.0
49,3,549.5,478.0,19.0,20.0
49,4,318.0,418.0,22.0,30.0
49,5,251.0,131.5,24.0,31.0
49,6,343.0,359.5,22.0,35.0
49,7,234.5,170.0,21.0,24.0
49,8,235.0,514.0,24.0,30.0
49,9,261.0,367.5,20.0,21.0
49,10,208.5,211.5,31.0,33.0
49,11,411.0,416.5,22.0,25.0
49,12,356.0,311.5,24.0,25.0
49,13,214.0,274.0,22.0,16.0
49,14,419.0,110.0,22.0,28.0
49,15,483.5,223.5,17.0,25.0
49,16,88.0,68.5,42.0,43.0
49,17,434.0,81.5,28.0,31.0
49,18,397.0,188.5,20.0,29.0
49,19,373.0,441.5,18.0,21.0
49,20,196.0,584.0,22.0,28.0
49,21,557.5,46.0,21.0,30.0
49,22,255.0,221.0,18.0,22.0
49,23,20.5,201.0,25.0,26.0
49,24,540.0,21.5,18.0,31.0
49,25,277.5,15.0,19.0,22.0
49,26,82.5,68.0,35.0,32.0
49,27,262.0,98.0,18.0,24.0
49,28,311.0,199.5,22.0,23.0
49,29,401.5,539.0,37.0,42.0
49,30,537.0,173.5,18.0,21.0
49,31,377.0,294.0,18.0,20.0
49,32,275.0,106.0,26.0,22.0
49,33,112.5,274.0,23.0,26.0
49,34,249.0,345.5,18.0,23.0
49,35,133.0,609.0,22.0,30.0
49,36,445.5,564.5,17.0,27.0
49,37,80.5,204.0,21.0,28.0
49,38,382.0,137.5,26.0,33.0
49,39,612.0,67.0,18.0,28.0
49,40,414.0,547.0,20.0,24.0
49,41,246.5,270.5,23.0,27.0
49,42,275.0,158.5,20.0,29.0
49,43,553.5,146.0,19.0,24.0
49,44,248.0,293.5,20.0,25.0
49,45,125.0,566.5,18.0,29.0
49,46,567.0,123.0,16.0,24.0
49,47,521.0,317.5,24.0,29.0
49,48,562.5,191.5,21.0,25.0
49,49,156.5,322.0,23.0,30.0
49,50,102.0,248.0,20.0,26.0
49,51,260.5,195.0,19.0,20.0
49,52,54.5,398.0,21.0,28.0
49,53,601.5,418.0,27.0,30.0
49,54,301.5,61.5,21.0,27.0
49,55,503.0,386.5,24.0,27.0
49,56,31.0,474.0,18.0,20.0
49,57,95.5,219.5,21.0,27.0
49,58,195.5,311.0,19.0,22.0
49,59,309.0,149.0,20.0,24.0
49,60,339.5,535.0,17.0,26.0
49,61,508.0,547.0,22.0,28.0
49,62,604.0,234.5,16.0,25.0
49,63,138.5,635.0,21.0,10.0
49,64,587.5,364.5,19.0,25.0
50,0,347.5,440.5,81.0,97.0
50,1,236.0,177.0,54.0,56.0
50,2,364.5,418.0,19.0,22.0
50,3,549.5,478.0,19.0,20.0
50,4,318.0,418.0,22.0,30.0
50,5,343.0,359.5,22.0,35.0
50,6,196.0,584.0,22.0,28.0
50,7,419.0,109.5,22.0,27.0
50,8,251.0,131.0,24.0,30.0
50,9,235.0,514.0,24.0,30.0
50,10,234.5,170.0,21.0,24.0
50,11,261.0,367.5,20.0,21.0
50,12,356.0,311.5,24.0,25.0
50,13,208.0,211.5,32.0,33.0
50,14,411.0,416.5,22.0,25.0
50,15,214.0,274.0,22.0,16.0
50,16,88.0,68.5,42.0,43.0
50,17,483.5,224.0,17.0,24.0
50,18,434.0,81.5,28.0,31.0
50,19,397.0,189.0,20.0,30.0
50,20,373.0,441.5,18.0,21.0
50,21,557.5,46.0,21.0,30.0
50,22,540.0,21.5,18.0,31.0
50,23,255.0,221.0,18.0,22.0
50,24,277.5,15.0,19.0,22.0
50,25,20.5,201.0,25.0,26.0
50,26,82.5,68.0,35.0,32.0
50,27,402.0,540.0,38.0,42.0
50,28,261.5,98.0,17.0,24.0
50,29,537.5,173.5,19.0,21.0
50,30,311.0,199.0,22.0,22.0
50,31,377.0,294.0,18.0,20.0
50,32,275.0,106.0,26.0,22.0
50,33,112.5,274.0,23.0,26.0
50,34,133.0,609.0,22.0,30.0
50,35,445.5,564.5,17.0,27.0
50,36,248.5,345.5,17.0,23.0
50,37,381.5,138.0,25.0,32.0
50,38,80.5,204.0,21.0,28.0
50,39,612.0,67.0,18.0,28.0
50,40,414.0,547.0,20.0,24.0
50,41,521.0,317.5,24.0,29.0
50,42,246.0,270.5,22.0,27.0
50,43,275.0,158.5,20.0,29.0
50,44,553.5,146.5,19.0,23.0
50,45,567.0,123.0,16.0,24.0
50,46,248.0,293.0,20.0,24.0
50,47,125.0,567.5,18.0,29.0
50,48,562.5,191.0,21.0,24.0
50,49,54.0,397.5,22.0,29.0
50,50,156.0,322.0,24.0,30.0
50,51,100.0,249.0,20.0,26.0
50,52,601.5,417.0,27.0,30.0
50,53,260.5,195.0,19.0,20.0
50,54,301.0,60.5,20.0,27.0
50,55,98.5,218.0,21.0,28.0
50,56,500.0,388.5,26.0,29.0
50,57,197.5,313.5,19.0,21.0
50,58,32.0,478.5,18.0,21.0
50,59,307.0,149.5,20.0,25.0
50,60,339.0,538.0,18.0,26.0
50,61,589.5,368.0,21.0,24.0
50,62,507.5,553.0,21.0,28.0
50,63,138.5,635.0,21.0,10.0
51,0,347.5,440.5,81.0,97.0
51,1,236.0,177.0,54.0,56.0
51,2,365.0,418.0,18.0,22.0
51,3,549.5,478.0,19.0,20.0
51,4,318.0,418.0,22.0,30.0
51,5,343.0,359.5,22.0,35.0
51,6,419.0,109.5,22.0,27.0
51,7,235.0,514.0,24.0,30.0
51,8,234.5,170.0,21.0,24.0
51,9,261.0,367.5,20.0,21.0
51,10,411.0,416.0,22.0,24.0
51,11,356.0,311.5,24.0,25.0
51,12,208.0,211.5,32.0,33.0
51,13,251.0,131.0,24.0,30.0
51,14,483.5,224.0,17.0,24.0
51,15,434.0,81.5,28.0,31.0
51,16,373.0,441.5,18.0,21.0
51,17,88.0,68.5,42.0,43.0
51,18,214.0,274.0,22.0,16.0
51,19,397.0,189.0,20.0,30.0
51,20,557.5,46.0,21.0,30.0
51,21,540.0,21.5,18.0,31.0
51,22,277.5,15.0,19.0,22.0
51,23,20.5,201.0,25.0,26.0
51,24,196.0,584.0,22.0,28.0
51,25,255.0,221.0,18.0,22.0
51,26,82.5,68.0,35.0,32.0
51,27,402.0,540.0,38.0,42.0
51,28,112.5,274.5,23.0,25.0
51,29,311.0,199.0,22.0,22.0
51,30,521.0,317.5,24.0,29.0
51,31,377.0,293.5,18.0,19.0
51,32,261.5,98.0,17.0,24.0
51,33,537.5,173.5,19.0,21.0
51,34,275.0,106.0,26.0,22.0
51,35,80.5,204.0,21.0,28.0
51,36,133.0,609.0,22.0,30.0
51,37,249.0,345.5,18.0,23.0
51,38,445.0,564.0,18.0,26.0
51,39,381.5,138.0,25.0,32.0
51,40,612.0,67.0,18.0,28.0
51,41,562.0,191.0,22.0,24.0
51,42,553.5,146.0,19.0,24.0
51,43,275.0,159.0,20.0,30.0
51,44,567.0,123.0,16.0,24.0
51,45,246.0,271.0,22.0,26.0
51,46,248.0,293.0,20.0,24.0
51,47,415.0,547.0,20.0,24.0
51,48,100.5,249.0,21.0,26.0
51,49,125.0,567.5,18.0,29.0
51,50,156.0,321.5,24.0,31.0
51,51,54.0,398.0,22.0,28.0
51,52,600.5,417.0,27.0,30.0
51,53,260.5,195.0,19.0,20.0
51,54,300.5,60.5,21.0,27.0
51,55,99.5,217.0,21.0,28.0
51,56,199.5,314.5,19.0,21.0
51,57,497.0,391.0,26.0,30.0
51,58,28.0,478.5,18.0,21.0
51,59,305.5,149.5,21.0,25.0
51,60,506.0,552.5,22.0,29.0
51,61,339.0,541.0,18.0,26.0
51,62,586.5,371.5,21.0,27.0
51,63,138.5,635.0,21.0,10.0
52,0,235.5,177.5,55.0,55.0
52,1,348.0,440.5,80.0,97.0
52,2,364.5,418.0,19.0,22.0
52,3,358.0,313.0,24.0,26.0
52,4,235.0,511.5,24.0,31.0
52,5,311.0,198.0,22.0,20.0
52,6,104.0,248.0,20.0,26.0
52,7,88.0,70.0,36.0,32.0
52,8,256.0,131.0,24.0,30.0
52,9,167.0,323.0,24.0,30.0
52,10,411.5,416.5,23.0,25.0
52,11,373.0,441.5,18.0,21.0
52,12,213.5,210.5,31.0,33.0
52,13,438.0,84.0,28.0,30.0
52,14,81.5,205.0,21.0,28.0
52,15,343.0,360.0,22.0,34.0
52,16,213.5,274.0,23.0,18.0
52,17,275.5,106.0,27.0,22.0
52,18,378.0,295.0,18.0,20.0
52,19,402.0,540.0,38.0,42.0
52,20,234.5,170.0,21.0,24.0
52,21,541.5,20.5,19.0,31.0
52,22,318.5,415.5,23.0,31.0
52,23,274.0,160.5,20.0,29.0
52,24,137.5,612.5,21.0,29.0
52,25,388.5,141.5,25.0,23.0
52,26,89.5,70.0,43.0,44.0
52,27,117.0,276.0,24.0,26.0
52,28,404.5,193.5,21.0,31.0
52,29,20.5,201.5,25.0,27.0
52,30,420.0,107.5,22.0,27.0
52,31,255.0,222.0,18.0,22.0
52,32,605.5,418.0,27.0,30.0
52,33,342.0,76.0,24.0,28.0
52,34,56.5,401.0,23.0,32.0
52,35,468.0,538.0,18.0,28.0
52,36,263.0,198.5,20.0,19.0
52,37,249.5,269.0,23.0,26.0
52,38,548.5,477.5,19.0,21.0
52,39,279.0,14.5,20.0,23.0
52,40,132.0,564.0,18.0,30.0
52,41,488.0,222.5,20.0,25.0
52,42,558.0,142.0,18.0,24.0
52,43,262.0,94.0,16.0,22.0
52,44,253.0,295.5,20.0,23.0
52,45,254.0,344.0,18.0,24.0
52,46,559.5,47.5,21.0,29.0
52,47,200.0,585.0,22.0,28.0
52,48,537.5,189.0,25.0,22.0
52,49,420.5,546.5,19.0,21.0
52,50,78.5,125.0,23.0,32.0
52,51,407.0,541.5,22.0,27.0
52,52,258.5,366.5,21.0,21.0
52,53,550.0,338.0,22.0,22.0
52,54,593.5,184.5,23.0,25.0
52,55,566.5,129.5,15.0,23.0
52,56,616.5,73.0,19.0,28.0
52,57,203.5,630.0,19.0,20.0
52,58,587.5,255.5,17.0,21.0
52,59,236.5,384.0,25.0,28.0
52,60,605.5,311.5,21.0,25.0
52,61,325.5,444.5,23.0,27.0
52,62,612.0,174.0,20.0,24.0
52,63,530.0,443.5,20.0,31.0
53,0,236.0,177.5,54.0,55.0
53,1,348.0,440.5,80.0,97.0
53,2,364.5,418.0,19.0,22.0
53,3,358.0,313.5,24.0,25.0
53,4,319.0,415.0,22.0,30.0
53,5,311.0,198.0,22.0,20.0
53,6,167.5,324.0,23.0,30.0
53,7,104.0,248.0,20.0,26.0
53,8,373.0,441.5,18.0,21.0
53,9,439.0,85.0,28.0,30.0
53,10,256.0,131.0,24.0,30.0
53,11,412.0,416.5,24.0,25.0
53,12,213.5,210.0,31.0,34.0
53,13,234.5,512.0,25.0,30.0
53,14,88.0,71.0,36.0,32.0
53,15,343.5,360.0,21.0,34.0
53,16,213.5,274.0,23.0,18.0
53,17,82.5,204.5,21.0,27.0
53,18,379.0,295.0,18.0,20.0
53,19,402.5,540.5,37.0,41.0
53,20,275.0,106.0,26.0,22.0
53,21,389.0,142.0,24.0,22.0
53,22,21.0,201.5,26.0,27.0
53,23,136.0,614.0,22.0,30.0
53,24,234.5,169.0,21.0,24.0
53,25,89.5,70.0,43.0,44.0
53,26,274.0,161.0,20.0,30.0
53,27,405.5,194.0,21.0,30.0
53,28,117.0,276.0,24.0,26.0
53,29,541.5,20.5,19.0,31.0
53,30,254.5,341.5,17.0,23.0
53,31,606.0,418.5,26.0,29.0
53,32,420.0,107.5,22.0,27.0
53,33,466.5,530.0,17.0,28.0
53,34,249.5,269.0,23.0,26.0
53,35,56.5,401.5,23.0,33.0
53,36,263.0,198.5,20.0,19.0
53,37,255.0,222.0,18.0,22.0
53,38,253.0,295.5,20.0,23.0
53,39,262.5,94.0,15.0,22.0
53,40,539.5,191.5,25.0,21.0
53,41,133.0,564.0,18.0,30.0
53,42,488.5,221.5,21.0,25.0
53,43,421.0,545.5,20.0,21.0
53,44,558.0,141.5,18.0,23.0
53,45,559.0,47.0,20.0,28.0
53,46,199.0,584.5,22.0,29.0
53,47,259.0,366.5,22.0,21.0
53,48,278.5,15.5,19.0,23.0
53,49,77.0,157.5,22.0,35.0
53,50,547.5,476.5,19.0,21.0
53,51,406.0,541.5,22.0,27.0
53,52,615.5,74.5,19.0,29.0
53,53,339.0,96.0,24.0,26.0
53,54,567.0,129.5,16.0,23.0
53,55,568.5,331.0,21.0,22.0
53,56,518.5,486.5,21.0,29.0
53,57,349.5,463.5,23.0,25.0
53,58,589.0,178.5,22.0,25.0
53,59,294.5,11.0,19.0,22.0
53,60,221.5,604.5,23.0,27.0
53,61,624.5,128.5,21.0,25.0
53,62,569.5,238.0,19.0,22.0
54,0,347.5,440.5,81.0,97.0
54,1,235.5,177.5,55.0,57.0
54,2,364.5,418.0,19.0,22.0
54,3,550.0,478.0,20.0,20.0
54,4,318.0,418.0,22.0,30.0
54,5,483.5,223.5,17.0,25.0
54,6,356.0,312.0,24.0,26.0
54,7,343.0,360.0,22.0,34.0
54,8,110.0,276.0,24.0,26.0
54,9,234.5,170.0,21.0,24.0
54,10,261.0,367.5,20.0,21.0
54,11,234.5,514.0,25.0,30.0
54,12,251.0,131.5,24.0,31.0
54,13,419.0,110.0,22.0,28.0
54,14,213.0,274.0,22.0,16.0
54,15,373.0,441.5,18.0,21.0
54,16,520.0,317.0,24.0,30.0
54,17,88.5,69.0,43.0,44.0
54,18,411.0,415.5,22.0,25.0
54,19,434.0,81.5,28.0,31.0
54,20,209.0,211.5,32.0,33.0
54,21,397.0,189.0,20.0,30.0
54,22,311.0,199.0,22.0,22.0
54,23,557.5,46.0,21.0,30.0
54,24,20.5,201.0,25.0,26.0
54,25,540.0,21.5,18.0,31.0
54,26,402.0,540.0,38.0,42.0
54,27,82.5,68.0,35.0,32.0
54,28,195.5,584.0,21.0,28.0
54,29,255.0,221.0,18.0,22.0
54,30,277.5,15.0,19.0,22.0
54,31,537.0,173.5,18.0,21.0
54,32,261.5,98.0,17.0,24.0
54,33,377.0,294.0,18.0,20.0
54,34,382.0,137.5,26.0,33.0
54,35,101.5,248.0,19.0,26.0
54,36,133.0,609.0,22.0,30.0
54,37,275.0,106.0,26.0,22.0
54,38,443.5,564.5,17.0,27.0
54,39,249.0,346.0,18.0,24.0
54,40,612.0,67.0,18.0,28.0
54,41,566.5,123.0,15.0,24.0
54,42,414.0,547.0,20.0,26.0
54,43,561.5,193.0,21.0,24.0
54,44,156.5,322.0,23.0,30.0
54,45,553.5,146.0,19.0,24.0
54,46,214.0,283.5,22.0,19.0
54,47,247.5,293.0,19.0,24.0
54,48,275.0,159.5,20.0,29.0
54,49,246.5,270.5,23.0,27.0
54,50,125.0,567.5,18.0,29.0
54,51,80.5,202.5,21.0,27.0
54,52,53.0,398.5,22.0,29.0
54,53,299.0,61.0,22.0,28.0
54,54,260.5,196.0,19.0,20.0
54,55,600.5,417.0,27.0,30.0
54,56,498.5,560.5,23.0,29.0
54,57,23.0,467.0,18.0,22.0
54,58,296.0,147.5,24.0,27.0
54,59,91.0,212.0,24.0,28.0
54,60,203.5,318.5,19.0,23.0
54,61,138.0,634.5,20.0,11.0
54,62,338.0,544.0,18.0,26.0
54,63,492.0,385.5,24.0,29.0
54,64,627.0,634.5,18.0,11.0
54,65,607.0,249.0,14.0,22.0
54,66,582.5,380.5,19.0,25.0
55,0,347.5,440.5,81.0,97.0
55,1,235.5,177.5,55.0,57.0
55,2,364.5,418.0,19.0,22.0
55,3,550.0,478.0,20.0,20.0
55,4,483.5,223.5,17.0,25.0
55,5,343.0,360.0,22.0,34.0
55,6,318.0,418.0,22.0,30.0
55,7,110.0,276.0,24.0,26.0
55,8,356.0,312.0,24.0,26.0
55,9,418.5,110.0,21.0,28.0
55,10,251.0,131.0,24.0,30.0
55,11,261.0,368.0,20.0,22.0
55,12,234.5,170.0,21.0,24.0
55,13,520.0,317.5,24.0,29.0
55,14,234.5,514.0,25.0,30.0
55,15,213.0,274.0,22.0,16.0
55,16,88.5,69.0,43.0,44.0
55,17,373.0,441.5,18.0,21.0
55,18,433.5,81.5,27.0,31.0
55,19,411.0,415.5,22.0,25.0
55,20,209.0,211.5,32.0,33.0
55,21,397.0,188.5,20.0,29.0
55,22,311.0,199.5,22.0,23.0
55,23,20.5,201.0,25.0,26.0
55,24,557.5,46.0,21.0,30.0
55,25,540.0,21.5,18.0,31.0
55,26,196.0,584.0,22.0,28.0
55,27,82.0,68.0,36.0,32.0
55,28,255.0,221.0,18.0,22.0
55,29,537.5,173.5,19.0,23.0
55,30,261.5,98.0,17.0,24.0
55,31,133.0,609.0,22.0,30.0
55,32,402.0,540.0,38.0,42.0
55,33,275.0,106.0,26.0,22.0
55,34,277.5,15.0,19.0,22.0
55,35,377.0,294.0,18.0,20.0
55,36,382.5,137.0,25.0,32.0
55,37,101.5,248.0,19.0,26.0
55,38,612.0,67.0,18.0,28.0
55,39,249.0,346.0,18.0,24.0
55,40,443.5,564.0,17.0,28.0
55,41,413.0,547.0,20.0,26.0
55,42,156.5,322.0,23.0,30.0
55,43,566.5,123.0,15.0,24.0
55,44,561.5,192.5,21.0,25.0
55,45,553.5,146.0,19.0,24.0
55,46,214.0,283.5,22.0,19.0
55,47,246.5,271.0,23.0,26.0
55,48,247.5,293.0,19.0,24.0
55,49,125.0,567.5,18.0,29.0
55,50,80.0,202.5,20.0,27.0
55,51,274.5,159.5,19.0,29.0
55,52,53.0,399.5,22.0,29.0
55,53,260.5,196.0,19.0,20.0
55,54,299.5,62.0,21.0,28.0
55,55,599.5,417.0,27.0,30.0
55,56,499.0,562.5,24.0,29.0
55,57,24.5,460.5,17.0,21.0
55,58,89.5,210.5,23.0,29.0
55,59,206.5,320.0,19.0,22.0
55,60,609.5,253.0,13.0,22.0
55,61,583.5,385.0,19.0,24.0
55,62,293.0,147.5,22.0,27.0
55,63,338.0,545.5,18.0,27.0
55,64,138.5,634.5,21.0,11.0
55,65,629.0,636.0,16.0,8.0
56,0,347.5,440.5,81.0,97.0
56,1,235.5,177.5,55.0,57.0
56,2,364.5,418.0,19.0,22.0
56,3,110.5,276.0,23.0,26.0
56,4,550.0,478.0,20.0,20.0
56,5,343.0,360.0,22.0,34.0
56,6,318.0,418.0,22.0,30.0
56,7,356.0,312.0,24.0,26.0
56,8,483.0,223.5,18.0,25.0
56,9,251.0,131.0,24.0,30.0
56,10,213.0,274.5,22.0,17.0
56,11,234.5,170.0,21.0,24.0
56,12,260.5,368.0,21.0,22.0
56,13,418.5,110.0,21.0,28.0
56,14,234.5,514.0,25.0,30.0
56,15,520.0,317.5,24.0,29.0
56,16,373.0,441.5,18.0,21.0
56,17,88.5,69.0,43.0,44.0
56,18,311.0,199.0,22.0,22.0
56,19,411.0,415.5,22.0,25.0
56,20,433.5,81.0,27.0,30.0
56,21,209.0,211.5,32.0,33.0
56,22,397.0,188.5,20.0,29.0
56,23,540.0,21.5,18.0,31.0
56,24,557.5,46.0,21.0,30.0
56,25,20.5,201.0,25.0,26.0
56,26,196.0,584.0,22.0,28.0
56,27,82.0,68.0,36.0,32.0
56,28,255.0,221.0,18.0,22.0
56,29,537.5,173.5,19.0,21.0
56,30,261.5,98.0,17.0,24.0
56,31,133.0,609.0,22.0,30.0
56,32,277.5,15.0,19.0,22.0
56,33,377.0,294.0,18.0,20.0
56,34,382.0,137.0,26.0,32.0
56,35,402.0,539.5,38.0,41.0
56,36,275.0,106.0,26.0,22.0
56,37,101.5,248.0,19.0,26.0
56,38,156.0,321.5,24.0,31.0
56,39,612.0,67.0,18.0,28.0
56,40,443.5,564.5,17.0,27.0
56,41,561.5,193.0,21.0,24.0
56,42,249.0,346.0,18.0,24.0
56,43,567.0,123.0,16.0,24.0
56,44,413.0,547.0,20.0,26.0
56,45,553.5,146.0,19.0,24.0
56,46,80.5,203.0,21.0,28.0
56,47,246.5,270.5,23.0,27.0
56,48,275.0,159.5,20.0,29.0
56,49,125.0,567.5,18.0,29.0
56,50,247.5,292.5,19.0,25.0
56,51,599.5,417.5,27.0,29.0
56,52,497.0,563.0,24.0,30.0
56,53,260.5,196.0,19.0,20.0
56,54,300.5,63.5,21.0,27.0
56,55,53.0,399.5,22.0,29.0
56,56,208.0,322.5,20.0,23.0
56,57,23.0,456.5,18.0,21.0
56,58,609.5,256.0,13.0,22.0
56,59,338.0,546.5,18.0,27.0
56,60,487.5,387.0,27.0,30.0
56,61,138.5,634.5,21.0,11.0
56,62,293.0,148.5,22.0,25.0
56,63,583.0,385.5,20.0,25.0
57,0,347.5,440.5,81.0,97.0
57,1,235.5,177.5,55.0,57.0
57,2,364.5,418.0,19.0,22.0
57,3,550.0,478.5,20.0,21.0
57,4,343.0,360.0,22.0,34.0
57,5,110.5,276.0,23.0,26.0
57,6,356.0,312.0,24.0,26.0
57,7,318.0,418.0,22.0,30.0
57,8,250.5,131.0,23.0,30.0
57,9,234.5,170.0,21.0,24.0
57,10,483.0,223.5,18.0,25.0
57,11,418.5,110.0,21.0,28.0
57,12,261.0,367.5,20.0,21.0
57,13,234.5,514.0,25.0,30.0
57,14,373.0,441.5,18.0,21.0
57,15,88.5,69.0,43.0,44.0
57,16,213.0,274.5,22.0,17.0
57,17,433.5,81.0,27.0,30.0
57,18,209.0,211.5,32.0,33.0
57,19,411.5,415.5,23.0,25.0
57,20,311.0,199.5,22.0,23.0
57,21,397.0,188.5,20.0,29.0
57,22,557.0,46.0,22.0,30.0
57,23,540.0,21.5,18.0,31.0
57,24,195.5,584.0,21.0,28.0
57,25,82.5,68.0,35.0,32.0
57,26,20.5,201.0,25.0,26.0
57,27,255.0,221.0,18.0,22.0
57,28,520.0,317.5,24.0,29.0
57,29,537.5,173.5,19.0,21.0
57,30,261.5,98.0,17.0,24.0
57,31,377.0,294.0,18.0,20.0
57,32,101.5,248.0,19.0,26.0
57,33,277.5,15.0,19.0,22.0
57,34,402.5,539.5,37.0,41.0
57,35,275.0,106.0,26.0,22.0
57,36,133.0,609.0,22.0,30.0
57,37,382.5,137.0,25.0,32.0
57,38,612.0,67.0,18.0,28.0
57,39,443.0,564.5,18.0,27.0
57,40,156.0,322.0,24.0,30.0
57,41,413.0,547.5,20.0,27.0
57,42,561.5,193.0,21.0,24.0
57,43,567.0,123.0,16.0,24.0
57,44,249.0,346.0,18.0,24.0
57,45,553.5,146.0,19.0,24.0
57,46,246.5,271.0,23.0,26.0
57,47,247.5,292.5,19.0,25.0
57,48,125.0,567.5,18.0,29.0
57,49,275.0,159.5,20.0,29.0
57,50,52.5,399.5,23.0,31.0
57,51,599.5,418.0,27.0,30.0
57,52,208.0,322.0,20.0,24.0
57,53,495.5,563.0,23.0,30.0
57,54,260.5,196.0,19.0,20.0
57,55,18.5,458.0,19.0,20.0
57,56,301.0,64.5,20.0,27.0
57,57,80.0,203.0,22.0,28.0
57,58,335.5,550.5,19.0,25.0
57,59,486.5,384.5,25.0,29.0
57,60,294.5,153.0,23.0,26.0
57,61,590.5,382.5,19.0,23.0
57,62,137.5,635.0,21.0,10.0
57,63,606.5,257.5,15.0,23.0
58,0,347.5,440.5,81.0,97.0
58,1,235.5,177.5,55.0,57.0
58,2,364.5,418.0,19.0,22.0
58,3,550.0,477.5,20.0,21.0
58,4,110.5,275.5,23.0,27.0
58,5,356.0,312.0,24.0,26.0
58,6,418.5,110.0,21.0,28.0
58,7,343.0,360.0,22.0,34.0
58,8,318.0,418.0,22.0,30.0
58,9,250.5,131.0,23.0,30.0
58,10,483.5,224.0,17.0,24.0
58,11,261.0,367.5,20.0,21.0
58,12,234.5,170.0,21.0,24.0
58,13,234.5,514.0,25.0,30.0
58,14,373.0,441.5,18.0,21.0
58,15,88.5,69.0,43.0,44.0
58,16,208.5,211.5,31.0,33.0
58,17,433.5,81.0,27.0,30.0
58,18,213.0,274.5,22.0,17.0
58,19,397.0,188.5,20.0,29.0
58,20,411.5,415.5,23.0,25.0
58,21,520.0,317.5,24.0,29.0
58,22,311.0,199.5,22.0,23.0
58,23,20.5,201.0,25.0,26.0
58,24,540.0,21.5,18.0,31.0
58,25,557.5,46.0,21.0,30.0
58,26,196.0,584.0,22.0,28.0
58,27,82.5,68.0,35.0,32.0
58,28,255.0,221.0,18.0,22.0
58,29,537.0,173.0,18.0,22.0
58,30,402.0,539.0,38.0,42.0
58,31,261.5,97.5,17.0,23.0
58,32,101.5,248.0,19.0,26.0
58,33,277.5,15.0,19.0,22.0
58,34,377.0,294.0,18.0,20.0
58,35,275.0,106.0,26.0,22.0
58,36,133.0,609.0,22.0,30.0
58,37,382.0,137.0,26.0,32.0
58,38,612.0,67.0,18.0,28.0
58,39,414.0,547.0,20.0,26.0
58,40,249.0,346.0,18.0,24.0
58,41,443.0,564.5,18.0,27.0
58,42,566.5,123.0,15.0,24.0
58,43,156.0,322.0,24.0,30.0
58,44,561.5,192.0,21.0,24.0
58,45,553.5,146.5,19.0,23.0
58,46,246.5,271.0,23.0,26.0
58,47,125.0,567.0,18.0,30.0
58,48,247.5,292.5,19.0,25.0
58,49,80.0,202.5,22.0,29.0
58,50,52.5,399.5,23.0,31.0
58,51,275.0,159.0,20.0,30.0
58,52,210.0,317.5,20.0,23.0
58,53,599.5,416.5,27.0,31.0
58,54,260.5,196.0,19.0,20.0
58,55,301.5,65.5,21.0,27.0
58,56,15.0,458.5,18.0,19.0
58,57,493.5,564.5,23.0,31.0
58,58,591.5,382.5,21.0,25.0
58,59,335.5,555.5,19.0,25.0
58,60,138.0,635.0,20.0,10.0
58,61,294.0,155.5,22.0,25.0
58,62,485.5,386.0,27.0,30.0
59,0,347.5,440.5,81.0,97.0
59,1,235.5,177.5,55.0,57.0
59,2,364.5,418.0,19.0,22.0
59,3,550.0,478.0,20.0,20.0
59,4,110.5,276.0,23.0,26.0
59,5,343.0,360.0,22.0,34.0
59,6,356.0,312.0,24.0,26.0
59,7,318.0,418.0,22.0,30.0
59,8,418.5,110.0,21.0,28.0
59,9,234.5,170.0,21.0,24.0
59,10,208.5,211.5,31.0,33.0
59,11,261.0,367.5,20.0,21.0
59,12,372.5,441.5,19.0,21.0
59,13,250.0,131.0,24.0,30.0
59,14,483.0,224.0,18.0,24.0
59,15,234.5,514.0,25.0,30.0
59,16,88.5,68.5,43.0,43.0
59,17,434.0,81.0,28.0,30.0
59,18,397.0,189.0,20.0,30.0
59,19,213.0,274.0,22.0,18.0
59,20,20.5,201.0,25.0,26.0
59,21,311.0,199.0,22.0,22.0
59,22,411.5,415.5,23.0,25.0
59,23,557.5,46.0,21.0,30.0
59,24,540.0,21.5,18.0,31.0
59,25,255.5,221.0,17.0,22.0
59,26,82.5,68.0,35.0,32.0
59,27,196.0,584.0,22.0,28.0
59,28,402.0,540.0,38.0,42.0
59,29,382.0,137.5,26.0,33.0
59,30,261.5,97.5,17.0,23.0
59,31,277.5,15.0,19.0,22.0
59,32,377.0,294.0,18.0,20.0
59,33,537.0,173.0,18.0,22.0
59,34,79.0,202.5,22.0,27.0
59,35,133.0,609.0,22.0,30.0
59,36,274.5,106.0,27.0,22.0
59,37,612.0,67.0,18.0,28.0
59,38,101.0,248.0,20.0,26.0
59,39,414.0,547.5,20.0,25.0
59,40,519.5,317.0,25.0,30.0
59,41,249.0,346.0,18.0,24.0
59,42,442.0,564.0,18.0,26.0
59,43,155.5,322.5,23.0,31.0
59,44,566.0,123.5,16.0,25.0
59,45,553.5,146.0,19.0,24.0
59,46,247.5,292.5,19.0,25.0
59,47,124.5,567.0,19.0,30.0
59,48,246.5,271.0,23.0,26.0
59,49,52.5,399.5,23.0,31.0
59,50,260.5,195.0,19.0,20.0
59,51,561.0,193.5,22.0,25.0
59,52,301.5,67.5,21.0,29.0
59,53,599.0,417.5,26.0,29.0
59,54,275.0,159.0,20.0,28.0
59,55,15.0,471.5,18.0,19.0
59,56,220.0,319.5,18.0,21.0
59,57,474.0,389.5,28.0,29.0
59,58,589.5,391.5,19.0,25.0
59,59,489.0,565.5,24.0,31.0
59,60,604.5,267.0,15.0,22.0
59,61,138.0,635.0,20.0,10.0
60,0,347.5,440.5,81.0,97.0
60,1,235.5,177.5,55.0,57.0
60,2,364.5,418.0,19.0,22.0
60,3,550.0,477.5,20.0,21.0
60,4,110.5,276.0,23.0,26.0
60,5,356.0,312.0,24.0,26.0
60,6,343.0,360.0,22.0,34.0
60,7,318.0,418.0,22.0,30.0
60,8,418.5,110.0,21.0,28.0
60,9,261.0,367.5,20.0,21.0
60,10,234.5,170.0,21.0,24.0
60,11,208.5,211.5,31.0,33.0
60,12,88.5,68.5,43.0,43.0
60,13,373.0,441.5,18.0,21.0
60,14,250.0,131.0,24.0,30.0
60,15,234.5,514.0,25.0,30.0
60,16,483.0,223.5,18.0,25.0
60,17,434.0,81.0,28.0,30.0
60,18,397.0,189.0,20.0,30.0
60,19,20.5,201.0,25.0,26.0
60,20,213.0,273.5,22.0,17.0
60,21,311.0,199.0,22.0,22.0
60,22,557.5,46.0,21.0,30.0
60,23,255.0,221.0,18.0,22.0
60,24,82.5,68.0,35.0,32.0
60,25,196.0,584.0,22.0,28.0
60,26,540.0,21.5,18.0,31.0
60,27,411.5,415.5,23.0,25.0
60,28,401.5,539.5,37.0,41.0
60,29,261.5,98.0,17.0,24.0
60,30,277.5,15.0,19.0,22.0
60,31,382.0,137.5,26.0,33.0
60,32,79.5,203.5,21.0,27.0
60,33,377.0,294.0,18.0,20.0
60,34,537.0,173.0,18.0,22.0
60,35,519.0,317.0,24.0,30.0
60,36,101.0,248.0,20.0,26.0
60,37,133.0,609.0,22.0,30.0
60,38,612.0,67.0,18.0,28.0
60,39,155.5,322.0,23.0,30.0
60,40,275.0,106.0,26.0,22.0
60,41,414.0,547.5,20.0,25.0
60,42,248.5,346.0,17.0,24.0
60,43,566.0,123.5,16.0,25.0
60,44,441.5,564.0,17.0,26.0
60,45,553.5,146.0,19.0,24.0
60,46,125.0,567.0,18.0,30.0
60,47,247.5,292.5,19.0,25.0
60,48,246.5,271.0,23.0,26.0
60,49,52.5,399.0,23.0,30.0
60,50,561.0,192.5,22.0,25.0
60,51,302.0,68.0,22.0,28.0
60,52,260.5,195.0,19.0,20.0
60,53,19.0,475.5,18.0,17.0
60,54,275.0,158.5,20.0,29.0
60,55,599.5,417.0,27.0,30.0
60,56,86.5,194.0,21.0,30.0
60,57,486.0,566.0,24.0,30.0
60,58,219.5,317.0,19.0,22.0
60,59,472.0,387.5,26.0,29.0
60,60,138.0,635.0,20.0,10.0
60,61,605.5,269.5,15.0,23.0
60,62,590.0,394.5,18.0,25.0
61,0,236.0,177.5,54.0,55.0
61,1,347.5,440.0,79.0,98.0
61,2,364.5,418.0,19.0,22.0
61,3,358.0,312.5,24.0,25.0
61,4,311.0,197.5,22.0,19.0
61,5,104.0,248.0,20.0,26.0
61,6,167.0,323.5,24.0,29.0
61,7,437.5,84.0,27.0,30.0
61,8,256.0,131.0,24.0,30.0
61,9,88.5,70.5,35.0,31.0
61,10,411.5,416.5,23.0,25.0
61,11,234.5,511.0,25.0,30.0
61,12,373.0,441.5,18.0,21.0
61,13,213.5,210.0,31.0,32.0
61,14,81.5,204.5,21.0,27.0
61,15,276.0,106.0,26.0,22.0
61,16,213.5,274.0,23.0,18.0
61,17,343.0,360.0,22.0,34.0
61,18,378.0,295.0,18.0,20.0
61,19,401.5,540.0,37.0,42.0
61,20,137.5,612.5,21.0,29.0
61,21,274.0,160.5,20.0,29.0
61,22,234.5,169.5,21.0,23.0
61,23,541.5,20.5,19.0,31.0
61,24,342.0,75.0,24.0,28.0
61,25,388.5,141.5,25.0,23.0
61,26,404.5,194.0,21.0,30.0
61,27,20.5,201.5,25.0,27.0
61,28,468.0,538.0,18.0,28.0
61,29,117.0,276.0,24.0,26.0
61,30,420.0,107.5,22.0,27.0
61,31,263.0,198.5,20.0,19.0
61,32,89.5,69.0,43.0,44.0
61,33,56.5,401.5,23.0,33.0
61,34,319.0,415.0,22.0,30.0
61,35,249.5,269.5,23.0,27.0
61,36,255.0,222.0,18.0,22.0
61,37,605.5,418.0,27.0,30.0
61,38,279.5,15.5,19.0,23.0
61,39,132.5,563.5,17.0,29.0
61,40,558.0,142.0,18.0,24.0
61,41,254.0,343.5,18.0,25.0
61,42,262.5,94.0,15.0,22.0
61,43,548.5,477.5,19.0,21.0
61,44,253.0,295.5,20.0,23.0
61,45,488.0,221.5,20.0,25.0
61,46,537.5,188.5,25.0,21.0
61,47,559.0,47.5,20.0,29.0
61,48,420.5,546.5,19.0,21.0
61,49,616.5,73.0,19.0,28.0
61,50,200.0,585.0,22.0,28.0
61,51,257.5,366.5,21.0,21.0
61,52,594.5,184.5,23.0,25.0
61,53,566.5,129.5,15.0,23.0
61,54,406.5,541.5,23.0,27.0
61,55,550.0,338.0,22.0,22.0
61,56,587.5,254.5,17.0,21.0
61,57,79.5,124.0,21.0,30.0
61,58,235.0,385.5,26.0,29.0
61,59,604.5,312.5,19.0,23.0
61,60,611.0,176.5,20.0,23.0
61,61,201.5,624.0,19.0,24.0
61,62,326.5,444.5,25.0,27.0
61,63,528.0,441.0,20.0,30.0
62,0,347.5,440.5,81.0,97.0
62,1,235.0,177.5,54.0,57.0
62,2,364.5,418.0,19.0,22.0
62,3,550.0,477.5,20.0,21.0
62,4,343.0,359.5,22.0,35.0
62,5,318.0,418.0,22.0,30.0
62,6,356.0,311.5,24.0,25.0
62,7,234.5,170.0,21.0,24.0
62,8,261.0,367.5,20.0,21.0
62,9,208.5,211.5,31.0,33.0
62,10,418.5,110.0,21.0,28.0
62,11,111.0,275.5,24.0,27.0
62,12,483.5,224.0,17.0,24.0
62,13,235.0,514.0,24.0,30.0
62,14,373.0,441.5,18.0,21.0
62,15,88.0,68.5,42.0,43.0
62,16,397.0,188.5,20.0,29.0
62,17,433.5,81.0,27.0,30.0
62,18,250.0,131.0,24.0,30.0
62,19,557.5,46.0,21.0,30.0
62,20,213.0,273.5,22.0,17.0
62,21,20.5,201.5,25.0,27.0
62,22,311.0,199.0,22.0,22.0
62,23,540.0,21.5,18.0,31.0
62,24,381.5,137.5,25.0,33.0
62,25,277.5,15.5,19.0,23.0
62,26,82.0,68.0,36.0,32.0
62,27,255.5,221.0,17.0,22.0
62,28,262.0,98.0,16.0,24.0
62,29,195.5,584.0,21.0,28.0
62,30,402.5,540.0,37.0,42.0
62,31,411.5,415.5,23.0,25.0
62,32,377.0,294.0,18.0,20.0
62,33,519.0,317.0,24.0,30.0
62,34,80.0,203.0,22.0,28.0
62,35,537.0,173.5,18.0,21.0
62,36,101.0,248.0,20.0,26.0
62,37,275.0,106.0,26.0,22.0
62,38,414.0,547.5,20.0,25.0
62,39,133.0,609.0,22.0,30.0
62,40,612.0,67.0,18.0,28.0
62,41,248.0,346.5,18.0,23.0
62,42,441.5,564.0,17.0,26.0
62,43,155.5,322.0,23.0,30.0
62,44,560.0,192.5,22.0,25.0
62,45,566.5,123.0,15.0,24.0
62,46,125.0,567.5,18.0,29.0
62,47,553.5,146.0,19.0,24.0
62,48,246.5,271.0,23.0,26.0
62,49,247.5,292.0,19.0,24.0
62,50,52.5,399.5,23.0,29.0
62,51,302.0,68.5,22.0,29.0
62,52,260.5,195.0,19.0,20.0
62,53,274.5,159.0,21.0,28.0
62,54,21.0,478.0,16.0,18.0
62,55,221.5,313.0,19.0,22.0
62,56,470.5,383.5,25.0,29.0
62,57,601.0,417.0,26.0,30.0
62,58,485.0,566.0,22.0,28.0
62,59,589.0,397.5,18.0,25.0
62,60,138.5,635.0,21.0,10.0
63,0,347.5,440.5,81.0,97.0
63,1,235.5,177.5,55.0,57.0
63,2,364.5,418.0,19.0,22.0
63,3,550.0,478.0,20.0,20.0
63,4,343.0,359.5,22.0,35.0
63,5,111.0,276.0,24.0,26.0
63,6,318.0,418.0,22.0,30.0
63,7,234.5,170.0,21.0,24.0
63,8,260.5,367.5,21.0,21.0
63,9,418.5,110.0,21.0,28.0
63,10,356.0,311.5,24.0,25.0
63,11,208.5,211.5,31.0,33.0
63,12,88.0,68.5,42.0,43.0
63,13,234.5,514.0,25.0,30.0
63,14,311.0,199.0,22.0,22.0
63,15,483.0,223.5,18.0,25.0
63,16,373.0,441.5,18.0,21.0
63,17,397.0,188.0,20.0,30.0
63,18,250.0,131.0,24.0,30.0
63,19,557.5,46.0,21.0,30.0
63,20,433.5,81.0,27.0,30.0
63,21,382.0,137.5,26.0,33.0
63,22,21.0,201.5,26.0,27.0
63,23,540.0,21.5,18.0,31.0
63,24,213.0,273.5,22.0,17.0
63,25,81.5,68.0,35.0,32.0
63,26,255.0,221.5,18.0,21.0
63,27,537.0,173.5,18.0,23.0
63,28,277.5,15.5,19.0,23.0
63,29,100.0,248.5,20.0,25.0
63,30,195.5,584.0,21.0,28.0
63,31,377.0,294.0,18.0,20.0
63,32,402.0,540.0,36.0,42.0
63,33,262.0,98.0,16.0,24.0
63,34,411.5,415.5,23.0,25.0
63,35,519.0,317.0,24.0,30.0
63,36,275.0,106.0,26.0,22.0
63,37,133.0,609.0,22.0,30.0
63,38,414.0,547.5,20.0,25.0
63,39,612.0,67.5,18.0,29.0
63,40,248.0,346.0,18.0,24.0
63,41,155.5,322.0,23.0,30.0
63,42,567.0,123.0,16.0,24.0
63,43,553.5,146.5,19.0,25.0
63,44,124.0,567.5,18.0,29.0
63,45,246.0,271.0,22.0,26.0
63,46,80.5,204.0,21.0,28.0
63,47,559.5,192.5,21.0,25.0
63,48,247.5,292.5,19.0,25.0
63,49,52.5,399.0,23.0,30.0
63,50,440.0,564.5,18.0,25.0
63,51,274.5,159.0,19.0,28.0
63,52,260.5,195.0,19.0,20.0
63,53,302.0,69.5,22.0,29.0
63,54,482.5,571.5,23.0,29.0
63,55,24.0,481.5,16.0,19.0
63,56,588.0,406.5,20.0,25.0
63,57,225.0,309.0,20.0,24.0
63,58,466.0,382.0,26.0,30.0
63,59,605.0,278.0,14.0,24.0
63,60,600.5,415.5,27.0,31.0
63,61,321.0,554.5,18.0,23.0
63,62,138.5,635.0,21.0,10.0
64,0,347.5,440.5,81.0,97.0
64,1,235.5,177.5,55.0,57.0
64,2,364.5,418.0,19.0,22.0
64,3,550.0,478.0,20.0,20.0
64,4,343.0,359.5,22.0,35.0
64,5,110.0,276.0,24.0,26.0
64,6,318.0,419.0,22.0,30.0
64,7,260.5,367.5,21.0,21.0
64,8,418.5,110.0,21.0,28.0
64,9,356.0,311.5,24.0,25.0
64,10,234.5,170.0,21.0,24.0
64,11,208.5,211.5,31.0,33.0
64,12,234.5,514.0,25.0,30.0
64,13,88.0,68.5,42.0,43.0
64,14,397.0,188.0,20.0,30.0
64,15,250.0,131.0,24.0,30.0
64,16,483.0,223.5,18.0,25.0
64,17,311.0,199.0,22.0,22.0
64,18,373.0,441.5,18.0,21.0
64,19,557.5,46.0,21.0,30.0
64,20,434.0,81.5,28.0,31.0
64,21,21.0,201.5,26.0,27.0
64,22,213.5,274.0,23.0,18.0
64,23,382.0,137.5,26.0,33.0
64,24,540.0,21.5,18.0,31.0
64,25,82.5,68.0,35.0,32.0
64,26,277.5,15.0,19.0,22.0
64,27,255.0,221.0,18.0,22.0
64,28,377.0,294.0,18.0,20.0
64,29,537.0,173.5,18.0,23.0
64,30,195.0,584.0,22.0,28.0
64,31,401.5,540.0,37.0,42.0
64,32,262.0,98.0,18.0,24.0
64,33,411.5,415.5,23.0,25.0
64,34,100.0,248.0,20.0,26.0
64,35,519.0,316.5,24.0,29.0
64,36,612.0,67.5,18.0,29.0
64,37,414.0,548.0,20.0,26.0
64,38,133.0,608.5,22.0,31.0
64,39,275.0,106.0,26.0,22.0
64,40,155.5,322.0,23.0,30.0
64,41,567.0,123.5,16.0,25.0
64,42,79.5,204.0,21.0,28.0
64,43,248.0,346.0,18.0,24.0
64,44,52.5,399.0,23.0,30.0
64,45,553.5,147.0,19.0,24.0
64,46,246.0,271.0,22.0,26.0
64,47,124.0,567.5,18.0,29.0
64,48,247.5,292.5,19.0,25.0
64,49,560.5,194.0,21.0,24.0
64,50,440.0,564.5,18.0,25.0
64,51,302.0,69.5,22.0,29.0
64,52,260.5,195.0,19.0,20.0
64,53,274.5,158.5,19.0,27.0
64,54,481.5,572.5,23.0,29.0
64,55,464.0,383.5,28.0,31.0
64,56,25.0,483.5,16.0,19.0
64,57,226.5,317.0,19.0,24.0
64,58,588.5,407.0,21.0,24.0
64,59,322.0,561.0,18.0,24.0
64,60,138.5,635.0,21.0,10.0
64,61,604.5,279.5,15.0,23.0
65,0,347.5,440.5,81.0,97.0
65,1,235.5,177.5,55.0,57.0
65,2,364.5,418.0,19.0,22.0
65,3,550.0,478.0,20.0,20.0
65,4,343.0,359.5,22.0,35.0
65,5,318.0,419.0,22.0,30.0
65,6,260.5,367.5,21.0,21.0
65,7,110.0,276.0,24.0,26.0
65,8,356.0,311.5,24.0,25.0
65,9,418.5,110.0,21.0,28.0
65,10,234.5,170.0,21.0,24.0
65,11,208.5,211.5,31.0,33.0
65,12,88.0,68.5,42.0,43.0
65,13,234.5,514.0,25.0,30.0
65,14,250.0,131.0,24.0,30.0
65,15,397.0,188.0,20.0,30.0
65,16,483.0,223.5,18.0,25.0
65,17,311.0,199.0,22.0,22.0
65,18,434.0,81.0,28.0,30.0
65,19,557.5,46.0,21.0,30.0
65,20,213.5,274.0,23.0,18.0
65,21,21.0,201.5,26.0,27.0
65,22,372.5,441.5,19.0,21.0
65,23,540.0,21.5,18.0,31.0
65,24,82.5,68.0,35.0,32.0
65,25,382.0,137.5,26.0,33.0
65,26,277.5,15.0,19.0,22.0
65,27,255.0,221.5,18.0,21.0
65,28,537.0,173.5,18.0,23.0
65,29,377.0,294.0,18.0,20.0
65,30,195.5,584.0,21.0,28.0
65,31,100.5,248.0,21.0,26.0
65,32,262.5,98.0,17.0,24.0
65,33,412.5,415.5,23.0,25.0
65,34,401.5,540.5,37.0,41.0
65,35,612.0,67.5,18.0,29.0
65,36,133.0,608.5,22.0,31.0
65,37,518.5,317.0,23.0,28.0
65,38,414.0,548.0,20.0,26.0
65,39,275.0,106.0,26.0,22.0
65,40,566.0,123.0,16.0,24.0
65,41,155.0,322.0,24.0,30.0
65,42,214.5,283.5,23.0,19.0
65,43,553.5,146.0,19.0,24.0
65,44,124.0,567.5,18.0,29.0
65,45,248.0,346.0,18.0,24.0
65,46,52.5,399.0,23.0,30.0
65,47,246.0,271.0,22.0,26.0
65,48,247.5,292.5,19.0,25.0
65,49,440.0,564.0,18.0,24.0
65,50,80.0,203.5,22.0,29.0
65,51,274.5,158.0,19.0,28.0
65,52,260.0,196.0,20.0,20.0
65,53,560.5,194.0,21.0,24.0
65,54,301.5,69.5,21.0,29.0
65,55,480.0,572.0,22.0,30.0
65,56,462.0,383.5,28.0,31.0
65,57,228.0,323.5,20.0,25.0
65,58,599.0,419.0,28.0,30.0
65,59,327.0,569.5,20.0,25.0
65,60,77.5,189.0,23.0,30.0
65,61,25.5,485.5,17.0,19.0
65,62,604.5,282.0,15.0,24.0
65,63,591.5,408.5,23.0,25.0
65,64,138.5,635.0,21.0,10.0
66,0,347.5,440.5,81.0,97.0
66,1,235.0,177.5,54.0,57.0
66,2,364.5,418.0,19.0,22.0
66,3,550.0,478.0,20.0,20.0
66,4,343.0,359.5,22.0,35.0
66,5,260.5,367.5,21.0,21.0
66,6,318.0,419.0,22.0,30.0
66,7,110.0,276.0,24.0,26.0
66,8,356.0,311.5,24.0,25.0
66,9,234.5,170.0,21.0,24.0
66,10,418.5,110.0,21.0,28.0
66,11,208.5,211.5,31.0,33.0
66,12,250.0,131.0,24.0,30.0
66,13,234.5,514.0,25.0,30.0
66,14,88.0,68.5,42.0,43.0
66,15,483.0,223.5,18.0,25.0
66,16,396.5,188.0,21.0,30.0
66,17,311.0,199.0,22.0,22.0
66,18,434.0,81.0,28.0,30.0
66,19,557.5,46.0,21.0,30.0
66,20,213.5,273.5,23.0,17.0
66,21,373.0,441.5,18.0,21.0
66,22,21.0,201.0,26.0,26.0
66,23,540.0,21.5,18.0,31.0
66,24,382.0,137.5,26.0,33.0
66,25,81.5,68.0,35.0,32.0
66,26,101.0,248.0,20.0,26.0
66,27,255.0,221.0,18.0,22.0
66,28,537.0,173.5,18.0,23.0
66,29,277.5,15.0,19.0,22.0
66,30,377.0,294.0,18.0,20.0
66,31,195.0,584.0,22.0,28.0
66,32,262.0,98.0,18.0,24.0
66,33,401.5,540.5,37.0,41.0
66,34,612.0,67.5,18.0,29.0
66,35,412.5,415.0,23.0,26.0
66,36,518.0,316.5,24.0,29.0
66,37,133.0,609.0,22.0,30.0
66,38,275.0,106.0,26.0,22.0
66,39,214.0,283.5,22.0,19.0
66,40,155.0,322.5,24.0,29.0
66,41,566.0,123.0,16.0,24.0
66,42,414.0,548.0,20.0,26.0
66,43,52.0,399.0,24.0,30.0
66,44,553.5,146.0,19.0,24.0
66,45,124.5,567.5,19.0,29.0
66,46,274.5,158.0,19.0,28.0
66,47,246.0,271.0,22.0,26.0
66,48,248.0,346.0,18.0,24.0
66,49,247.5,292.5,19.0,25.0
66,50,81.0,203.0,22.0,28.0
66,51,560.5,194.0,21.0,24.0
66,52,302.0,69.5,22.0,29.0
66,53,260.0,195.5,20.0,21.0
66,54,439.0,564.0,18.0,24.0
66,55,479.5,572.5,23.0,29.0
66,56,230.0,326.0,20.0,24.0
66,57,598.5,419.5,27.0,29.0
66,58,461.0,384.5,28.0,33.0
66,59,327.0,572.0,20.0,24.0
66,60,76.0,189.5,22.0,29.0
66,61,24.0,490.0,18.0,20.0
66,62,604.5,284.5,15.0,25.0
66,63,138.5,635.0,21.0,10.0
67,0,347.5,440.5,81.0,97.0
67,1,235.0,177.5,54.0,57.0
67,2,364.5,418.0,19.0,22.0
67,3,550.0,478.0,20.0,20.0
67,4,343.0,359.5,22.0,35.0
67,5,260.5,367.5,21.0,21.0
67,6,235.0,170.0,20.0,24.0
67,7,356.0,311.5,24.0,25.0
67,8,318.0,419.0,22.0,30.0
67,9,110.0,276.0,24.0,26.0
67,10,311.0,199.0,22.0,22.0
67,11,208.5,211.5,31.0,33.0
67,12,483.0,224.0,18.0,24.0
67,13,418.5,110.0,21.0,28.0
67,14,88.0,68.5,42.0,43.0
67,15,234.5,514.0,25.0,30.0
67,16,250.0,131.0,24.0,30.0
67,17,396.5,188.0,21.0,30.0
67,18,373.0,441.5,18.0,21.0
67,19,557.5,46.0,21.0,30.0
67,20,433.5,81.0,27.0,30.0
67,21,382.0,137.5,26.0,33.0
67,22,213.5,273.5,23.0,17.0
67,23,540.0,21.5,18.0,31.0
67,24,21.0,201.0,26.0,26.0
67,25,255.5,221.0,17.0,22.0
67,26,81.5,68.0,35.0,32.0
67,27,277.5,15.0,19.0,22.0
67,28,401.5,540.5,37.0,43.0
67,29,101.0,248.0,20.0,26.0
67,30,537.0,173.0,18.0,22.0
67,31,262.0,98.5,18.0,23.0
67,32,377.0,294.0,18.0,20.0
67,33,195.0,584.0,22.0,28.0
67,34,612.0,67.0,18.0,28.0
67,35,133.0,609.0,22.0,30.0
67,36,518.0,316.5,24.0,29.0
67,37,412.5,415.5,23.0,25.0
67,38,275.0,106.0,26.0,22.0
67,39,214.0,283.5,22.0,19.0
67,40,53.0,399.0,24.0,30.0
67,41,414.0,547.5,20.0,25.0
67,42,154.5,322.5,23.0,29.0
67,43,566.0,123.0,16.0,24.0
67,44,553.5,146.0,19.0,24.0
67,45,124.0,567.5,18.0,29.0
67,46,274.5,158.0,19.0,28.0
67,47,80.5,204.0,21.0,28.0
67,48,246.0,271.0,22.0,26.0
67,49,247.0,292.0,20.0,26.0
67,50,560.0,194.5,22.0,25.0
67,51,248.0,346.5,18.0,25.0
67,52,260.5,195.0,19.0,20.0
67,53,438.5,564.0,19.0,24.0
67,54,302.0,70.5,22.0,29.0
67,55,458.5,388.0,29.0,32.0
67,56,477.5,572.5,23.0,29.0
67,57,234.0,327.0,20.0,24.0
67,58,75.0,191.0,22.0,28.0
67,59,18.0,495.0,18.0,22.0
67,60,322.5,572.0,21.0,26.0
67,61,595.5,412.0,25.0,28.0
67,62,138.5,635.0,21.0,10.0
67,63,604.0,290.0,16.0,24.0
68,0,347.5,440.5,81.0,97.0
68,1,235.0,177.0,54.0,56.0
68,2,364.5,418.0,19.0,22.0
68,3,550.0,478.0,20.0,20.0
68,4,343.0,359.5,22.0,35.0
68,5,235.0,170.0,20.0,24.0
68,6,260.5,367.5,21.0,21.0
68,7,318.0,419.0,22.0,30.0
68,8,356.0,311.5,24.0,25.0
68,9,311.0,199.0,22.0,22.0
68,10,209.0,211.5,32.0,33.0
68,11,418.5,110.0,21.0,28.0
68,12,483.0,223.5,18.0,25.0
68,13,234.5,514.0,25.0,30.0
68,14,250.0,131.0,24.0,30.0
68,15,88.5,68.5,43.0,43.0
68,16,373.0,441.5,18.0,21.0
68,17,110.0,276.0,24.0,26.0
68,18,396.5,188.5,21.0,31.0
68,19,557.5,46.0,21.0,30.0
68,20,434.0,81.0,28.0,30.0
68,21,213.5,274.0,23.0,18.0
68,22,540.0,21.5,18.0,31.0
68,23,382.0,137.5,26.0,33.0
68,24,255.0,221.0,18.0,22.0
68,25,21.0,201.0,26.0,26.0
68,26,401.5,541.0,37.0,42.0
68,27,81.5,68.0,35.0,32.0
68,28,101.5,248.0,21.0,26.0
68,29,262.0,98.5,18.0,23.0
68,30,277.5,15.0,19.0,22.0
68,31,377.0,294.0,18.0,20.0
68,32,537.0,173.0,18.0,22.0
68,33,52.0,399.5,24.0,31.0
68,34,195.0,584.0,22.0,28.0
68,35,612.0,67.5,18.0,27.0
68,36,132.5,609.0,21.0,30.0
68,37,518.0,316.5,24.0,29.0
68,38,414.0,547.5,20.0,25.0
68,39,275.0,106.0,26.0,22.0
68,40,412.0,415.5,22.0,25.0
68,41,566.0,123.0,16.0,24.0
68,42,155.0,322.0,24.0,30.0
68,43,553.5,146.0,19.0,24.0
68,44,214.5,283.5,23.0,19.0
68,45,124.0,567.5,18.0,29.0
68,46,560.5,195.5,21.0,25.0
68,47,273.5,157.0,19.0,28.0
68,48,248.0,347.0,18.0,24.0
68,49,439.5,564.5,19.0,25.0
68,50,247.0,292.0,20.0,26.0
68,51,245.5,271.0,23.0,26.0
68,52,302.0,70.0,22.0,30.0
68,53,260.5,195.0,19.0,20.0
68,54,81.0,204.0,20.0,26.0
68,55,235.5,327.5,19.0,25.0
68,56,458.0,390.0,28.0,30.0
68,57,476.0,570.5,22.0,29.0
68,58,597.0,417.0,26.0,30.0
68,59,73.0,189.5,22.0,29.0
68,60,13.5,499.5,17.0,21.0
68,61,604.5,294.0,15.0,24.0
68,62,138.5,635.0,21.0,10.0
68,63,318.0,572.0,20.0,24.0
69,0,347.5,440.5,81.0,97.0
69,1,235.0,177.0,54.0,56.0
69,2,364.5,418.0,19.0,22.0
69,3,550.0,478.0,20.0,20.0
69,4,343.0,359.5,22.0,35.0
69,5,318.0,419.0,22.0,30.0
69,6,356.0,311.5,24.0,25.0
69,7,235.0,170.0,20.0,24.0
69,8,260.5,367.5,21.0,21.0
69,9,418.5,110.0,21.0,28.0
69,10,110.0,276.0,24.0,26.0
69,11,88.0,68.5,42.0,43.0
69,12,208.5,211.5,31.0,33.0
69,13,311.0,199.0,22.0,22.0
69,14,397.0,188.0,20.0,30.0
69,15,234.5,514.0,25.0,30.0
69,16,373.0,441.5,18.0,21.0
69,17,483.0,224.0,18.0,24.0
69,18,433.5,81.0,27.0,30.0
69,19,557.0,45.5,20.0,29.0
69,20,213.5,274.0,23.0,18.0
69,21,250.0,131.0,24.0,30.0
69,22,255.5,221.0,17.0,22.0
69,23,540.0,21.5,18.0,31.0
69,24,401.5,540.0,37.0,42.0
69,25,21.0,201.0,26.0,26.0
69,26,82.0,68.0,36.0,32.0
69,27,277.5,15.5,19.0,23.0
69,28,382.0,137.5,26.0,33.0
69,29,101.0,248.0,20.0,26.0
69,30,262.0,98.5,18.0,23.0
69,31,195.0,584.0,22.0,28.0
69,32,537.0,173.0,18.0,22.0
69,33,377.0,294.0,18.0,20.0
69,34,412.0,415.5,22.0,25.0
69,35,612.0,67.0,18.0,28.0
69,36,414.0,547.5,20.0,25.0
69,37,518.0,316.5,24.0,29.0
69,38,133.0,608.5,22.0,31.0
69,39,275.0,106.0,26.0,22.0
69,40,51.5,398.5,25.0,31.0
69,41,566.0,123.0,16.0,24.0
69,42,559.5,194.5,21.0,25.0
69,43,155.0,323.0,24.0,30.0
69,44,553.5,146.0,19.0,24.0
69,45,124.0,568.0,18.0,30.0
69,46,79.5,204.0,21.0,28.0
69,47,248.0,347.0,18.0,24.0
69,48,247.0,291.5,20.0,25.0
69,49,246.0,271.0,22.0,26.0
69,50,439.0,564.5,18.0,23.0
69,51,300.0,71.0,22.0,30.0
69,52,274.0,157.0,20.0,28.0
69,53,260.0,195.0,18.0,20.0
69,54,595.0,419.5,24.0,29.0
69,55,214.5,283.5,23.0,19.0
69,56,70.5,185.0,21.0,30.0
69,57,454.0,389.5,26.0,29.0
69,58,8.0,495.5,16.0,21.0
69,59,238.0,322.5,20.0,25.0
69,60,472.5,570.0,23.0,28.0
69,61,315.5,565.5,19.0,25.0
69,62,138.0,635.0,22.0,10.0
69,63,274.0,174.5,20.0,23.0
69,64,605.0,298.0,16.0,24.0
70,0,347.5,440.5,81.0,97.0
70,1,235.0,177.0,54.0,56.0
70,2,364.5,418.0,19.0,22.0
70,3,550.0,478.0,20.0,20.0
70,4,343.0,359.5,22.0,35.0
70,5,234.0,170.0,20.0,24.0
70,6,311.0,199.0,22.0,22.0
70,7,356.0,311.5,24.0,25.0
70,8,318.0,418.5,22.0,31.0
70,9,88.5,68.5,43.0,43.0
70,10,260.5,367.5,21.0,21.0
70,11,418.5,110.0,21.0,28.0
70,12,208.5,211.5,31.0,33.0
70,13,110.0,276.0,24.0,26.0
70,14,234.5,514.0,25.0,30.0
70,15,250.0,131.0,24.0,30.0
70,16,397.0,188.0,20.0,30.0
70,17,434.0,81.0,28.0,30.0
70,18,483.0,224.5,18.0,25.0
70,19,373.0,441.5,18.0,21.0
70,20,557.0,45.5,20.0,29.0
70,21,213.5,274.0,23.0,18.0
70,22,540.0,21.5,18.0,31.0
70,23,255.5,221.0,17.0,22.0
70,24,21.0,201.0,26.0,26.0
70,25,101.0,247.5,20.0,27.0
70,26,382.0,137.5,26.0,33.0
70,27,277.5,15.0,19.0,22.0
70,28,81.5,68.0,35.0,32.0
70,29,401.5,540.0,37.0,42.0
70,30,537.0,173.0,18.0,22.0
70,31,195.0,584.0,22.0,28.0
70,32,377.0,294.0,18.0,20.0
70,33,262.0,98.5,18.0,23.0
70,34,412.0,415.5,22.0,25.0
70,35,274.5,106.0,27.0,22.0
70,36,414.0,547.5,20.0,25.0
70,37,612.0,67.0,18.0,28.0
70,38,518.0,316.0,24.0,30.0
70,39,133.0,608.5,22.0,31.0
70,40,51.5,399.0,25.0,32.0
70,41,566.5,123.0,17.0,24.0
70,42,559.5,195.5,21.0,25.0
70,43,155.0,323.0,24.0,30.0
70,44,553.5,146.5,19.0,25.0
70,45,273.5,157.0,19.0,28.0
70,46,79.5,203.0,21.0,28.0
70,47,248.0,347.0,18.0,24.0
70,48,124.0,568.0,18.0,30.0
70,49,246.5,271.0,23.0,26.0
70,50,247.0,291.5,20.0,25.0
70,51,439.5,564.0,19.0,24.0
70,52,296.0,69.0,22.0,28.0
70,53,260.0,195.0,18.0,20.0
70,54,214.5,283.5,23.0,19.0
70,55,469.0,570.5,22.0,29.0
70,56,600.0,416.5,26.0,33.0
70,57,449.5,388.5,27.0,27.0
70,58,245.5,320.5,19.0,23.0
70,59,66.0,180.5,22.0,29.0
70,60,603.0,302.0,20.0,24.0
70,61,5.0,499.0,10.0,24.0
70,62,138.0,635.0,22.0,10.0
71,0,347.5,440.5,81.0,97.0
71,1,235.5,177.0,53.0,56.0
71,2,364.5,418.0,19.0,22.0
71,3,550.0,478.0,20.0,20.0
71,4,343.0,359.5,22.0,35.0
71,5,418.5,110.0,21.0,28.0
71,6,318.0,419.0,22.0,30.0
71,7,234.5,170.0,21.0,24.0
71,8,260.5,367.5,21.0,21.0
71,9,88.5,68.5,43.0,43.0
71,10,356.0,311.5,24.0,25.0
71,11,208.5,211.5,31.0,33.0
71,12,110.0,276.0,24.0,26.0
71,13,234.5,514.0,25.0,30.0
71,14,311.0,199.0,22.0,22.0
71,15,373.0,441.5,18.0,21.0
71,16,396.5,188.0,21.0,30.0
71,17,483.0,224.5,18.0,25.0
71,18,250.0,131.0,24.0,30.0
71,19,557.0,45.5,22.0,29.0
71,20,434.0,81.0,28.0,30.0
71,21,540.0,21.5,18.0,31.0
71,22,101.0,247.5,20.0,27.0
71,23,213.5,274.0,23.0,18.0
71,24,255.0,221.0,18.0,22.0
71,25,20.5,201.0,25.0,26.0
71,26,51.5,399.0,25.0,32.0
71,27,402.0,540.0,38.0,42.0
71,28,81.5,68.0,35.0,32.0
71,29,277.5,15.0,19.0,22.0
71,30,377.0,294.0,18.0,20.0
71,31,537.0,173.0,18.0,22.0
71,32,195.0,584.0,22.0,28.0
71,33,382.0,137.5,26.0,33.0
71,34,262.0,99.0,18.0,24.0
71,35,414.0,547.5,20.0,25.0
71,36,412.5,415.0,23.0,26.0
71,37,612.0,67.0,18.0,28.0
71,38,133.0,609.0,22.0,30.0
71,39,274.5,106.5,27.0,23.0
71,40,517.5,316.5,23.0,29.0
71,41,566.5,123.0,17.0,24.0
71,42,273.0,157.0,20.0,28.0
71,43,559.0,195.5,22.0,25.0
71,44,155.0,323.0,24.0,30.0
71,45,79.5,204.0,21.0,28.0
71,46,553.5,146.0,19.0,24.0
71,47,248.0,346.5,18.0,23.0
71,48,124.0,568.0,18.0,30.0
71,49,294.0,67.5,22.0,27.0
71,50,246.0,271.5,22.0,27.0
71,51,247.0,291.5,20.0,25.0
71,52,439.0,564.0,18.0,24.0
71,53,259.5,195.0,19.0,20.0
71,54,595.0,428.0,24.0,26.0
71,55,467.5,571.0,23.0,28.0
71,56,249.0,321.0,18.0,22.0
71,57,447.5,389.5,27.0,29.0
71,58,138.0,635.0,22.0,10.0
71,59,600.5,416.0,25.0,30.0
71,60,4.0,500.5,8.0,23.0
71,61,64.5,178.5,23.0,29.0
71,62,607.5,304.0,19.0,24.0
72,0,347.5,440.5,81.0,97.0
72,1,235.0,177.0,54.0,56.0
72,2,364.5,418.0,19.0,22.0
72,3,550.0,478.0,20.0,20.0
72,4,343.0,360.0,22.0,34.0
72,5,311.0,199.0,22.0,22.0
72,6,88.5,68.5,43.0,43.0
72,7,356.0,311.5,24.0,25.0
72,8,318.0,419.0,22.0,30.0
72,9,234.5,170.0,21.0,24.0
72,10,419.0,110.0,22.0,28.0
72,11,235.0,514.0,24.0,30.0
72,12,373.0,441.5,18.0,21.0
72,13,260.5,367.5,21.0,21.0
72,14,208.5,211.5,31.0,33.0
72,15,483.0,224.5,18.0,25.0
72,16,396.5,188.0,21.0,30.0
72,17,110.0,276.0,24.0,26.0
72,18,557.0,45.5,20.0,29.0
72,19,433.5,81.0,27.0,30.0
72,20,195.0,584.0,22.0,28.0
72,21,255.5,221.0,17.0,22.0
72,22,540.0,21.5,18.0,31.0
72,23,101.0,247.5,20.0,27.0
72,24,382.0,137.5,26.0,33.0
72,25,277.5,15.0,19.0,22.0
72,26,402.0,540.0,38.0,42.0
72,27,213.5,274.0,23.0,18.0
72,28,20.5,201.0,25.0,26.0
72,29,249.5,130.5,25.0,31.0
72,30,82.0,68.0,36.0,32.0
72,31,377.0,294.0,18.0,20.0
72,32,537.0,173.0,18.0,22.0
72,33,262.0,99.0,18.0,24.0
72,34,51.5,399.5,25.0,33.0
72,35,133.0,609.0,22.0,30.0
72,36,612.0,67.5,18.0,27.0
72,37,274.5,107.0,27.0,22.0
72,38,559.5,195.5,21.0,25.0
72,39,274.5,158.0,19.0,28.0
72,40,414.0,547.5,20.0,25.0
72,41,517.0,316.0,24.0,30.0
72,42,289.5,64.5,21.0,27.0
72,43,566.0,123.0,16.0,24.0
72,44,412.0,415.5,22.0,25.0
72,45,553.5,146.0,19.0,24.0
72,46,155.0,323.0,24.0,30.0
72,47,79.5,203.0,21.0,28.0
72,48,124.0,567.5,18.0,29.0
72,49,247.0,347.0,18.0,24.0
72,50,245.5,271.5,23.0,27.0
72,51,439.0,562.5,20.0,23.0
72,52,261.0,193.5,20.0,23.0
72,53,247.0,293.0,20.0,26.0
72,54,600.5,417.0,25.0,30.0
72,55,442.0,394.5,28.0,29.0
72,56,462.0,578.0,22.0,30.0
72,57,592.5,435.5,23.0,27.0
72,58,254.0,323.0,18.0,24.0
72,59,57.5,170.5,23.0,29.0
72,60,138.0,635.0,20.0,10.0
72,61,607.0,317.0,16.0,24.0
73,0,347.5,440.5,81.0,97.0
73,1,235.5,177.0,53.0,56.0
73,2,364.5,418.0,19.0,22.0
73,3,311.0,199.0,22.0,22.0
73,4,549.5,478.0,19.0,20.0
73,5,343.0,359.5,22.0,35.0
73,6,234.5,170.0,21.0,24.0
73,7,235.0,514.0,24.0,30.0
73,8,356.0,312.0,24.0,26.0
73,9,483.5,224.0,17.0,24.0
73,10,261.0,367.5,20.0,21.0
73,11,318.0,419.0,22.0,30.0
73,12,88.0,68.5,42.0,43.0
73,13,208.5,211.5,31.0,33.0
73,14,418.5,110.0,21.0,28.0
73,15,373.0,441.5,18.0,21.0
73,16,433.5,81.0,27.0,30.0
73,17,396.5,188.5,21.0,29.0
73,18,557.5,45.5,21.0,29.0
73,19,110.0,275.5,24.0,27.0
73,20,540.0,21.5,18.0,31.0
73,21,51.5,398.5,25.0,31.0
73,22,273.5,158.0,19.0,28.0
73,23,277.5,15.0,19.0,22.0
73,24,249.0,130.5,24.0,31.0
73,25,401.5,540.0,37.0,42.0
73,26,195.0,584.0,22.0,28.0
73,27,81.5,67.5,35.0,31.0
73,28,214.0,274.5,22.0,17.0
73,29,255.5,221.5,17.0,21.0
73,30,382.0,137.5,26.0,33.0
73,31,101.0,248.0,20.0,26.0
73,32,20.5,201.5,25.0,25.0
73,33,412.0,415.5,22.0,25.0
73,34,377.0,294.0,18.0,20.0
73,35,262.0,99.0,18.0,24.0
73,36,537.0,173.0,18.0,22.0
73,37,133.0,609.0,22.0,30.0
73,38,611.5,67.0,17.0,28.0
73,39,275.0,107.0,26.0,22.0
73,40,517.0,316.5,24.0,29.0
73,41,414.0,547.5,20.0,25.0
73,42,566.0,123.0,16.0,24.0
73,43,559.5,195.0,21.0,24.0
73,44,154.5,323.0,23.0,30.0
73,45,289.0,64.5,20.0,27.0
73,46,553.5,146.5,19.0,23.0
73,47,124.0,567.5,18.0,29.0
73,48,80.0,203.5,20.0,27.0
73,49,247.0,347.0,18.0,24.0
73,50,438.0,562.0,20.0,22.0
73,51,247.0,292.0,20.0,26.0
73,52,261.0,194.5,20.0,23.0
73,53,245.5,271.5,23.0,27.0
73,54,439.5,398.0,27.0,28.0
73,55,601.0,417.5,24.0,29.0
73,56,460.5,579.0,21.0,28.0
73,57,593.0,439.0,22.0,26.0
73,58,608.0,318.5,16.0,23.0
73,59,56.0,169.5,22.0,27.0
73,60,255.0,321.5,20.0,25.0
73,61,138.5,635.0,21.0,10.0
74,0,347.5,440.5,81.0,97.0
74,1,235.0,177.5,54.0,57.0
74,2,364.5,418.0,19.0,22.0
74,3,311.0,199.0,22.0,22.0
74,4,235.0,514.0,24.0,30.0
74,5,343.0,359.5,22.0,35.0
74,6,356.0,312.0,24.0,26.0
74,7,549.5,477.5,19.0,21.0
74,8,483.5,224.0,17.0,24.0
74,9,235.0,170.0,20.0,24.0
74,10,418.5,110.0,21.0,28.0
74,11,88.0,69.0,42.0,44.0
74,12,248.5,130.5,25.0,31.0
74,13,208.5,211.5,31.0,33.0
74,14,318.0,419.0,22.0,30.0
74,15,433.5,81.0,27.0,30.0
74,16,260.5,367.5,21.0,21.0
74,17,396.5,188.5,21.0,29.0
74,18,557.0,45.5,20.0,29.0
74,19,372.5,441.5,19.0,21.0
74,20,109.5,276.0,25.0,26.0
74,21,540.0,21.5,18.0,31.0
74,22,213.5,274.5,23.0,17.0
74,23,277.5,15.0,19.0,22.0
74,24,273.0,158.5,20.0,29.0
74,25,402.0,540.0,38.0,42.0
74,26,382.0,138.0,26.0,32.0
74,27,195.0,584.0,22.0,28.0
74,28,101.0,248.0,20.0,26.0
74,29,81.5,67.5,35.0,31.0
74,30,21.0,201.0,26.0,26.0
74,31,377.0,294.0,18.0,20.0
74,32,132.5,609.0,21.0,30.0
74,33,261.5,99.0,17.0,24.0
74,34,275.0,107.0,26.0,22.0
74,35,611.5,67.0,17.0,28.0
74,36,414.0,547.5,20.0,25.0
74,37,537.0,173.0,18.0,22.0
74,38,412.0,415.5,22.0,25.0
74,39,517.0,316.0,24.0,28.0
74,40,51.0,398.0,24.0,32.0
74,41,255.5,221.0,17.0,22.0
74,42,566.0,123.0,16.0,24.0
74,43,154.5,323.0,23.0,30.0
74,44,559.0,196.5,22.0,25.0
74,45,553.5,146.5,19.0,23.0
74,46,124.0,567.5,18.0,29.0
74,47,289.5,65.5,21.0,27.0
74,48,438.5,560.5,19.0,23.0
74,49,79.5,203.0,21.0,28.0
74,50,247.5,292.0,19.0,26.0
74,51,244.5,271.5,23.0,27.0
74,52,247.0,347.5,18.0,23.0
74,53,261.0,196.5,20.0,21.0
74,54,433.5,397.5,27.0,29.0
74,55,598.0,417.0,24.0,28.0
74,56,52.0,171.0,24.0,28.0
74,57,259.0,331.0,18.0,26.0
74,58,455.0,575.0,22.0,28.0
74,59,606.5,323.0,15.0,24.0
74,60,138.5,635.0,21.0,10.0
74,61,600.0,441.5,24.0,25.0
74,62,290.0,566.0,20.0,26.0
75,0,347.5,440.5,81.0,97.0
75,1,235.5,177.5,53.0,57.0
75,2,364.5,418.0,19.0,22.0
75,3,311.0,199.0,22.0,22.0
75,4,343.0,359.5,22.0,35.0
75,5,235.0,514.0,24.0,30.0
75,6,356.0,312.0,24.0,26.0
75,7,483.5,224.0,17.0,24.0
75,8,248.5,130.5,25.0,31.0
75,9,550.0,477.5,20.0,21.0
75,10,235.0,170.0,20.0,24.0
75,11,88.5,68.5,43.0,43.0
75,12,418.5,110.0,21.0,28.0
75,13,208.0,211.5,32.0,33.0
75,14,433.5,81.0,27.0,30.0
75,15,260.5,367.5,21.0,21.0
75,16,318.0,419.0,22.0,30.0
75,17,396.5,189.0,21.0,30.0
75,18,372.5,441.5,19.0,21.0
75,19,540.0,21.5,18.0,31.0
75,20,557.5,45.5,21.0,29.0
75,21,213.5,274.0,23.0,18.0
75,22,277.5,15.0,19.0,22.0
75,23,101.0,248.0,20.0,26.0
75,24,109.0,276.0,24.0,26.0
75,25,402.0,539.5,38.0,43.0
75,26,195.0,584.0,22.0,28.0
75,27,273.5,158.5,19.0,29.0
75,28,20.5,201.0,25.0,26.0
75,29,81.5,67.5,35.0,31.0
75,30,382.0,138.0,26.0,32.0
75,31,377.0,294.0,18.0,20.0
75,32,537.0,173.0,18.0,22.0
75,33,133.0,609.0,22.0,30.0
75,34,261.5,99.0,17.0,24.0
75,35,275.0,106.5,26.0,23.0
75,36,611.5,67.0,17.0,28.0
75,37,255.5,221.0,17.0,22.0
75,38,50.5,398.0,25.0,32.0
75,39,516.5,316.5,23.0,29.0
75,40,414.0,547.5,20.0,25.0
75,41,566.0,123.0,16.0,24.0
75,42,412.0,415.5,22.0,25.0
75,43,154.5,323.0,23.0,30.0
75,44,553.5,146.5,19.0,23.0
75,45,559.0,196.5,22.0,25.0
75,46,124.0,567.5,18.0,29.0
75,47,288.5,64.5,21.0,27.0
75,48,247.0,347.5,18.0,23.0
75,49,438.5,560.5,19.0,23.0
75,50,247.5,292.5,19.0,25.0
75,51,80.0,203.0,20.0,26.0
75,52,244.5,272.5,23.0,27.0
75,53,260.0,194.5,20.0,21.0
75,54,452.5,573.5,21.0,27.0
75,55,597.0,417.5,26.0,31.0
75,56,262.5,331.5,19.0,23.0
75,57,432.0,402.0,26.0,30.0
75,58,287.5,564.5,21.0,27.0
75,59,606.5,325.5,15.0,25.0
75,60,52.0,171.5,22.0,29.0
75,61,138.5,635.0,21.0,10.0
76,0,347.5,440.5,81.0,97.0
76,1,235.5,177.0,55.0,56.0
76,2,364.5,418.0,19.0,22.0
76,3,234.5,514.5,25.0,31.0
76,4,343.0,360.0,22.0,34.0
76,5,483.0,224.0,18.0,24.0
76,6,311.0,199.0,22.0,22.0
76,7,356.0,311.5,24.0,25.0
76,8,235.0,169.5,20.0,23.0
76,9,550.0,477.5,20.0,21.0
76,10,418.5,110.0,21.0,28.0
76,11,208.5,211.5,31.0,33.0
76,12,249.0,131.5,24.0,31.0
76,13,88.5,68.5,43.0,43.0
76,14,318.0,419.0,22.0,30.0
76,15,433.5,81.0,27.0,30.0
76,16,260.5,368.0,21.0,22.0
76,17,396.5,189.0,21.0,30.0
76,18,101.0,248.0,20.0,26.0
76,19,277.5,15.0,19.0,22.0
76,20,540.0,21.5,18.0,31.0
76,21,372.5,441.5,19.0,21.0
76,22,557.0,45.5,20.0,29.0
76,23,109.0,276.0,24.0,26.0
76,24,402.0,539.5,38.0,43.0
76,25,213.5,274.0,23.0,18.0
76,26,20.5,201.0,25.0,26.0
76,27,195.0,584.0,22.0,28.0
76,28,81.5,67.5,35.0,31.0
76,29,537.0,173.0,18.0,22.0
76,30,255.5,221.0,17.0,22.0
76,31,382.0,138.0,26.0,32.0
76,32,261.5,99.0,17.0,24.0
76,33,377.0,294.0,18.0,20.0
76,34,133.0,608.5,22.0,31.0
76,35,274.5,106.0,27.0,22.0
76,36,611.5,67.5,17.0,27.0
76,37,516.5,316.0,23.0,30.0
76,38,414.0,547.5,20.0,25.0
76,39,566.0,123.0,16.0,24.0
76,40,274.5,158.0,21.0,30.0
76,41,51.0,398.0,24.0,32.0
76,42,79.5,202.5,21.0,27.0
76,43,553.5,146.0,19.0,24.0
76,44,154.5,323.0,23.0,30.0
76,45,287.0,63.5,20.0,27.0
76,46,412.5,415.0,23.0,26.0
76,47,124.0,567.5,18.0,29.0
76,48,559.0,197.5,22.0,25.0
76,49,247.0,347.5,18.0,23.0
76,50,246.5,291.5,19.0,25.0
76,51,259.5,192.5,19.0,19.0
76,52,438.0,559.5,20.0,21.0
76,53,244.5,272.0,23.0,26.0
76,54,269.0,331.0,18.0,24.0
76,55,430.0,407.5,26.0,29.0
76,56,448.0,578.0,22.0,28.0
76,57,597.0,417.5,26.0,31.0
76,58,47.0,166.5,22.0,29.0
76,59,138.5,635.0,21.0,10.0
77,0,347.5,440.5,81.0,97.0
77,1,235.5,177.0,55.0,56.0
77,2,364.5,418.0,19.0,22.0
77,3,234.5,514.5,25.0,31.0
77,4,343.0,360.0,22.0,34.0
77,5,311.0,199.5,22.0,23.0
77,6,550.0,478.0,20.0,20.0
77,7,483.0,224.0,18.0,24.0
77,8,356.0,311.5,24.0,25.0
77,9,234.5,169.5,21.0,23.0
77,10,88.5,69.0,43.0,44.0
77,11,249.0,131.5,24.0,31.0
77,12,318.0,419.0,22.0,30.0
77,13,208.5,211.5,31.0,33.0
77,14,260.5,368.0,21.0,22.0
77,15,418.5,110.0,21.0,28.0
77,16,277.5,15.0,19.0,22.0
77,17,433.5,81.0,27.0,30.0
77,18,101.0,248.0,20.0,26.0
77,19,396.5,189.0,21.0,30.0
77,20,557.5,45.5,21.0,29.0
77,21,110.0,276.0,24.0,26.0
77,22,372.5,441.5,19.0,21.0
77,23,540.0,22.0,18.0,30.0
77,24,402.0,540.5,38.0,43.0
77,25,213.5,274.0,23.0,18.0
77,26,50.5,398.5,25.0,33.0
77,27,195.0,584.0,22.0,28.0
77,28,20.5,201.0,25.0,26.0
77,29,81.5,68.0,35.0,32.0
77,30,537.0,173.0,18.0,22.0
77,31,261.5,99.0,17.0,24.0
77,32,382.0,138.5,26.0,33.0
77,33,255.5,221.5,17.0,21.0
77,34,133.0,608.5,22.0,31.0
77,35,377.0,294.0,18.0,20.0
77,36,611.5,67.0,17.0,28.0
77,37,516.5,315.5,23.0,29.0
77,38,274.5,106.0,27.0,22.0
77,39,566.0,123.0,16.0,24.0
77,40,275.0,157.5,20.0,29.0
77,41,413.5,547.5,19.0,25.0
77,42,553.5,146.0,19.0,24.0
77,43,154.5,323.0,23.0,30.0
77,44,412.5,415.5,23.0,25.0
77,45,287.5,63.5,21.0,27.0
77,46,124.0,567.5,18.0,29.0
77,47,79.5,202.5,21.0,27.0
77,48,247.0,347.5,18.0,23.0
77,49,438.0,559.5,20.0,21.0
77,50,558.5,198.0,21.0,24.0
77,51,246.5,292.0,19.0,26.0
77,52,259.5,192.5,19.0,19.0
77,53,244.5,272.0,23.0,28.0
77,54,429.5,410.0,25.0,28.0
77,55,46.0,164.0,22.0,28.0
77,56,597.5,416.5,27.0,31.0
77,57,269.0,333.0,18.0,22.0
77,58,447.0,577.0,22.0,26.0
77,59,138.5,635.0,21.0,10.0
78,0,347.5,440.5,81.0,97.0
78,1,235.0,177.0,54.0,56.0
78,2,364.5,418.0,19.0,22.0
78,3,311.0,199.0,22.0,22.0
78,4,343.0,360.0,22.0,34.0
78,5,234.5,514.5,25.0,31.0
78,6,549.5,478.0,19.0,20.0
78,7,483.0,224.0,18.0,24.0
78,8,356.0,311.5,24.0,25.0
78,9,234.5,169.0,21.0,24.0
78,10,88.5,69.0,43.0,44.0
78,11,418.5,110.0,21.0,28.0
78,12,318.0,419.0,22.0,30.0
78,13,208.0,211.5,32.0,33.0
78,14,249.0,131.5,24.0,31.0
78,15,434.0,81.0,28.0,30.0
78,16,277.5,15.0,19.0,22.0
78,17,396.5,188.5,21.0,31.0
78,18,109.5,276.0,23.0,26.0
78,19,557.5,45.5,21.0,29.0
78,20,402.0,540.5,38.0,43.0
78,21,372.5,441.5,19.0,21.0
78,22,101.0,248.0,20.0,26.0
78,23,540.0,22.0,18.0,30.0
78,24,260.5,367.5,21.0,21.0
78,25,213.5,274.0,23.0,18.0
78,26,195.0,584.0,22.0,28.0
78,27,261.5,98.5,17.0,23.0
78,28,20.5,201.0,25.0,26.0
78,29,537.0,172.5,18.0,23.0
78,30,81.5,68.0,35.0,32.0
78,31,382.0,138.0,26.0,32.0
78,32,377.0,294.0,18.0,20.0
78,33,516.5,316.5,23.0,29.0
78,34,51.0,398.5,26.0,33.0
78,35,133.0,608.5,22.0,31.0
78,36,274.5,106.0,27.0,22.0
78,37,611.5,67.0,17.0,28.0
78,38,274.5,158.5,21.0,29.0
78,39,154.0,323.0,24.0,30.0
78,40,566.0,123.0,16.0,24.0
78,41,256.0,221.0,18.0,22.0
78,42,413.5,547.5,19.0,25.0
78,43,553.5,146.5,19.0,23.0
78,44,286.5,63.5,21.0,27.0
78,45,412.5,415.5,23.0,25.0
78,46,124.0,568.0,18.0,30.0
78,47,438.0,559.5,20.0,23.0
78,48,247.0,347.5,18.0,23.0
78,49,80.0,202.5,20.0,27.0
78,50,559.5,199.0,21.0,24.0
78,51,247.0,292.5,20.0,25.0
78,52,259.5,193.0,19.0,20.0
78,53,244.5,272.5,23.0,27.0
78,54,596.5,416.5,27.0,31.0
78,55,214.0,283.5,22.0,19.0
78,56,269.0,336.0,18.0,22.0
78,57,428.0,409.5,24.0,27.0
78,58,44.5,163.0,23.0,28.0
78,59,446.5,578.0,21.0,26.0
78,60,604.5,335.5,17.0,25.0
78,61,138.5,635.0,21.0,10.0
78,62,597.5,458.5,19.0,27.0
78,63,280.5,574.0,21.0,26.0
79,0,347.5,440.5,81.0,97.0
79,1,235.0,177.0,54.0,56.0
79,2,364.5,418.0,19.0,22.0
79,3,311.0,199.5,22.0,23.0
79,4,343.0,360.0,22.0,34.0
79,5,235.0,514.5,24.0,31.0
79,6,483.0,224.0,18.0,24.0
79,7,356.0,311.5,24.0,25.0
79,8,550.0,478.0,20.0,20.0
79,9,234.5,169.0,21.0,24.0
79,10,418.5,110.0,21.0,28.0
79,11,88.5,69.0,43.0,44.0
79,12,208.0,211.5,32.0,33.0
79,13,249.0,131.5,24.0,31.0
79,14,318.0,419.0,22.0,30.0
79,15,434.0,81.0,28.0,30.0
79,16,277.5,15.0,19.0,22.0
79,17,109.0,276.0,24.0,26.0
79,18,557.5,45.5,21.0,29.0
79,19,540.0,21.5,18.0,31.0
79,20,372.5,441.5,19.0,21.0
79,21,195.0,584.0,22.0,28.0
79,22,396.5,188.5,21.0,31.0
79,23,402.0,540.5,38.0,43.0
79,24,260.5,367.5,21.0,21.0
79,25,101.0,248.0,20.0,26.0
79,26,213.5,274.0,23.0,18.0
79,27,51.0,399.5,26.0,33.0
79,28,382.0,138.0,26.0,32.0
79,29,81.5,67.5,35.0,31.0
79,30,537.0,172.5,18.0,23.0
79,31,261.5,99.0,17.0,24.0
79,32,377.0,294.0,18.0,20.0
79,33,275.0,106.0,26.0,22.0
79,34,133.0,608.5,22.0,31.0
79,35,611.5,67.0,17.0,28.0
79,36,21.0,201.0,26.0,26.0
79,37,516.5,316.0,23.0,30.0
79,38,154.0,323.0,24.0,30.0
79,39,286.5,63.5,21.0,27.0
79,40,255.0,221.5,18.0,23.0
79,41,274.5,159.0,21.0,30.0
79,42,566.0,123.0,16.0,24.0
79,43,553.5,146.0,19.0,24.0
79,44,413.5,547.5,19.0,25.0
79,45,124.0,567.5,18.0,29.0
79,46,247.0,347.5,18.0,23.0
79,47,214.5,284.0,23.0,20.0
79,48,412.5,415.0,23.0,26.0
79,49,437.0,558.5,20.0,21.0
79,50,246.5,292.0,19.0,26.0
79,51,558.5,199.0,21.0,24.0
79,52,259.5,193.5,19.0,19.0
79,53,271.5,336.5,19.0,23.0
79,54,80.5,202.0,21.0,28.0
79,55,596.5,416.0,27.0,30.0
79,56,426.0,409.0,24.0,28.0
79,57,244.0,272.5,22.0,27.0
79,58,445.0,580.0,22.0,28.0
79,59,598.5,460.5,17.0,25.0
79,60,44.0,161.5,22.0,29.0
79,61,278.0,576.5,20.0,25.0
79,62,138.5,635.0,21.0,10.0
80,0,347.5,440.5,81.0,97.0
80,1,235.0,177.0,54.0,56.0
80,2,364.5,418.0,19.0,22.0
80,3,311.0,199.5,22.0,23.0
80,4,343.0,360.0,22.0,34.0
80,5,234.5,514.0,25.0,30.0
80,6,483.0,224.0,18.0,24.0
80,7,356.0,311.5,24.0,25.0
80,8,234.5,170.0,21.0,24.0
80,9,550.0,478.0,20.0,20.0
80,10,418.5,110.0,21.0,28.0
80,11,88.5,69.0,43.0,44.0
80,12,249.0,131.5,24.0,31.0
80,13,208.5,211.5,31.0,33.0
80,14,434.0,81.0,28.0,30.0
80,15,277.5,15.0,19.0,22.0
80,16,318.0,419.0,22.0,30.0
80,17,109.0,276.0,24.0,26.0
80,18,101.0,248.0,20.0,26.0
80,19,402.0,540.5,38.0,43.0
80,20,557.5,45.5,21.0,29.0
80,21,540.0,22.0,18.0,30.0
80,22,372.5,441.5,19.0,21.0
80,23,396.5,188.5,21.0,31.0
80,24,195.0,584.0,22.0,28.0
80,25,260.5,367.5,21.0,21.0
80,26,382.0,138.0,26.0,32.0
80,27,81.5,67.5,35.0,31.0
80,28,213.5,274.0,23.0,18.0
80,29,537.0,172.5,18.0,23.0
80,30,51.0,399.0,26.0,32.0
80,31,261.5,99.0,17.0,24.0
80,32,377.0,294.0,18.0,20.0
80,33,133.0,608.5,22.0,31.0
80,34,21.0,201.0,26.0,26.0
80,35,611.5,67.0,17.0,28.0
80,36,517.0,316.0,24.0,30.0
80,37,275.0,106.0,26.0,22.0
80,38,154.0,323.0,24.0,30.0
80,39,287.0,63.0,20.0,26.0
80,40,566.0,123.0,16.0,24.0
80,41,274.5,159.0,21.0,30.0
80,42,553.5,146.0,19.0,24.0
80,43,255.0,221.5,18.0,23.0
80,44,124.0,567.5,18.0,29.0
80,45,413.5,547.5,19.0,25.0
80,46,247.0,347.5,18.0,23.0
80,47,437.5,558.5,19.0,21.0
80,48,246.5,292.0,19.0,26.0
80,49,559.0,199.0,20.0,24.0
80,50,412.0,415.5,22.0,25.0
80,51,80.5,202.0,21.0,28.0
80,52,259.0,193.5,18.0,19.0
80,53,597.0,417.0,26.0,30.0
80,54,273.5,335.5,19.0,23.0
80,55,214.0,283.5,22.0,19.0
80,56,243.5,272.0,23.0,26.0
80,57,424.0,408.5,24.0,27.0
80,58,602.5,464.0,17.0,26.0
80,59,444.5,584.5,21.0,27.0
80,60,44.5,159.0,21.0,28.0
80,61,276.5,576.0,19.0,26.0
80,62,138.5,635.0,21.0,10.0
80,63,603.5,337.5,15.0,25.0
81,0,235.5,177.5,55.0,55.0
81,1,364.5,418.0,19.0,22.0
81,2,347.5,440.5,79.0,97.0
81,3,311.0,198.0,22.0,20.0
81,4,358.0,313.0,24.0,26.0
81,5,104.0,248.0,20.0,26.0
81,6,88.5,70.0,35.0,32.0
81,7,256.0,131.0,24.0,30.0
81,8,235.5,511.5,25.0,31.0
81,9,411.5,416.5,23.0,25.0
81,10,438.0,84.0,28.0,30.0
81,11,213.0,210.5,32.0,33.0
81,12,80.5,204.0,21.0,28.0
81,13,373.0,441.5,18.0,21.0
81,14,343.0,360.0,22.0,34.0
81,15,167.0,323.0,24.0,30.0
81,16,275.0,106.0,26.0,22.0
81,17,401.5,540.0,37.0,42.0
81,18,378.0,295.0,18.0,20.0
81,19,137.5,612.5,21.0,29.0
81,20,404.5,193.5,21.0,31.0
81,21,541.5,21.0,19.0,32.0
81,22,214.0,274.0,24.0,18.0
81,23,234.5,169.0,21.0,24.0
81,24,274.0,161.0,20.0,30.0
81,25,468.0,539.0,18.0,28.0
81,26,117.0,276.0,24.0,26.0
81,27,605.5,419.0,27.0,30.0
81,28,56.5,401.0,23.0,32.0
81,29,388.5,141.5,25.0,23.0
81,30,20.0,201.5,26.0,27.0
81,31,89.5,69.5,43.0,45.0
81,32,420.0,107.5,22.0,27.0
81,33,343.0,73.5,24.0,27.0
81,34,249.5,269.5,23.0,27.0
81,35,278.5,15.0,19.0,24.0
81,36,263.0,198.5,20.0,19.0
81,37,255.0,222.0,18.0,22.0
81,38,558.0,142.0,18.0,24.0
81,39,132.0,564.0,18.0,30.0
81,40,252.5,294.5,19.0,23.0
81,41,262.0,94.0,16.0,22.0
81,42,488.0,222.5,20.0,25.0
81,43,548.5,477.0,19.0,20.0
81,44,319.0,415.5,22.0,31.0
81,45,559.5,47.5,21.0,29.0
81,46,253.0,342.0,18.0,24.0
81,47,537.0,188.5,26.0,21.0
81,48,201.0,584.0,22.0,28.0
81,49,616.0,73.0,20.0,28.0
81,50,407.5,542.0,23.0,26.0
81,51,81.5,115.5,21.0,33.0
81,52,420.5,546.5,19.0,21.0
81,53,566.0,129.5,16.0,23.0
81,54,596.5,183.0,25.0,26.0
81,55,258.0,366.0,20.0,22.0
81,56,549.0,339.0,22.0,22.0
81,57,603.0,302.5,22.0,25.0
81,58,193.5,629.5,19.0,21.0
81,59,605.5,171.0,21.0,26.0
81,60,591.0,254.5,20.0,23.0
81,61,530.5,430.0,21.0,30.0
81,62,233.5,389.5,27.0,31.0
81,63,322.0,439.5,24.0,27.0
82,0,347.5,440.5,81.0,97.0
82,1,235.0,177.0,54.0,54.0
82,2,364.5,418.0,19.0,22.0
82,3,343.0,360.0,22.0,34.0
82,4,234.5,514.5,25.0,31.0
82,5,483.0,224.5,18.0,25.0
82,6,356.0,311.5,24.0,25.0
82,7,311.0,199.5,22.0,23.0
82,8,418.5,110.0,21.0,28.0
82,9,234.5,169.0,21.0,24.0
82,10,101.0,248.0,20.0,26.0
82,11,550.0,477.5,20.0,21.0
82,12,110.0,276.0,24.0,26.0
82,13,372.5,441.5,19.0,21.0
82,14,249.5,132.5,25.0,31.0
82,15,382.0,138.0,26.0,32.0
82,16,434.0,80.5,28.0,31.0
82,17,87.5,68.0,43.0,44.0
82,18,318.0,418.5,22.0,31.0
82,19,208.5,211.5,31.0,33.0
82,20,540.0,22.0,18.0,30.0
82,21,277.5,15.0,19.0,22.0
82,22,81.5,67.5,35.0,31.0
82,23,557.0,45.5,20.0,29.0
82,24,396.0,189.0,20.0,30.0
82,25,195.0,584.0,22.0,28.0
82,26,403.0,540.5,38.0,43.0
82,27,213.5,274.0,23.0,18.0
82,28,260.5,367.0,21.0,22.0
82,29,261.5,98.5,17.0,23.0
82,30,20.5,201.5,25.0,27.0
82,31,50.5,399.5,25.0,33.0
82,32,274.5,106.0,27.0,22.0
82,33,132.5,609.0,21.0,30.0
82,34,536.5,172.0,19.0,22.0
82,35,611.5,67.0,19.0,28.0
82,36,517.0,316.5,24.0,29.0
82,37,377.0,294.0,18.0,20.0
82,38,565.5,122.5,17.0,25.0
82,39,154.5,323.0,23.0,30.0
82,40,553.5,146.0,19.0,24.0
82,41,274.5,159.5,21.0,29.0
82,42,123.5,568.0,17.0,30.0
82,43,285.0,62.5,20.0,27.0
82,44,81.0,204.5,20.0,27.0
82,45,414.0,547.0,20.0,26.0
82,46,254.5,221.0,19.0,22.0
82,47,247.5,346.5,17.0,23.0
82,48,246.0,291.0,20.0,26.0
82,49,557.5,198.5,21.0,25.0
82,50,597.0,417.0,26.0,30.0
82,51,437.5,556.5,21.0,21.0
82,52,244.0,271.0,22.0,26.0
82,53,412.0,415.5,24.0,27.0
82,54,258.5,194.0,19.0,20.0
82,55,280.0,327.0,20.0,22.0
82,56,270.0,568.5,20.0,25.0
82,57,36.0,152.0,22.0,28.0
82,58,609.5,467.0,19.0,26.0
82,59,605.0,349.5,14.0,23.0
82,60,436.5,583.0,23.0,28.0
83,0,348.0,440.5,82.0,97.0
83,1,235.0,177.0,54.0,56.0
83,2,364.5,418.0,19.0,22.0
83,3,343.0,360.0,22.0,34.0
83,4,483.0,224.0,18.0,24.0
83,5,234.5,514.5,25.0,31.0
83,6,356.0,311.5,24.0,25.0
83,7,550.0,477.5,20.0,21.0
83,8,311.0,199.5,22.0,23.0
83,9,373.0,441.5,18.0,21.0
83,10,418.5,110.0,21.0,28.0
83,11,234.5,169.5,21.0,25.0
83,12,110.0,276.0,24.0,26.0
83,13,101.0,248.0,20.0,26.0
83,14,88.0,68.0,42.0,44.0
83,15,249.5,132.0,25.0,30.0
83,16,434.0,81.0,28.0,30.0
83,17,382.0,138.0,26.0,32.0
83,18,318.0,419.0,22.0,30.0
83,19,540.0,22.0,18.0,30.0
83,20,556.5,45.5,21.0,29.0
83,21,277.5,15.0,19.0,22.0
83,22,208.0,211.5,32.0,33.0
83,23,81.5,67.5,35.0,31.0
83,24,396.0,189.0,20.0,30.0
83,25,195.0,584.0,22.0,28.0
83,26,213.5,274.0,23.0,18.0
83,27,261.0,367.0,20.0,22.0
83,28,51.0,399.5,26.0,33.0
83,29,402.0,540.5,38.0,43.0
83,30,261.5,99.0,17.0,24.0
83,31,20.5,201.5,25.0,25.0
83,32,274.5,106.0,27.0,22.0
83,33,132.5,608.5,21.0,31.0
83,34,377.0,294.0,18.0,20.0
83,35,516.5,316.5,23.0,29.0
83,36,536.5,172.0,19.0,22.0
83,37,612.0,67.0,18.0,28.0
83,38,565.5,122.5,17.0,25.0
83,39,154.0,323.0,24.0,30.0
83,40,553.5,146.0,19.0,24.0
83,41,275.0,159.0,20.0,30.0
83,42,248.0,346.5,18.0,23.0
83,43,124.0,567.5,18.0,29.0
83,44,284.5,63.0,21.0,28.0
83,45,414.0,547.0,20.0,26.0
83,46,81.0,204.5,20.0,27.0
83,47,558.0,198.5,22.0,25.0
83,48,246.0,292.0,20.0,26.0
83,49,437.5,557.0,21.0,20.0
83,50,243.5,272.0,23.0,26.0
83,51,597.5,414.5,27.0,31.0
83,52,251.0,222.5,20.0,25.0
83,53,258.0,194.5,20.0,21.0
83,54,214.5,283.5,23.0,19.0
83,55,410.5,418.5,23.0,25.0
83,56,283.5,323.0,21.0,22.0
83,57,435.0,582.0,22.0,28.0
83,58,605.5,355.0,15.0,24.0
83,59,609.5,473.0,15.0,24.0
83,60,269.5,579.5,19.0,25.0
83,61,35.5,149.0,21.0,28.0
84,0,347.5,440.5,81.0,97.0
84,1,235.5,178.0,55.0,56.0
84,2,364.5,418.0,19.0,22.0
84,3,343.0,360.0,22.0,34.0
84,4,483.0,224.0,18.0,24.0
84,5,418.5,110.0,21.0,28.0
84,6,234.5,515.0,25.0,30.0
84,7,356.0,311.5,24.0,25.0
84,8,88.5,68.5,43.0,43.0
84,9,311.0,199.5,22.0,23.0
84,10,549.5,477.5,19.0,21.0
84,11,434.0,80.5,28.0,31.0
84,12,249.0,132.0,24.0,30.0
84,13,372.5,441.0,19.0,22.0
84,14,110.0,276.0,24.0,26.0
84,15,101.0,248.0,20.0,26.0
84,16,382.0,138.0,26.0,32.0
84,17,277.5,15.0,19.0,22.0
84,18,318.0,419.0,22.0,30.0
84,19,234.5,170.0,21.0,24.0
84,20,540.0,22.0,18.0,30.0
84,21,81.5,67.5,35.0,31.0
84,22,195.0,584.0,22.0,28.0
84,23,556.5,45.5,21.0,29.0
84,24,213.5,274.0,23.0,18.0
84,25,395.5,189.0,21.0,30.0
84,26,402.0,540.0,38.0,42.0
84,27,50.0,399.0,26.0,34.0
84,28,260.5,367.0,21.0,22.0
84,29,208.0,211.0,32.0,32.0
84,30,261.5,99.0,17.0,24.0
84,31,132.5,608.5,21.0,31.0
84,32,20.5,201.5,25.0,27.0
84,33,516.0,316.0,24.0,30.0
84,34,274.5,106.0,27.0,22.0
84,35,536.5,172.0,19.0,22.0
84,36,377.0,294.0,18.0,20.0
84,37,612.0,67.0,18.0,28.0
84,38,565.5,122.5,17.0,25.0
84,39,154.0,323.0,24.0,30.0
84,40,274.5,159.0,21.0,30.0
84,41,553.5,146.0,19.0,24.0
84,42,438.0,557.0,20.0,20.0
84,43,413.5,547.5,19.0,25.0
84,44,123.0,568.0,18.0,30.0
84,45,247.5,347.0,17.0,24.0
84,46,284.0,63.0,22.0,28.0
84,47,80.5,203.5,21.0,27.0
84,48,246.0,291.0,20.0,26.0
84,49,244.0,227.0,18.0,22.0
84,50,556.5,197.5,21.0,25.0
84,51,287.5,323.0,19.0,20.0
84,52,596.0,417.0,26.0,30.0
84,53,244.5,272.0,23.0,26.0
84,54,407.0,415.0,24.0,26.0
84,55,258.0,194.5,20.0,21.0
84,56,255.0,222.0,18.0,22.0
84,57,431.5,583.0,21.0,26.0
84,58,31.5,148.5,21.0,27.0
84,59,606.0,356.5,18.0,25.0
84,60,615.5,473.5,21.0,29.0
84,61,138.0,635.0,22.0,10.0
85,0,348.0,440.5,82.0,97.0
85,1,235.0,178.0,54.0,56.0
85,2,364.5,418.0,19.0,22.0
85,3,343.0,359.5,22.0,35.0
85,4,311.0,199.5,22.0,23.0
85,5,248.5,132.0,25.0,30.0
85,6,549.5,478.0,19.0,20.0
85,7,482.5,224.0,17.0,24.0
85,8,356.0,311.5,24.0,25.0
85,9,372.5,441.5,19.0,21.0
85,10,433.5,81.0,27.0,30.0
85,11,234.5,515.0,25.0,30.0
85,12,101.0,248.0,20.0,26.0
85,13,234.5,169.5,21.0,25.0
85,14,418.5,109.5,21.0,27.0
85,15,88.5,69.0,43.0,44.0
85,16,277.0,15.0,18.0,22.0
85,17,109.5,276.0,23.0,26.0
85,18,540.0,22.0,18.0,30.0
85,19,317.5,419.0,21.0,30.0
85,20,556.5,45.5,21.0,29.0
85,21,395.5,188.5,21.0,31.0
85,22,382.0,138.0,26.0,32.0
85,23,213.0,273.5,22.0,17.0
85,24,260.0,367.0,20.0,20.0
85,25,207.5,211.0,31.0,34.0
85,26,195.0,584.0,22.0,28.0
85,27,261.5,98.5,17.0,23.0
85,28,81.5,67.5,35.0,31.0
85,29,401.5,540.0,37.0,42.0
85,30,132.5,608.5,21.0,31.0
85,31,275.0,106.0,26.0,22.0
85,32,536.5,172.0,19.0,22.0
85,33,20.5,201.5,25.0,25.0
85,34,516.0,315.5,24.0,29.0
85,35,50.5,398.5,25.0,33.0
85,36,377.0,294.0,18.0,20.0
85,37,153.5,323.0,23.0,30.0
85,38,612.0,67.0,18.0,28.0
85,39,247.5,346.0,17.0,24.0
85,40,565.5,122.5,17.0,25.0
85,41,275.0,159.5,20.0,29.0
85,42,408.0,420.5,24.0,27.0
85,43,553.5,146.0,19.0,24.0
85,44,81.0,204.5,20.0,27.0
85,45,124.0,567.5,18.0,29.0
85,46,413.5,547.5,19.0,25.0
85,47,284.5,62.0,21.0,28.0
85,48,246.0,292.0,20.0,26.0
85,49,247.5,235.0,19.0,24.0
85,50,555.5,197.5,21.0,25.0
85,51,255.5,220.0,17.0,20.0
85,52,243.5,272.5,23.0,25.0
85,53,437.0,557.0,20.0,20.0
85,54,596.0,416.5,26.0,29.0
85,55,214.5,283.5,23.0,19.0
85,56,259.0,192.5,18.0,21.0
85,57,28.0,146.0,20.0,26.0
85,58,288.5,316.5,19.0,23.0
85,59,623.0,479.5,22.0,27.0
85,60,260.5,578.5,17.0,23.0
85,61,138.5,634.5,21.0,11.0
85,62,426.0,589.0,22.0,26.0
86,0,347.5,440.5,81.0,97.0
86,1,235.0,177.0,56.0,56.0
86,2,364.0,418.0,18.0,22.0
86,3,343.0,360.5,22.0,35.0
86,4,311.0,199.5,22.0,23.0
86,5,550.0,478.0,20.0,20.0
86,6,483.0,224.0,18.0,24.0
86,7,101.0,248.0,20.0,26.0
86,8,317.5,419.0,21.0,30.0
86,9,249.0,132.0,24.0,30.0
86,10,418.5,110.0,21.0,28.0
86,11,434.0,80.5,28.0,31.0
86,12,234.5,168.5,21.0,25.0
86,13,234.5,515.0,25.0,30.0
86,14,88.0,68.5,42.0,43.0
86,15,356.0,311.5,24.0,25.0
86,16,277.0,15.0,18.0,22.0
86,17,260.0,368.0,20.0,20.0
86,18,556.5,45.5,21.0,29.0
86,19,381.5,138.5,25.0,33.0
86,20,395.5,188.0,21.0,30.0
86,21,109.5,276.0,25.0,26.0
86,22,372.5,441.5,19.0,21.0
86,23,81.5,67.0,35.0,32.0
86,24,540.0,21.5,18.0,31.0
86,25,213.0,274.0,22.0,18.0
86,26,207.0,211.0,32.0,34.0
86,27,194.5,584.5,21.0,27.0
86,28,50.5,400.5,27.0,35.0
86,29,516.0,315.5,24.0,29.0
86,30,132.5,608.5,21.0,31.0
86,31,153.0,324.0,24.0,30.0
86,32,261.5,99.0,17.0,24.0
86,33,20.5,201.0,25.0,26.0
86,34,401.5,540.0,37.0,42.0
86,35,376.5,293.5,17.0,19.0
86,36,536.0,172.0,18.0,22.0
86,37,565.5,122.5,17.0,25.0
86,38,275.0,106.0,26.0,22.0
86,39,612.0,68.0,18.0,28.0
86,40,80.5,204.0,21.0,28.0
86,41,413.5,546.5,19.0,25.0
86,42,553.5,146.0,19.0,24.0
86,43,275.0,158.5,20.0,29.0
86,44,123.0,568.5,18.0,29.0
86,45,255.5,220.0,17.0,20.0
86,46,284.0,61.5,22.0,29.0
86,47,246.5,346.0,19.0,24.0
86,48,556.0,197.0,22.0,26.0
86,49,595.5,416.0,25.0,30.0
86,50,246.0,292.0,20.0,26.0
86,51,438.5,556.5,21.0,21.0
86,52,255.5,241.0,19.0,24.0
86,53,293.5,308.5,19.0,21.0
86,54,244.0,272.0,22.0,26.0
86,55,409.5,420.0,23.0,26.0
86,56,396.0,416.0,22.0,24.0
86,57,258.0,193.5,18.0,21.0
86,58,250.5,579.5,19.0,23.0
86,59,420.0,593.0,24.0,28.0
86,60,621.0,489.0,20.0,26.0
86,61,21.0,148.5,20.0,25.0
87,0,347.0,440.5,80.0,97.0
87,1,235.0,177.0,56.0,56.0
87,2,364.0,418.0,18.0,22.0
87,3,550.0,478.5,20.0,21.0
87,4,311.0,199.5,22.0,23.0
87,5,343.0,360.5,22.0,35.0
87,6,483.0,224.0,18.0,24.0
87,7,234.5,168.5,21.0,25.0
87,8,249.0,132.0,24.0,30.0
87,9,317.5,419.5,23.0,31.0
87,10,434.0,80.5,28.0,31.0
87,11,101.0,248.0,20.0,26.0
87,12,277.0,15.0,18.0,22.0
87,13,418.5,110.0,21.0,28.0
87,14,88.5,68.5,43.0,43.0
87,15,260.0,368.5,20.0,21.0
87,16,373.0,441.5,18.0,21.0
87,17,234.5,515.0,25.0,30.0
87,18,382.0,138.5,26.0,33.0
87,19,356.0,311.5,24.0,25.0
87,20,395.5,188.0,21.0,30.0
87,21,556.5,45.5,21.0,29.0
87,22,109.0,276.0,24.0,26.0
87,23,213.0,274.0,22.0,18.0
87,24,80.5,67.0,35.0,32.0
87,25,540.0,21.5,18.0,31.0
87,26,50.5,400.5,27.0,35.0
87,27,194.5,584.5,21.0,27.0
87,28,207.0,211.0,32.0,34.0
87,29,401.5,539.0,37.0,42.0
87,30,516.0,315.5,24.0,29.0
87,31,261.5,99.0,17.0,24.0
87,32,536.0,172.0,18.0,22.0
87,33,377.0,293.5,18.0,19.0
87,34,153.0,323.5,24.0,31.0
87,35,275.0,106.0,26.0,22.0
87,36,565.5,122.5,17.0,25.0
87,37,132.5,608.5,21.0,31.0
87,38,612.0,68.0,18.0,28.0
87,39,275.0,158.5,20.0,29.0
87,40,553.5,146.0,19.0,24.0
87,41,413.5,546.0,19.0,24.0
87,42,123.0,568.5,18.0,29.0
87,43,80.5,203.5,21.0,27.0
87,44,21.0,201.0,26.0,26.0
87,45,255.5,220.0,17.0,20.0
87,46,247.0,346.0,18.0,24.0
87,47,283.5,61.5,21.0,29.0
87,48,246.0,292.0,20.0,26.0
87,49,556.0,197.0,22.0,26.0
87,50,595.0,415.5,26.0,29.0
87,51,438.5,556.0,21.0,22.0
87,52,243.0,271.0,22.0,26.0
87,53,409.0,420.5,22.0,25.0
87,54,392.5,412.5,23.0,25.0
87,55,296.0,312.0,20.0,22.0
87,56,257.0,243.5,20.0,25.0
87,57,258.0,193.0,18.0,22.0
87,58,618.0,491.0,18.0,24.0
87,59,20.0,146.0,22.0,26.0
87,60,137.5,634.5,21.0,11.0
87,61,251.0,584.0,18.0,24.0
87,62,419.0,592.0,24.0,26.0
87,63,603.5,370.5,15.0,23.0
88,0,347.0,440.5,80.0,97.0
88,1,235.0,177.0,56.0,56.0
88,2,364.0,418.0,18.0,22.0
88,3,343.0,360.5,22.0,35.0
88,4,550.0,478.5,20.0,21.0
88,5,483.0,224.0,18.0,24.0
88,6,311.0,199.5,22.0,23.0
88,7,317.5,419.0,23.0,30.0
88,8,434.0,80.5,28.0,31.0
88,9,249.0,132.0,24.0,30.0
88,10,234.5,169.0,21.0,24.0
88,11,418.5,110.0,21.0,28.0
88,12,101.0,248.0,20.0,26.0
88,13,234.5,515.0,25.0,30.0
88,14,88.5,69.0,43.0,44.0
88,15,277.0,15.0,18.0,22.0
88,16,356.0,311.5,24.0,25.0
88,17,556.5,45.5,21.0,29.0
88,18,109.0,276.0,24.0,26.0
88,19,395.5,188.0,21.0,30.0
88,20,373.0,441.5,18.0,21.0
88,21,382.0,138.5,26.0,33.0
88,22,80.5,67.0,35.0,32.0
88,23,213.5,274.0,23.0,18.0
88,24,260.5,367.5,21.0,21.0
88,25,540.0,21.5,18.0,31.0
88,26,194.5,584.5,21.0,27.0
88,27,50.5,400.5,27.0,35.0
88,28,207.0,210.5,32.0,33.0
88,29,401.5,538.0,37.0,42.0
88,30,516.0,315.5,24.0,29.0
88,31,21.0,201.0,26.0,26.0
88,32,153.0,323.5,24.0,31.0
88,33,536.0,172.0,18.0,22.0
88,34,377.0,294.0,18.0,20.0
88,35,261.5,99.0,17.0,24.0
88,36,132.5,608.5,21.0,31.0
88,37,80.5,203.5,21.0,27.0
88,38,275.0,106.0,26.0,22.0
88,39,565.5,122.5,17.0,25.0
88,40,408.5,540.5,21.0,27.0
88,41,612.0,68.0,18.0,28.0
88,42,255.5,220.5,17.0,21.0
88,43,553.5,146.0,19.0,24.0
88,44,275.0,158.5,20.0,29.0
88,45,123.0,568.0,18.0,30.0
88,46,283.5,61.5,21.0,29.0
88,47,245.0,291.5,20.0,25.0
88,48,409.5,420.5,21.0,25.0
88,49,246.5,347.5,17.0,23.0
88,50,438.5,555.5,21.0,21.0
88,51,556.0,197.0,22.0,26.0
88,52,595.0,415.0,26.0,28.0
88,53,391.5,412.0,23.0,24.0
88,54,242.0,271.0,22.0,26.0
88,55,298.5,313.5,21.0,21.0
88,56,259.0,193.0,18.0,22.0
88,57,257.5,246.0,19.0,26.0
88,58,618.0,493.0,18.0,24.0
88,59,19.5,146.0,19.0,26.0
88,60,603.0,373.0,18.0,24.0
88,61,419.0,590.0,24.0,26.0
88,62,137.5,634.5,21.0,11.0
88,63,251.0,588.0,18.0,24.0
89,0,347.5,440.5,81.0,97.0
89,1,235.0,177.5,56.0,57.0
89,2,364.0,418.0,18.0,22.0
89,3,343.0,360.5,22.0,35.0
89,4,550.0,478.5,20.0,21.0
89,5,483.0,224.0,18.0,24.0
89,6,311.0,199.5,22.0,23.0
89,7,433.5,80.5,27.0,31.0
89,8,317.0,419.5,22.0,31.0
89,9,234.0,169.0,22.0,24.0
89,10,418.0,110.0,22.0,28.0
89,11,249.0,132.0,24.0,30.0
89,12,356.0,311.5,24.0,25.0
89,13,277.0,15.0,18.0,22.0
89,14,101.0,248.0,20.0,26.0
89,15,109.0,276.0,24.0,26.0
89,16,234.5,515.5,25.0,31.0
89,17,556.5,45.5,21.0,29.0
89,18,382.0,138.5,26.0,33.0
89,19,395.5,188.5,21.0,31.0
89,20,88.0,68.0,42.0,44.0
89,21,213.0,274.0,22.0,18.0
89,22,540.0,21.5,18.0,31.0
89,23,373.5,441.0,19.0,22.0
89,24,80.5,67.0,35.0,32.0
89,25,260.5,366.5,21.0,21.0
89,26,194.0,584.5,22.0,27.0
89,27,207.0,210.5,32.0,33.0
89,28,50.5,400.5,27.0,35.0
89,29,153.0,324.0,24.0,30.0
89,30,401.5,538.0,37.0,42.0
89,31,536.0,172.0,18.0,22.0
89,32,516.0,315.5,24.0,29.0
89,33,377.0,293.5,18.0,19.0
89,34,80.5,204.5,21.0,27.0
89,35,21.0,201.0,26.0,26.0
89,36,261.5,99.0,17.0,24.0
89,37,132.5,608.5,21.0,31.0
89,38,565.5,122.5,17.0,25.0
89,39,408.0,540.5,22.0,27.0
89,40,275.0,106.0,26.0,22.0
89,41,612.0,68.0,18.0,28.0
89,42,255.5,220.5,17.0,21.0
89,43,275.0,158.5,20.0,29.0
89,44,553.5,145.5,19.0,25.0
89,45,123.0,568.5,18.0,29.0
89,46,438.5,555.0,21.0,22.0
89,47,283.5,61.5,21.0,29.0
89,48,245.0,291.5,20.0,25.0
89,49,247.0,348.5,18.0,23.0
89,50,409.5,419.5,21.0,25.0
89,51,594.0,415.5,26.0,29.0
89,52,555.5,197.5,21.0,25.0
89,53,242.0,271.0,22.0,26.0
89,54,302.5,312.0,21.0,22.0
89,55,259.0,193.5,18.0,21.0
89,56,257.5,248.5,19.0,25.0
89,57,393.5,418.0,21.0,26.0
89,58,621.0,495.0,20.0,24.0
89,59,19.0,144.5,20.0,27.0
89,60,137.5,634.0,21.0,12.0
89,61,600.5,375.5,19.0,25.0
89,62,419.0,593.0,24.0,28.0
90,0,347.5,440.5,81.0,97.0
90,1,235.0,177.0,56.0,56.0
90,2,364.0,418.0,18.0,22.0
90,3,433.5,80.5,27.0,31.0
90,4,550.0,478.5,20.0,21.0
90,5,343.0,360.5,22.0,35.0
90,6,311.0,199.5,22.0,23.0
90,7,483.0,224.0,18.0,24.0
90,8,317.0,419.5,22.0,31.0
90,9,249.0,132.0,24.0,30.0
90,10,277.0,15.0,18.0,22.0
90,11,234.0,169.5,22.0,25.0
90,12,418.0,110.0,22.0,28.0
90,13,356.0,311.5,24.0,25.0
90,14,234.5,515.5,25.0,31.0
90,15,109.0,276.0,24.0,26.0
90,16,101.0,248.0,20.0,26.0
90,17,556.5,45.5,21.0,29.0
90,18,382.0,138.5,26.0,33.0
90,19,395.5,188.5,21.0,31.0
90,20,88.0,68.0,42.0,44.0
90,21,213.5,274.0,23.0,18.0
90,22,540.0,21.5,18.0,31.0
90,23,80.5,67.0,35.0,32.0
90,24,373.0,441.0,18.0,22.0
90,25,260.5,366.5,21.0,21.0
90,26,50.5,400.5,27.0,35.0
90,27,207.0,210.5,32.0,33.0
90,28,194.0,584.5,22.0,27.0
90,29,153.0,323.5,24.0,31.0
90,30,401.5,538.0,37.0,42.0
90,31,535.5,172.0,19.0,22.0
90,32,516.0,315.5,24.0,29.0
90,33,377.0,293.5,18.0,19.0
90,34,261.5,99.0,17.0,24.0
90,35,20.5,201.0,25.0,26.0
90,36,565.5,122.5,17.0,25.0
90,37,132.0,608.5,22.0,31.0
90,38,275.0,106.0,26.0,22.0
90,39,80.5,203.5,21.0,27.0
90,40,255.5,220.5,17.0,21.0
90,41,408.0,541.0,22.0,26.0
90,42,612.0,68.0,18.0,28.0
90,43,553.5,145.5,19.0,25.0
90,44,275.0,158.5,20.0,29.0
90,45,123.0,568.5,18.0,29.0
90,46,438.5,554.5,21.0,21.0
90,47,283.5,62.0,21.0,28.0
90,48,245.5,292.0,19.0,26.0
90,49,247.0,349.0,18.0,24.0
90,50,409.0,419.5,22.0,25.0
90,51,595.5,416.0,27.0,30.0
90,52,555.5,197.5,21.0,25.0
90,53,259.0,193.5,18.0,21.0
90,54,242.5,271.0,21.0,26.0
90,55,304.5,310.0,21.0,22.0
90,56,394.5,422.5,19.0,25.0
90,57,258.0,251.5,20.0,25.0
90,58,18.0,141.0,20.0,28.0
90,59,623.0,496.0,20.0,26.0
90,60,600.5,378.5,19.0,25.0
90,61,244.5,585.5,19.0,25.0
90,62,137.0,634.5,20.0,11.0
91,0,347.5,440.5,81.0,97.0
91,1,235.0,177.5,56.0,57.0
91,2,364.0,418.0,18.0,22.0
91,3,433.5,80.5,27.0,31.0
91,4,550.0,478.5,20.0,21.0
91,5,343.0,360.5,22.0,35.0
91,6,311.0,199.5,22.0,23.0
91,7,483.0,224.5,18.0,25.0
91,8,318.0,419.5,22.0,31.0
91,9,234.5,169.0,21.0,24.0
91,10,277.0,15.0,18.0,22.0
91,11,418.0,110.0,22.0,28.0
91,12,249.0,132.0,24.0,30.0
91,13,234.5,515.5,25.0,31.0
91,14,109.0,276.0,24.0,26.0
91,15,101.0,248.0,20.0,26.0
91,16,356.0,311.5,24.0,25.0
91,17,556.5,45.5,21.0,29.0
91,18,382.0,138.5,26.0,33.0
91,19,395.5,188.0,21.0,30.0
91,20,88.0,68.5,42.0,43.0
91,21,540.0,21.5,18.0,31.0
91,22,213.0,274.0,22.0,18.0
91,23,373.0,441.0,18.0,22.0
91,24,80.5,67.0,35.0,32.0
91,25,260.0,367.5,20.0,21.0
91,26,50.0,400.0,28.0,36.0
91,27,153.0,323.5,24.0,31.0
91,28,207.0,210.5,32.0,33.0
91,29,194.0,584.5,22.0,27.0
91,30,535.5,172.0,19.0,22.0
91,31,261.5,99.0,17.0,24.0
91,32,377.0,294.0,18.0,20.0
91,33,401.5,538.5,37.0,41.0
91,34,516.0,315.5,24.0,29.0
91,35,132.0,608.5,22.0,31.0
91,36,565.5,122.0,17.0,26.0
91,37,20.5,201.5,25.0,27.0
91,38,275.0,106.0,26.0,22.0
91,39,408.0,541.0,22.0,26.0
91,40,80.5,203.5,21.0,27.0
91,41,612.0,68.0,18.0,28.0
91,42,553.5,145.5,19.0,25.0
91,43,256.0,221.0,18.0,22.0
91,44,275.0,158.5,20.0,29.0
91,45,123.0,568.0,18.0,30.0
91,46,439.5,554.5,21.0,21.0
91,47,283.0,61.0,22.0,28.0
91,48,247.0,349.5,18.0,23.0
91,49,245.0,291.5,20.0,25.0
91,50,555.0,197.0,22.0,26.0
91,51,595.5,415.5,27.0,31.0
91,52,409.0,419.5,22.0,25.0
91,53,258.0,192.5,18.0,21.0
91,54,243.0,271.0,22.0,26.0
91,55,305.5,310.5,21.0,21.0
91,56,396.0,423.5,20.0,23.0
91,57,621.0,499.0,18.0,24.0
91,58,604.0,378.5,18.0,25.0
91,59,16.0,139.5,20.0,27.0
91,60,257.5,255.0,21.0,26.0
91,61,242.5,586.0,19.0,24.0
91,62,137.5,634.5,21.0,11.0
92,0,347.5,440.5,81.0,97.0
92,1,235.0,177.0,56.0,56.0
92,2,364.0,418.0,18.0,22.0
92,3,433.5,80.5,27.0,31.0
92,4,343.0,360.5,22.0,35.0
92,5,550.0,478.5,20.0,21.0
92,6,311.0,199.5,22.0,23.0
92,7,483.0,224.5,18.0,25.0
92,8,318.0,419.0,22.0,30.0
92,9,234.5,169.0,21.0,24.0
92,10,249.0,132.0,24.0,30.0
92,11,418.0,110.0,22.0,28.0
92,12,234.5,515.5,25.0,31.0
92,13,277.0,15.0,18.0,22.0
92,14,109.0,276.0,24.0,26.0
92,15,395.5,188.0,21.0,30.0
92,16,382.0,138.5,26.0,33.0
92,17,556.5,45.5,21.0,29.0
92,18,356.0,311.5,24.0,25.0
92,19,88.0,68.5,42.0,43.0
92,20,101.0,248.0,20.0,26.0
92,21,540.0,21.5,18.0,31.0
92,22,213.0,274.0,22.0,18.0
92,23,260.0,367.5,20.0,21.0
92,24,80.5,66.5,35.0,31.0
92,25,373.0,441.0,18.0,22.0
92,26,50.0,400.5,28.0,35.0
92,27,153.0,323.5,24.0,31.0
92,28,195.0,584.5,22.0,27.0
92,29,207.5,210.5,31.0,33.0
92,30,261.5,99.0,17.0,24.0
92,31,535.5,172.0,19.0,22.0
92,32,516.0,315.5,24.0,29.0
92,33,377.0,293.5,18.0,19.0
92,34,401.5,539.0,37.0,42.0
92,35,565.5,122.5,17.0,25.0
92,36,132.0,608.5,22.0,31.0
92,37,275.0,106.0,26.0,22.0
92,38,21.0,201.5,26.0,27.0
92,39,256.0,221.0,18.0,22.0
92,40,408.0,541.0,22.0,26.0
92,41,612.0,68.0,18.0,28.0
92,42,553.5,145.5,19.0,25.0
92,43,275.0,159.5,20.0,29.0
92,44,79.5,203.0,21.0,28.0
92,45,123.0,568.0,18.0,30.0
92,46,245.0,292.0,20.0,26.0
92,47,438.5,554.5,21.0,21.0
92,48,283.0,61.5,22.0,27.0
92,49,247.0,350.5,18.0,23.0
92,50,555.0,197.5,22.0,25.0
92,51,595.0,416.0,28.0,30.0
92,52,409.0,419.0,22.0,26.0
92,53,258.5,193.0,17.0,22.0
92,54,242.0,271.5,22.0,25.0
92,55,604.0,381.5,18.0,25.0
92,56,396.5,424.0,21.0,24.0
92,57,308.5,311.0,21.0,22.0
92,58,619.5,502.0,19.0,24.0
92,59,13.5,141.5,21.0,27.0
92,60,137.0,634.5,20.0,11.0
92,61,411.5,596.5,21.0,27.0
92,62,256.0,258.5,20.0,25.0
93,0,347.5,440.5,81.0,97.0
93,1,235.0,177.0,56.0,56.0
93,2,364.5,418.0,19.0,22.0
93,3,433.5,80.5,27.0,31.0
93,4,550.0,478.5,20.0,21.0
93,5,343.0,360.5,22.0,35.0
93,6,311.0,199.5,22.0,23.0
93,7,483.0,224.5,18.0,25.0
93,8,318.0,419.0,22.0,30.0
93,9,234.5,169.0,21.0,24.0
93,10,418.0,110.0,22.0,28.0
93,11,249.0,132.0,24.0,30.0
93,12,234.5,515.0,25.0,30.0
93,13,382.0,138.0,26.0,34.0
93,14,277.0,15.0,18.0,22.0
93,15,109.0,276.0,24.0,26.0
93,16,395.5,188.5,21.0,31.0
93,17,50.0,400.5,28.0,35.0
93,18,556.5,45.5,21.0,29.0
93,19,101.0,248.0,20.0,26.0
93,20,88.0,68.5,42.0,43.0
93,21,356.0,311.5,24.0,25.0
93,22,260.0,367.5,20.0,21.0
93,23,540.0,21.5,18.0,31.0
93,24,81.0,67.0,34.0,32.0
93,25,213.0,273.5,22.0,17.0
93,26,195.0,584.5,22.0,27.0
93,27,373.0,441.0,18.0,22.0
93,28,20.0,201.5,26.0,27.0
93,29,207.5,210.5,31.0,33.0
93,30,153.0,324.0,24.0,30.0
93,31,377.0,294.0,18.0,20.0
93,32,261.5,99.0,17.0,24.0
93,33,401.5,539.0,37.0,42.0
93,34,535.5,172.0,19.0,22.0
93,35,516.0,315.5,24.0,29.0
93,36,132.0,608.0,22.0,30.0
93,37,565.5,122.5,17.0,25.0
93,38,275.0,106.0,26.0,22.0
93,39,408.0,541.0,22.0,26.0
93,40,612.0,68.0,18.0,28.0
93,41,553.5,146.0,19.0,24.0
93,42,256.0,221.5,18.0,23.0
93,43,276.0,159.5,20.0,29.0
93,44,79.5,203.5,21.0,27.0
93,45,123.0,568.0,18.0,30.0
93,46,438.5,554.0,21.0,22.0
93,47,245.0,292.5,20.0,27.0
93,48,283.0,60.5,20.0,27.0
93,49,409.5,419.0,21.0,26.0
93,50,555.0,197.5,22.0,25.0
93,51,247.0,350.5,18.0,23.0
93,52,594.0,416.0,28.0,30.0
93,53,258.5,192.5,17.0,21.0
93,54,240.5,580.5,19.0,25.0
93,55,241.5,272.5,23.0,25.0
93,56,396.0,428.0,20.0,24.0
93,57,311.0,309.0,20.0,22.0
93,58,602.5,385.5,17.0,23.0
93,59,618.0,503.5,20.0,25.0
93,60,250.5,258.5,21.0,25.0
93,61,137.0,634.5,20.0,11.0
94,0,235.5,177.5,55.0,55.0
94,1,347.5,440.5,79.0,97.0
94,2,310.5,198.0,21.0,20.0
94,3,364.5,418.0,19.0,22.0
94,4,358.0,313.0,24.0,26.0
94,5,235.0,511.5,24.0,31.0
94,6,104.0,248.0,20.0,26.0
94,7,80.5,204.0,21.0,28.0
94,8,438.0,84.0,28.0,30.0
94,9,256.0,131.0,24.0,30.0
94,10,411.5,417.0,23.0,24.0
94,11,213.0,210.5,32.0,33.0
94,12,88.0,70.0,36.0,32.0
94,13,343.0,360.0,22.0,34.0
94,14,167.0,323.0,24.0,30.0
94,15,373.0,441.5,18.0,21.0
94,16,402.0,540.0,38.0,42.0
94,17,213.5,274.0,23.0,18.0
94,18,275.5,106.0,27.0,22.0
94,19,378.0,295.5,18.0,19.0
94,20,21.0,201.5,26.0,27.0
94,21,234.5,169.5,21.0,23.0
94,22,541.5,20.5,19.0,31.0
94,23,404.5,193.0,21.0,30.0
94,24,468.0,540.5,18.0,27.0
94,25,388.5,141.5,25.0,23.0
94,26,274.0,161.0,20.0,30.0
94,27,117.0,276.0,24.0,26.0
94,28,137.0,612.0,22.0,30.0
94,29,420.0,107.5,22.0,27.0
94,30,56.0,401.0,24.0,34.0
94,31,343.5,72.5,23.0,27.0
94,32,255.0,222.0,18.0,22.0
94,33,263.0,198.5,20.0,19.0
94,34,606.0,418.5,26.0,29.0
94,35,249.0,269.5,22.0,27.0
94,36,88.5,69.0,43.0,44.0
94,37,253.0,296.0,20.0,24.0
94,38,558.0,142.0,18.0,24.0
94,39,132.0,564.0,18.0,30.0
94,40,254.0,344.5,18.0,25.0
94,41,262.5,94.0,15.0,22.0
94,42,279.5,15.0,19.0,24.0
94,43,200.5,584.0,23.0,28.0
94,44,319.5,416.5,23.0,31.0
94,45,488.0,222.0,20.0,24.0
94,46,537.5,188.5,25.0,21.0
94,47,559.5,47.5,21.0,29.0
94,48,548.5,477.0,19.0,20.0
94,49,261.0,367.5,20.0,21.0
94,50,420.5,546.5,19.0,21.0
94,51,596.5,183.5,23.0,25.0
94,52,616.5,73.0,19.0,28.0
94,53,407.5,541.5,23.0,25.0
94,54,566.0,129.5,16.0,23.0
94,55,548.0,339.0,22.0,22.0
94,56,605.0,167.0,20.0,26.0
94,57,81.0,112.5,22.0,33.0
94,58,318.0,437.0,24.0,28.0
94,59,597.5,302.0,21.0,24.0
94,60,195.5,633.5,19.0,13.0
94,61,226.0,388.0,26.0,30.0
94,62,597.0,260.0,20.0,24.0
94,63,142.0,637.0,20.0,6.0
95,0,346.5,441.0,81.0,98.0
95,1,235.0,177.0,56.0,56.0
95,2,364.5,418.0,19.0,22.0
95,3,343.0,360.5,22.0,35.0
95,4,233.5,169.0,21.0,24.0
95,5,310.5,199.0,21.0,22.0
95,6,550.0,478.5,20.0,21.0
95,7,483.0,224.5,18.0,25.0
95,8,318.0,419.0,22.0,30.0
95,9,277.0,15.0,18.0,22.0
95,10,433.5,80.5,27.0,31.0
95,11,417.5,110.0,21.0,28.0
95,12,249.0,132.0,24.0,30.0
95,13,381.5,138.0,25.0,32.0
95,14,394.5,188.5,21.0,31.0
95,15,109.5,276.5,25.0,27.0
95,16,234.5,515.0,25.0,30.0
95,17,88.0,68.5,42.0,43.0
95,18,556.5,45.5,21.0,29.0
95,19,356.0,311.5,24.0,25.0
95,20,540.0,22.0,18.0,30.0
95,21,80.5,66.0,35.0,32.0
95,22,260.0,367.5,20.0,21.0
95,23,153.0,324.0,24.0,30.0
95,24,100.5,248.0,19.0,26.0
95,25,50.0,400.5,28.0,35.0
95,26,207.0,210.5,32.0,33.0
95,27,132.0,608.0,22.0,30.0
95,28,213.0,273.5,22.0,17.0
95,29,20.0,201.5,26.0,27.0
95,30,261.5,99.0,17.0,24.0
95,31,376.5,294.0,19.0,20.0
95,32,401.0,539.0,38.0,42.0
95,33,274.5,106.0,27.0,22.0
95,34,255.0,221.5,18.0,23.0
95,35,516.0,316.5,24.0,29.0
95,36,438.5,553.0,21.0,20.0
95,37,372.0,441.0,18.0,22.0
95,38,535.5,172.0,19.0,22.0
95,39,194.0,585.0,22.0,28.0
95,40,276.0,159.5,20.0,29.0
95,41,565.5,122.5,17.0,25.0
95,42,413.0,546.5,20.0,27.0
95,43,612.0,68.0,18.0,28.0
95,44,553.5,145.0,19.0,24.0
95,45,122.0,568.5,18.0,29.0
95,46,409.5,419.0,21.0,26.0
95,47,79.5,203.5,21.0,27.0
95,48,282.5,60.5,21.0,27.0
95,49,555.0,197.5,22.0,25.0
95,50,247.0,350.5,18.0,23.0
95,51,245.5,292.0,21.0,26.0
95,52,258.0,193.0,18.0,22.0
95,53,594.0,414.5,26.0,29.0
95,54,619.5,510.5,19.0,25.0
95,55,235.5,581.5,19.0,25.0
95,56,314.5,311.0,21.0,22.0
95,57,241.5,274.0,23.0,26.0
95,58,390.5,437.0,21.0,24.0
95,59,10.0,140.5,20.0,25.0
95,60,244.5,260.0,21.0,28.0
95,61,602.0,387.0,18.0,24.0
95,62,137.0,634.5,20.0,11.0
95,63,414.0,606.5,24.0,29.0
96,0,346.5,441.0,81.0,98.0
96,1,235.0,177.0,56.0,56.0
96,2,364.5,418.0,19.0,22.0
96,3,343.0,360.5,22.0,35.0
96,4,550.0,478.0,20.0,20.0
96,5,310.0,199.5,22.0,23.0
96,6,233.5,169.0,21.0,24.0
96,7,248.5,132.0,25.0,30.0
96,8,483.0,224.5,18.0,25.0
96,9,317.5,419.0,21.0,30.0
96,10,433.5,80.5,27.0,31.0
96,11,394.5,188.0,21.0,30.0
96,12,418.0,110.0,22.0,28.0
96,13,234.5,515.5,25.0,31.0
96,14,277.0,15.0,18.0,22.0
96,15,109.0,276.0,24.0,26.0
96,16,381.5,138.0,25.0,32.0
96,17,88.0,68.5,42.0,43.0
96,18,556.5,45.5,21.0,29.0
96,19,540.0,21.5,18.0,31.0
96,20,260.0,367.5,20.0,21.0
96,21,152.5,323.0,23.0,30.0
96,22,80.5,66.5,35.0,33.0
96,23,50.0,401.0,28.0,36.0
96,24,356.0,311.5,24.0,25.0
96,25,100.5,248.0,19.0,26.0
96,26,20.5,201.0,25.0,26.0
96,27,261.5,99.0,17.0,24.0
96,28,401.0,539.5,38.0,41.0
96,29,274.5,106.0,27.0,22.0
96,30,207.0,210.5,32.0,33.0
96,31,535.5,171.0,19.0,22.0
96,32,377.0,294.0,18.0,20.0
96,33,213.0,273.5,22.0,17.0
96,34,132.0,608.5,22.0,31.0
96,35,80.0,203.5,20.0,27.0
96,36,515.5,316.5,23.0,29.0
96,37,276.0,158.5,20.0,29.0
96,38,255.5,221.5,19.0,23.0
96,39,565.5,122.5,17.0,25.0
96,40,612.0,68.0,18.0,28.0
96,41,122.5,568.5,17.0,29.0
96,42,194.0,585.0,22.0,28.0
96,43,553.5,145.0,19.0,24.0
96,44,438.5,552.5,21.0,21.0
96,45,407.5,542.5,23.0,27.0
96,46,282.5,60.0,21.0,28.0
96,47,247.0,350.5,18.0,23.0
96,48,245.5,291.5,21.0,27.0
96,49,554.0,196.5,22.0,25.0
96,50,371.5,441.0,17.0,22.0
96,51,595.5,415.0,25.0,28.0
96,52,409.0,420.0,22.0,26.0
96,53,258.5,192.0,17.0,22.0
96,54,405.0,610.0,24.0,28.0
96,55,214.0,283.0,22.0,20.0
96,56,599.5,395.0,17.0,24.0
96,57,7.5,140.0,15.0,24.0
96,58,617.5,517.5,19.0,25.0
96,59,240.5,266.0,23.0,28.0
96,60,636.5,308.5,7.0,27.0
96,61,137.0,634.5,20.0,11.0
97,0,347.0,440.5,80.0,97.0
97,1,234.5,177.0,55.0,56.0
97,2,364.5,418.0,19.0,22.0
97,3,248.5,131.5,25.0,31.0
97,4,311.0,199.5,22.0,23.0
97,5,550.5,478.5,19.0,21.0
97,6,233.5,169.5,21.0,25.0
97,7,343.0,360.0,22.0,34.0
97,8,483.0,224.5,18.0,25.0
97,9,318.0,419.0,22.0,30.0
97,10,433.5,80.5,27.0,31.0
97,11,234.0,515.5,24.0,29.0
97,12,394.5,188.0,21.0,30.0
97,13,417.5,110.0,21.0,28.0
97,14,88.5,68.5,43.0,43.0
97,15,556.0,45.5,20.0,29.0
97,16,49.5,400.5,27.0,35.0
97,17,109.0,276.0,24.0,26.0
97,18,540.0,21.5,18.0,31.0
97,19,277.5,15.0,19.0,22.0
97,20,381.5,138.0,27.0,34.0
97,21,260.0,367.5,20.0,21.0
97,22,100.5,248.0,19.0,26.0
97,23,356.0,311.5,24.0,25.0
97,24,212.5,274.0,21.0,16.0
97,25,80.0,66.0,34.0,32.0
97,26,131.5,608.0,21.0,30.0
97,27,255.5,221.5,19.0,23.0
97,28,401.0,539.5,38.0,41.0
97,29,20.5,201.0,25.0,26.0
97,30,152.0,323.0,24.0,30.0
97,31,261.5,99.0,17.0,24.0
97,32,207.0,210.5,32.0,33.0
97,33,80.0,203.5,20.0,27.0
97,34,565.0,122.5,18.0,25.0
97,35,515.5,316.5,23.0,29.0
97,36,274.5,106.0,25.0,22.0
97,37,276.0,158.5,20.0,29.0
97,38,612.0,67.5,18.0,27.0
97,39,535.5,171.0,19.0,22.0
97,40,376.5,294.0,17.0,20.0
97,41,408.5,418.5,21.0,25.0
97,42,122.0,568.5,18.0,29.0
97,43,438.5,551.5,21.0,21.0
97,44,553.5,145.5,19.0,23.0
97,45,214.0,283.0,22.0,20.0
97,46,194.5,583.5,21.0,27.0
97,47,408.0,542.0,22.0,26.0
97,48,553.5,196.5,21.0,25.0
97,49,245.5,292.0,21.0,26.0
97,50,373.5,441.0,19.0,22.0
97,51,247.0,350.5,18.0,23.0
97,52,282.0,58.0,22.0,28.0
97,53,258.5,192.0,19.0,22.0
97,54,594.5,416.0,25.0,28.0
97,55,402.0,614.0,22.0,28.0
97,56,599.0,400.0,18.0,24.0
97,57,6.0,140.5,12.0,21.0
97,58,242.5,270.5,21.0,25.0
97,59,20.0,10.0,14.0,20.0
97,60,617.5,522.0,19.0,24.0
97,61,636.0,309.5,8.0,29.0
97,62,324.5,316.0,21.0,22.0
98,0,347.0,440.5,80.0,97.0
98,1,235.0,177.5,54.0,55.0
98,2,364.5,418.0,19.0,22.0
98,3,248.5,132.0,25.0,30.0
98,4,343.0,360.0,22.0,34.0
98,5,550.5,478.5,19.0,21.0
98,6,234.5,170.0,21.0,24.0
98,7,310.0,199.5,22.0,23.0
98,8,318.0,419.0,22.0,30.0
98,9,433.5,80.0,27.0,30.0
98,10,234.0,515.5,24.0,31.0
98,11,483.0,224.5,18.0,25.0
98,12,109.0,276.0,24.0,26.0
98,13,394.5,188.0,21.0,30.0
98,14,417.5,109.5,21.0,27.0
98,15,49.5,400.5,27.0,35.0
98,16,89.0,68.5,42.0,43.0
98,17,556.0,45.5,20.0,29.0
98,18,277.5,15.0,19.0,22.0
98,19,207.5,210.5,31.0,33.0
98,20,540.0,21.5,18.0,31.0
98,21,381.5,138.0,27.0,34.0
98,22,260.0,367.5,20.0,21.0
98,23,79.5,66.0,35.0,32.0
98,24,100.5,248.0,19.0,26.0
98,25,20.0,201.0,26.0,26.0
98,26,261.5,99.0,17.0,24.0
98,27,213.0,274.0,22.0,16.0
98,28,565.0,122.0,18.0,26.0
98,29,401.0,539.5,38.0,41.0
98,30,274.0,106.0,26.0,22.0
98,31,152.0,323.0,24.0,30.0
98,32,515.5,315.5,23.0,29.0
98,33,356.5,311.5,23.0,25.0
98,34,131.5,608.0,21.0,30.0
98,35,409.0,417.5,22.0,25.0
98,36,275.0,157.5,20.0,29.0
98,37,535.5,171.0,19.0,22.0
98,38,255.5,221.0,19.0,22.0
98,39,80.0,203.5,20.0,27.0
98,40,612.0,67.5,18.0,27.0
98,41,376.5,293.5,17.0,19.0
98,42,554.0,145.0,18.0,24.0
98,43,122.0,568.5,18.0,29.0
98,44,439.5,550.0,21.0,20.0
98,45,194.5,584.5,21.0,27.0
98,46,407.5,542.0,23.0,26.0
98,47,247.0,350.5,18.0,23.0
98,48,282.0,57.0,22.0,28.0
98,49,553.0,196.5,22.0,25.0
98,50,373.0,440.5,18.0,21.0
98,51,245.0,292.0,20.0,26.0
98,52,257.5,192.0,19.0,22.0
98,53,593.5,416.0,25.0,28.0
98,54,214.5,283.0,23.0,20.0
98,55,403.5,619.0,23.0,28.0
98,56,242.0,271.5,22.0,27.0
98,57,598.5,404.0,19.0,24.0
98,58,4.0,133.5,8.0,23.0
98,59,615.0,526.5,18.0,25.0
98,60,636.0,309.0,8.0,30.0
98,61,329.5,314.5,23.0,23.0
98,62,137.0,634.5,20.0,11.0
98,63,229.0,279.0,20.0,24.0
99,0,347.0,441.0,80.0,98.0
99,1,235.0,177.5,54.0,55.0
99,2,364.5,418.0,19.0,22.0
99,3,343.0,360.0,22.0,34.0
99,4,550.5,478.5,19.0,21.0
99,5,248.0,131.5,24.0,31.0
99,6,234.5,170.0,21.0,24.0
99,7,310.0,199.5,22.0,23.0
99,8,433.5,80.5,27.0,31.0
99,9,234.0,515.5,24.0,31.0
99,10,394.5,188.0,21.0,30.0
99,11,318.0,419.0,22.0,30.0
99,12,109.0,276.0,24.0,26.0
99,13,483.0,224.5,18.0,25.0
99,14,556.0,45.5,20.0,29.0
99,15,417.5,109.5,21.0,27.0
99,16,88.5,68.5,43.0,43.0
99,17,49.5,400.5,27.0,35.0
99,18,207.5,210.5,31.0,33.0
99,19,539.5,21.5,19.0,31.0
99,20,276.5,15.0,19.0,22.0
99,21,382.0,138.0,26.0,34.0
99,22,260.0,367.5,20.0,21.0
99,23,79.5,66.0,35.0,32.0
99,24,100.5,248.0,19.0,26.0
99,25,20.5,201.0,25.0,26.0
99,26,565.0,122.0,18.0,26.0
99,27,213.0,274.0,22.0,16.0
99,28,409.0,418.0,22.0,26.0
99,29,401.0,540.0,38.0,42.0
99,30,152.0,323.0,24.0,30.0
99,31,356.0,311.5,24.0,25.0
99,32,274.0,106.0,26.0,22.0
99,33,261.5,99.0,17.0,24.0
99,34,131.5,608.0,21.0,30.0
99,35,515.5,315.5,23.0,29.0
99,36,535.0,171.0,18.0,22.0
99,37,275.0,157.5,20.0,29.0
99,38,80.0,203.5,20.0,27.0
99,39,255.0,221.0,18.0,22.0
99,40,376.5,293.5,17.0,19.0
99,41,612.0,67.5,18.0,27.0
99,42,194.5,584.5,21.0,27.0
99,43,122.0,568.5,18.0,29.0
99,44,554.0,145.5,18.0,23.0
99,45,439.5,549.5,21.0,21.0
99,46,407.5,542.5,23.0,27.0
99,47,372.5,441.0,19.0,22.0
99,48,552.5,197.0,21.0,26.0
99,49,247.0,350.5,18.0,23.0
99,50,245.5,292.0,21.0,26.0
99,51,257.5,192.0,19.0,22.0
99,52,282.5,55.5,21.0,29.0
99,53,214.5,283.5,23.0,21.0
99,54,593.5,414.5,27.0,31.0
99,55,240.5,270.0,23.0,28.0
99,56,402.0,621.0,22.0,28.0
99,57,331.5,314.5,23.0,23.0
99,58,221.5,581.5,19.0,25.0
99,59,3.5,130.5,7.0,25.0
99,60,615.5,529.5,17.0,25.0
99,61,636.0,309.0,8.0,28.0
99,62,11.0,8.0,18.0,16.0
99,63,228.0,280.5,20.0,23.0
99,64,137.0,634.5,20.0,11.0
100,0,347.5,440.5,81.0,97.0
100,1,236.0,177.5,54.0,55.0
100,2,364.5,418.0,19.0,22.0
100,3,358.0,313.0,24.0,26.0
100,4,311.0,198.0,22.0,20.0
100,5,235.0,511.5,24.0,31.0
100,6,104.0,248.0,20.0,26.0
100,7,81.0,204.5,20.0,27.0
100,8,438.0,84.0,28.0,30.0
100,9,373.0,441.5,18.0,21.0
100,10,88.5,70.5,35.0,31.0
100,11,256.0,131.0,24.0,30.0
100,12,213.0,210.5,32.0,33.0
100,13,343.0,360.5,22.0,35.0
100,14,411.5,416.5,23.0,25.0
100,15,214.0,274.0,24.0,18.0
100,16,275.5,106.0,27.0,22.0
100,17,167.0,323.0,24.0,30.0
100,18,401.5,540.0,37.0,42.0
100,19,137.0,612.0,22.0,30.0
100,20,234.5,170.0,21.0,24.0
100,21,469.0,540.5,18.0,27.0
100,22,378.0,295.0,18.0,20.0
100,23,541.5,20.5,19.0,31.0
100,24,404.5,193.0,21.0,30.0
100,25,274.0,161.0,20.0,30.0
100,26,388.5,141.5,25.0,23.0
100,27,20.5,201.0,25.0,26.0
100,28,56.5,401.5,23.0,33.0
100,29,117.0,276.0,24.0,26.0
100,30,249.5,269.5,23.0,27.0
100,31,420.0,107.5,22.0,27.0
100,32,263.0,198.5,20.0,19.0
100,33,255.0,222.0,18.0,22.0
100,34,343.5,72.5,23.0,27.0
100,35,88.5,69.0,43.0,44.0
100,36,253.0,296.0,20.0,24.0
100,37,254.5,345.0,19.0,26.0
100,38,200.5,584.0,23.0,28.0
100,39,279.5,15.0,19.0,24.0
100,40,605.5,418.5,27.0,29.0
100,41,132.0,564.0,18.0,30.0
100,42,558.0,142.0,18.0,24.0
100,43,262.5,94.0,15.0,22.0
100,44,548.5,477.0,19.0,20.0
100,45,488.0,222.0,20.0,24.0
100,46,319.5,415.5,23.0,31.0
100,47,537.5,188.5,25.0,21.0
100,48,559.0,47.5,20.0,29.0
100,49,616.5,73.0,19.0,28.0
100,50,420.5,546.5,19.0,21.0
100,51,596.5,184.0,23.0,24.0
100,52,406.5,542.0,23.0,26.0
100,53,566.5,129.5,15.0,23.0
100,54,548.0,340.0,22.0,22.0
100,55,261.5,368.5,21.0,21.0
100,56,315.0,432.5,24.0,27.0
100,57,80.0,110.5,22.0,33.0
100,58,606.0,166.0,20.0,26.0
100,59,595.0,301.5,20.0,25.0
100,60,223.0,391.5,26.0,31.0
100,61,600.0,262.5,20.0,23.0
100,62,533.0,423.0,22.0,32.0
100,63,198.0,637.0,20.0,6.0
101,0,346.5,441.0,81.0,98.0
101,1,235.0,177.5,54.0,55.0
101,2,364.5,418.0,19.0,22.0
101,3,343.0,360.0,22.0,34.0
101,4,550.0,478.5,20.0,21.0
101,5,433.5,80.5,27.0,31.0
101,6,248.0,131.5,24.0,31.0
101,7,234.0,170.0,20.0,24.0
101,8,482.5,224.5,17.0,25.0
101,9,310.0,200.0,22.0,22.0
101,10,213.0,274.5,22.0,17.0
101,11,234.5,515.0,25.0,30.0
101,12,394.5,188.0,21.0,30.0
101,13,417.5,110.0,21.0,28.0
101,14,88.5,68.0,43.0,44.0
101,15,317.0,419.0,22.0,30.0
101,16,109.0,276.0,24.0,26.0
101,17,381.5,138.5,25.0,33.0
101,18,539.5,21.5,19.0,31.0
101,19,277.0,15.0,18.0,22.0
101,20,555.5,44.5,21.0,29.0
101,21,260.0,367.5,20.0,21.0
101,22,80.0,66.0,36.0,32.0
101,23,100.5,248.0,19.0,26.0
101,24,207.0,210.5,32.0,33.0
101,25,49.5,400.5,27.0,35.0
101,26,20.5,201.5,25.0,27.0
101,27,256.0,221.0,18.0,22.0
101,28,152.0,323.0,24.0,30.0
101,29,565.0,122.0,18.0,26.0
101,30,274.0,106.0,26.0,22.0
101,31,356.0,311.5,24.0,25.0
101,32,408.0,418.0,22.0,26.0
101,33,275.0,157.5,20.0,29.0
101,34,261.5,99.0,17.0,24.0
101,35,401.0,540.0,38.0,42.0
101,36,131.5,608.0,21.0,30.0
101,37,515.5,315.5,23.0,29.0
101,38,535.5,171.0,19.0,22.0
101,39,376.0,293.5,18.0,19.0
101,40,79.5,203.5,21.0,27.0
101,41,612.0,67.0,18.0,28.0
101,42,372.5,441.0,19.0,22.0
101,43,553.5,145.0,19.0,24.0
101,44,122.0,568.5,18.0,29.0
101,45,439.5,549.5,21.0,21.0
101,46,194.5,584.5,21.0,27.0
101,47,413.0,547.5,20.0,25.0
101,48,552.5,196.5,21.0,25.0
101,49,247.0,350.5,18.0,23.0
101,50,246.0,292.0,20.0,26.0
101,51,258.0,192.0,18.0,22.0
101,52,283.0,55.0,22.0,28.0
101,53,242.0,269.0,22.0,28.0
101,54,400.5,622.0,23.0,30.0
101,55,594.0,414.5,26.0,31.0
101,56,219.0,581.5,20.0,25.0
101,57,331.5,309.0,23.0,24.0
101,58,635.5,310.5,9.0,29.0
101,59,615.0,532.0,18.0,26.0
101,60,11.0,13.5,16.0,23.0
101,61,136.5,634.5,21.0,11.0
101,62,3.5,129.0,7.0,26.0
102,0,346.5,441.0,81.0,98.0
102,1,235.5,177.5,55.0,55.0
102,2,364.5,418.0,19.0,22.0
102,3,343.0,360.0,22.0,34.0
102,4,550.5,478.5,19.0,21.0
102,5,248.0,131.5,24.0,31.0
102,6,234.5,170.0,21.0,24.0
102,7,310.0,200.0,22.0,22.0
102,8,433.5,80.5,27.0,31.0
102,9,233.5,515.0,25.0,30.0
102,10,482.5,224.5,17.0,25.0
102,11,109.0,276.0,24.0,26.0
102,12,394.5,188.0,21.0,30.0
102,13,317.0,419.0,22.0,30.0
102,14,417.5,110.0,21.0,28.0
102,15,88.5,68.5,43.0,43.0
102,16,539.5,21.5,19.0,31.0
102,17,381.5,138.5,25.0,33.0
102,18,213.0,273.5,22.0,17.0
102,19,556.0,44.5,20.0,29.0
102,20,207.0,210.5,32.0,33.0
102,21,276.5,15.0,19.0,22.0
102,22,100.5,248.0,19.0,26.0
102,23,49.5,400.5,27.0,35.0
102,24,356.0,311.5,24.0,25.0
102,25,274.0,106.0,26.0,22.0
102,26,152.0,323.0,24.0,30.0
102,27,401.0,540.0,38.0,42.0
102,28,260.0,367.5,20.0,21.0
102,29,79.5,66.0,35.0,32.0
102,30,21.0,201.5,26.0,27.0
102,31,565.0,122.0,18.0,26.0
102,32,275.0,157.5,20.0,29.0
102,33,261.5,99.0,17.0,24.0
102,34,256.0,221.5,18.0,23.0
102,35,408.5,417.0,21.0,26.0
102,36,372.5,441.0,19.0,22.0
102,37,131.5,608.0,21.0,30.0
102,38,516.0,315.5,24.0,29.0
102,39,535.5,171.0,19.0,22.0
102,40,376.0,293.0,18.0,20.0
102,41,79.5,203.0,21.0,28.0
102,42,612.0,67.0,18.0,28.0
102,43,554.0,145.0,18.0,24.0
102,44,122.0,568.5,18.0,29.0
102,45,439.5,549.0,21.0,22.0
102,46,407.5,542.5,23.0,27.0
102,47,194.0,584.5,22.0,27.0
102,48,552.0,197.0,22.0,26.0
102,49,283.0,54.0,22.0,28.0
102,50,247.0,350.5,18.0,23.0
102,51,258.0,192.0,18.0,22.0
102,52,241.5,269.0,23.0,28.0
102,53,245.0,292.0,20.0,26.0
102,54,594.0,416.0,26.0,30.0
102,55,399.5,622.0,23.0,30.0
102,56,217.0,582.5,20.0,25.0
102,57,214.0,283.5,22.0,19.0
102,58,330.5,305.0,21.0,24.0
102,59,12.0,19.5,16.0,21.0
102,60,615.5,534.0,17.0,26.0
102,61,136.5,634.5,21.0,11.0
102,62,636.0,310.0,8.0,30.0
103,0,348.0,441.0,82.0,98.0
103,1,235.5,177.5,55.0,55.0
103,2,364.5,418.0,19.0,22.0
103,3,343.0,360.5,22.0,35.0
103,4,550.0,478.5,20.0,21.0
103,5,234.5,170.0,21.0,24.0
103,6,248.0,132.0,24.0,30.0
103,7,310.0,199.5,22.0,23.0
103,8,482.5,224.5,17.0,25.0
103,9,233.5,515.5,25.0,31.0
103,10,394.0,188.0,20.0,30.0
103,11,109.0,276.0,24.0,26.0
103,12,433.5,80.5,27.0,31.0
103,13,317.0,419.0,22.0,30.0
103,14,417.5,109.5,21.0,27.0
103,15,88.5,68.0,43.0,44.0
103,16,381.5,138.5,25.0,33.0
103,17,555.5,44.5,21.0,29.0
103,18,539.5,21.5,19.0,31.0
103,19,213.0,273.5,22.0,17.0
103,20,49.0,400.5,28.0,35.0
103,21,100.5,248.0,19.0,26.0
103,22,79.5,65.5,35.0,31.0
103,23,274.0,106.0,26.0,22.0
103,24,276.5,15.0,19.0,22.0
103,25,20.5,201.0,25.0,26.0
103,26,207.0,210.5,32.0,33.0
103,27,152.0,323.0,24.0,30.0
103,28,260.0,367.5,20.0,21.0
103,29,401.0,540.0,38.0,42.0
103,30,565.0,122.0,18.0,26.0
103,31,372.5,441.5,19.0,21.0
103,32,409.0,417.0,22.0,26.0
103,33,275.0,157.5,20.0,29.0
103,34,261.5,99.0,17.0,24.0
103,35,355.5,311.5,23.0,25.0
103,36,535.0,171.0,18.0,22.0
103,37,255.5,221.5,19.0,23.0
103,38,516.0,315.5,24.0,29.0
103,39,131.5,608.0,21.0,30.0
103,40,376.5,293.5,17.0,19.0
103,41,79.5,203.5,21.0,27.0
103,42,612.0,68.0,18.0,28.0
103,43,554.0,145.0,18.0,24.0
103,44,122.0,568.5,18.0,29.0
103,45,408.0,542.5,22.0,27.0
103,46,439.5,548.5,21.0,21.0
103,47,193.5,584.5,21.0,27.0
103,48,552.0,196.5,22.0,25.0
103,49,258.0,192.0,18.0,22.0
103,50,247.0,350.5,18.0,23.0
103,51,282.5,54.5,21.0,29.0
103,52,245.5,292.0,19.0,26.0
103,53,241.5,270.5,23.0,27.0
103,54,593.0,415.5,26.0,31.0
103,55,399.5,620.5,23.0,29.0
103,56,9.5,21.0,17.0,22.0
103,57,235.0,287.0,18.0,24.0
103,58,636.5,596.5,7.0,23.0
103,59,214.5,585.5,19.0,25.0
103,60,333.5,301.5,23.0,25.0
103,61,635.5,309.0,9.0,30.0
104,0,348.0,441.0,82.0,98.0
104,1,235.5,177.5,55.0,55.0
104,2,364.5,418.0,19.0,22.0
104,3,343.0,360.5,22.0,35.0
104,4,550.0,478.5,20.0,21.0
104,5,248.0,132.0,24.0,30.0
104,6,234.5,170.0,21.0,24.0
104,7,310.0,199.5,22.0,23.0
104,8,317.0,419.5,22.0,31.0
104,9,394.0,188.0,20.0,30.0
104,10,482.5,224.5,17.0,25.0
104,11,433.5,80.5,27.0,31.0
104,12,234.0,515.5,24.0,31.0
104,13,381.5,138.5,25.0,33.0
104,14,109.0,276.0,24.0,26.0
104,15,88.5,68.0,43.0,44.0
104,16,417.5,110.0,21.0,28.0
104,17,555.5,44.5,21.0,29.0
104,18,539.5,21.5,19.0,31.0
104,19,207.0,210.5,32.0,33.0
104,20,152.0,323.0,24.0,30.0
104,21,79.5,65.5,35.0,31.0
104,22,49.5,400.5,27.0,35.0
104,23,355.5,311.5,23.0,25.0
104,24,20.5,201.5,25.0,27.0
104,25,213.0,274.0,22.0,18.0
104,26,276.5,15.0,19.0,22.0
104,27,275.0,157.5,20.0,29.0
104,28,565.0,122.0,18.0,26.0
104,29,401.0,540.0,38.0,42.0
104,30,260.0,367.0,20.0,20.0
104,31,100.5,248.0,19.0,26.0
104,32,274.0,106.0,26.0,22.0
104,33,534.5,170.5,19.0,23.0
104,34,255.0,221.5,18.0,23.0
104,35,408.0,418.0,22.0,26.0
104,36,516.0,315.5,24.0,29.0
104,37,131.5,608.0,21.0,30.0
104,38,261.5,99.5,17.0,23.0
104,39,372.5,442.0,19.0,22.0
104,40,612.0,68.0,18.0,28.0
104,41,376.5,293.0,17.0,20.0
104,42,554.0,145.0,18.0,24.0
104,43,122.0,568.5,18.0,29.0
104,44,79.5,203.0,21.0,28.0
104,45,193.5,584.0,21.0,28.0
104,46,552.0,196.0,22.0,26.0
104,47,213.5,283.5,23.0,19.0
104,48,440.0,547.5,22.0,21.0
104,49,258.0,192.0,18.0,22.0
104,50,407.5,543.0,23.0,26.0
104,51,247.0,350.5,18.0,23.0
104,52,281.0,55.5,22.0,29.0
104,53,242.0,271.5,22.0,25.0
104,54,593.0,415.5,28.0,31.0
104,55,246.0,292.5,20.0,25.0
104,56,396.5,618.0,23.0,28.0
104,57,232.0,294.5,18.0,25.0
104,58,6.5,22.5,13.0,23.0
104,59,634.5,593.0,11.0,20.0
104,60,336.0,297.5,22.0,23.0
104,61,616.5,541.0,17.0,26.0
104,62,216.5,592.0,19.0,26.0
104,63,384.0,460.5,24.0,27.0
104,64,136.0,634.5,20.0,11.0
105,0,346.5,441.0,81.0,98.0
105,1,235.5,177.5,55.0,55.0
105,2,364.5,418.0,19.0,22.0
105,3,550.0,478.5,20.0,21.0
105,4,343.0,360.0,22.0,34.0
105,5,234.5,170.0,21.0,24.0
105,6,310.0,199.5,22.0,23.0
105,7,248.0,132.0,24.0,30.0
105,8,317.0,419.5,22.0,31.0
105,9,482.5,224.5,17.0,25.0
105,10,394.0,188.0,20.0,30.0
105,11,433.5,80.5,27.0,31.0
105,12,381.5,138.0,25.0,34.0
105,13,234.0,515.5,24.0,31.0
105,14,88.5,68.0,43.0,44.0
105,15,109.0,276.0,24.0,26.0
105,16,417.5,109.5,21.0,27.0
105,17,539.5,21.5,19.0,31.0
105,18,555.5,44.5,21.0,29.0
105,19,152.0,323.0,24.0,30.0
105,20,207.0,210.5,32.0,33.0
105,21,213.0,273.5,22.0,17.0
105,22,255.5,221.0,19.0,22.0
105,23,49.5,400.5,27.0,35.0
105,24,79.5,66.0,35.0,32.0
105,25,276.5,15.0,19.0,22.0
105,26,20.5,201.5,25.0,27.0
105,27,565.0,122.0,18.0,26.0
105,28,401.0,540.0,38.0,42.0
105,29,275.0,157.5,20.0,29.0
105,30,260.0,367.0,20.0,22.0
105,31,274.5,106.0,27.0,22.0
105,32,100.5,248.0,19.0,26.0
105,33,534.5,170.0,19.0,22.0
105,34,131.0,608.0,22.0,30.0
105,35,516.0,315.5,24.0,29.0
105,36,213.5,283.5,23.0,19.0
105,37,261.5,99.0,17.0,24.0
105,38,408.0,418.0,22.0,26.0
105,39,372.5,442.0,19.0,22.0
105,40,79.5,203.5,21.0,27.0
105,41,612.0,68.0,18.0,28.0
105,42,356.0,311.5,24.0,25.0
105,43,376.5,293.5,17.0,19.0
105,44,553.5,145.0,19.0,24.0
105,45,122.0,568.5,18.0,29.0
105,46,552.0,196.0,22.0,26.0
105,47,439.0,547.5,22.0,21.0
105,48,247.0,350.5,18.0,23.0
105,49,257.0,192.5,18.0,23.0
105,50,407.5,543.0,23.0,26.0
105,51,281.0,56.0,22.0,28.0
105,52,192.5,584.5,21.0,27.0
105,53,242.5,271.0,23.0,26.0
105,54,395.5,620.0,23.0,28.0
105,55,246.0,292.0,20.0,26.0
105,56,592.0,415.5,28.0,31.0
105,57,233.5,296.5,19.0,25.0
105,58,633.5,594.0,13.0,20.0
105,59,6.5,26.0,13.0,24.0
105,60,387.5,456.5,25.0,29.0
105,61,212.5,592.0,19.0,26.0
105,62,617.0,542.5,20.0,27.0
105,63,339.5,304.5,21.0,25.0
105,64,634.0,309.0,12.0,28.0
105,65,136.5,634.5,21.0,11.0
106,0,236.0,177.5,54.0,55.0
106,1,347.5,440.5,79.0,97.0
106,2,364.5,418.0,19.0,22.0
106,3,358.0,312.5,24.0,25.0
106,4,311.0,198.0,22.0,20.0
106,5,168.0,324.0,24.0,30.0
106,6,319.0,415.0,22.0,30.0
106,7,104.0,248.0,20.0,26.0
106,8,256.0,131.0,24.0,30.0
106,9,439.5,85.0,27.0,30.0
106,10,373.0,441.5,18.0,21.0
106,11,213.5,210.5,31.0,33.0
106,12,234.5,512.0,25.0,30.0
106,13,88.0,71.0,36.0,32.0
106,14,411.5,416.5,23.0,25.0
106,15,343.5,360.0,21.0,34.0
106,16,136.0,613.0,22.0,30.0
106,17,213.5,274.0,23.0,18.0
106,18,389.0,142.0,24.0,22.0
106,19,402.5,540.0,37.0,42.0
106,20,81.5,204.5,21.0,27.0
106,21,276.0,106.0,26.0,22.0
106,22,21.0,201.5,26.0,27.0
106,23,541.5,20.5,19.0,31.0
106,24,234.5,170.0,21.0,24.0
106,25,89.0,70.0,42.0,44.0
106,26,378.5,295.5,17.0,19.0
106,27,606.0,418.5,26.0,29.0
106,28,117.5,276.0,23.0,26.0
106,29,274.0,161.0,20.0,30.0
106,30,249.5,269.0,23.0,26.0
106,31,405.5,194.0,21.0,30.0
106,32,466.5,531.0,17.0,28.0
106,33,255.0,221.5,18.0,21.0
106,34,56.5,401.5,23.0,33.0
106,35,420.0,107.5,22.0,27.0
106,36,255.0,341.5,18.0,23.0
106,37,263.0,198.5,20.0,19.0
106,38,262.5,94.0,15.0,22.0
106,39,132.5,563.5,17.0,29.0
106,40,558.5,141.5,17.0,23.0
106,41,559.0,47.0,20.0,28.0
106,42,253.0,295.5,20.0,23.0
106,43,488.0,221.5,20.0,25.0
106,44,279.5,15.5,19.0,23.0
106,45,77.0,154.5,22.0,33.0
106,46,420.5,546.5,19.0,21.0
106,47,540.0,192.0,26.0,20.0
106,48,199.0,585.0,22.0,28.0
106,49,259.0,366.5,22.0,21.0
106,50,407.0,541.0,22.0,26.0
106,51,616.5,75.5,19.0,27.0
106,52,339.0,95.5,24.0,25.0
106,53,568.0,331.0,20.0,22.0
106,54,567.0,129.0,16.0,22.0
106,55,547.0,476.0,20.0,22.0
106,56,349.0,463.0,22.0,26.0
106,57,518.0,483.5,20.0,29.0
106,58,294.0,9.0,18.0,18.0
106,59,226.0,606.5,22.0,25.0
106,60,589.5,179.5,23.0,25.0
106,61,624.5,129.0,21.0,26.0
106,62,573.5,242.0,21.0,22.0
107,0,347.5,440.5,81.0,97.0
107,1,235.5,177.5,55.0,55.0
107,2,358.0,312.5,24.0,25.0
107,3,364.5,418.0,19.0,22.0
107,4,311.0,198.0,22.0,20.0
107,5,104.0,248.0,20.0,26.0
107,6,438.0,84.0,28.0,30.0
107,7,81.5,204.5,21.0,27.0
107,8,234.5,511.5,25.0,31.0
107,9,256.0,131.0,24.0,30.0
107,10,213.0,210.5,32.0,33.0
107,11,373.0,441.5,18.0,21.0
107,12,411.5,416.5,23.0,25.0
107,13,343.0,360.5,22.0,35.0
107,14,166.5,323.0,23.0,30.0
107,15,214.0,274.0,24.0,18.0
107,16,378.0,295.0,18.0,20.0
107,17,388.5,141.5,25.0,23.0
107,18,87.5,69.5,35.0,31.0
107,19,402.0,540.0,38.0,42.0
107,20,275.5,106.0,27.0,22.0
107,21,344.0,72.5,24.0,27.0
107,22,137.5,612.0,21.0,30.0
107,23,541.5,20.5,19.0,31.0
107,24,21.0,201.0,26.0,26.0
107,25,200.5,584.0,23.0,28.0
107,26,117.0,276.0,24.0,26.0
107,27,606.0,418.5,26.0,31.0
107,28,404.5,193.0,21.0,30.0
107,29,469.0,540.0,18.0,28.0
107,30,274.0,161.5,20.0,29.0
107,31,56.0,401.0,24.0,32.0
107,32,234.5,170.0,21.0,24.0
107,33,89.0,68.0,42.0,44.0
107,34,420.0,107.5,22.0,27.0
107,35,255.0,222.0,18.0,22.0
107,36,249.5,269.5,23.0,27.0
107,37,548.5,477.0,19.0,20.0
107,38,253.5,344.0,19.0,24.0
107,39,263.0,198.5,20.0,19.0
107,40,558.0,142.0,18.0,24.0
107,41,132.0,564.0,18.0,30.0
107,42,252.5,296.0,19.0,24.0
107,43,262.0,94.0,16.0,22.0
107,44,559.0,47.5,20.0,29.0
107,45,488.0,222.5,20.0,25.0
107,46,320.0,416.0,22.0,30.0
107,47,278.5,14.5,19.0,25.0
107,48,261.5,368.5,21.0,21.0
107,49,536.5,188.5,25.0,21.0
107,50,420.0,546.5,20.0,21.0
107,51,407.0,541.5,22.0,27.0
107,52,615.5,74.0,19.0,28.0
107,53,593.0,190.0,22.0,24.0
107,54,566.5,129.5,15.0,23.0
107,55,547.0,342.0,22.0,22.0
107,56,533.0,411.0,22.0,32.0
107,57,607.0,159.5,20.0,27.0
107,58,313.5,427.5,23.0,29.0
107,59,85.5,106.5,21.0,31.0
107,60,597.0,270.5,18.0,23.0
107,61,223.5,404.5,25.0,29.0
107,62,589.0,293.0,22.0,26.0
108,0,347.5,440.5,81.0,97.0
108,1,236.0,177.5,54.0,55.0
108,2,358.0,312.5,24.0,25.0
108,3,364.5,418.0,19.0,22.0
108,4,311.0,198.0,22.0,20.0
108,5,104.0,248.0,20.0,26.0
108,6,235.0,511.5,26.0,31.0
108,7,438.0,84.0,28.0,30.0
108,8,255.5,131.0,25.0,30.0
108,9,81.5,204.5,21.0,27.0
108,10,213.0,210.5,32.0,33.0
108,11,411.5,416.5,23.0,25.0
108,12,343.0,360.5,22.0,35.0
108,13,214.0,274.0,24.0,18.0
108,14,373.0,441.5,18.0,21.0
108,15,388.5,141.5,25.0,23.0
108,16,166.5,323.0,23.0,30.0
108,17,541.5,20.5,19.0,31.0
108,18,402.0,539.5,38.0,43.0
108,19,275.5,106.0,27.0,22.0
108,20,378.0,295.0,18.0,20.0
108,21,21.0,201.5,26.0,27.0
108,22,87.5,69.5,35.0,31.0
108,23,234.5,170.0,21.0,24.0
108,24,117.0,276.0,24.0,26.0
108,25,344.5,72.5,23.0,27.0
108,26,469.0,540.0,18.0,28.0
108,27,137.5,612.0,21.0,30.0
108,28,606.5,418.0,27.0,30.0
108,29,404.5,193.0,21.0,30.0
108,30,274.0,161.5,20.0,29.0
108,31,420.0,107.5,22.0,27.0
108,32,200.0,584.0,22.0,28.0
108,33,56.0,400.5,24.0,33.0
108,34,255.0,222.0,18.0,22.0
108,35,249.5,269.5,23.0,27.0
108,36,89.5,68.0,43.0,44.0
108,37,263.0,198.5,20.0,19.0
108,38,253.0,343.5,18.0,25.0
108,39,548.5,476.5,19.0,21.0
108,40,279.5,15.0,19.0,24.0
108,41,558.0,142.0,18.0,24.0
108,42,262.0,94.0,16.0,22.0
108,43,132.0,564.0,18.0,30.0
108,44,559.0,47.5,20.0,29.0
108,45,252.0,296.0,20.0,24.0
108,46,320.0,415.5,22.0,31.0
108,47,487.5,222.0,21.0,24.0
108,48,536.5,188.5,25.0,21.0
108,49,261.0,368.0,20.0,20.0
108,50,420.0,546.5,20.0,21.0
108,51,406.5,541.5,23.0,27.0
108,52,616.0,74.0,20.0,28.0
108,53,566.5,129.5,15.0,23.0
108,54,592.0,192.0,22.0,24.0
108,55,532.5,405.5,21.0,31.0
108,56,547.5,342.5,23.0,23.0
108,57,312.0,425.5,24.0,27.0
108,58,594.0,271.5,18.0,23.0
108,59,222.0,406.5,26.0,29.0
108,60,607.0,159.0,20.0,26.0
108,61,587.5,295.5,21.0,25.0
108,62,85.0,102.5,22.0,33.0
109,0,347.5,440.5,81.0,97.0
109,1,236.0,177.5,54.0,55.0
109,2,365.0,418.0,18.0,22.0
109,3,235.0,511.0,24.0,30.0
109,4,358.0,313.0,24.0,26.0
109,5,311.0,198.0,22.0,20.0
109,6,104.0,248.0,20.0,26.0
109,7,411.5,416.5,23.0,25.0
109,8,437.5,84.0,27.0,30.0
109,9,256.0,131.0,24.0,30.0
109,10,373.0,441.5,18.0,21.0
109,11,213.0,210.5,32.0,33.0
109,12,213.5,274.0,23.0,18.0
109,13,166.5,323.0,23.0,30.0
109,14,343.0,360.0,22.0,34.0
109,15,276.0,106.0,26.0,22.0
109,16,402.0,540.0,38.0,42.0
109,17,388.5,141.5,25.0,23.0
109,18,605.5,418.5,27.0,31.0
109,19,549.5,478.0,19.0,20.0
109,20,81.5,204.5,21.0,27.0
109,21,378.0,295.0,18.0,20.0
109,22,89.0,68.0,42.0,44.0
109,23,469.0,541.0,18.0,28.0
109,24,235.0,169.5,20.0,23.0
109,25,274.0,160.5,20.0,29.0
109,26,404.5,193.0,21.0,30.0
109,27,117.0,276.0,24.0,26.0
109,28,420.0,107.5,22.0,27.0
109,29,541.5,20.5,19.0,31.0
109,30,137.5,612.0,21.0,30.0
109,31,56.0,400.5,24.0,33.0
109,32,249.0,269.5,22.0,27.0
109,33,263.0,198.5,20.0,19.0
109,34,21.0,201.0,26.0,26.0
109,35,344.5,71.0,23.0,26.0
109,36,87.5,70.0,35.0,32.0
109,37,255.0,222.0,18.0,22.0
109,38,253.0,343.5,18.0,25.0
109,39,279.5,15.5,19.0,23.0
109,40,132.0,564.5,18.0,29.0
109,41,262.0,94.0,16.0,22.0
109,42,488.0,222.5,20.0,25.0
109,43,252.0,295.5,20.0,23.0
109,44,199.0,584.0,22.0,28.0
109,45,558.0,142.5,18.0,23.0
109,46,319.5,416.0,21.0,30.0
109,47,559.5,47.5,21.0,29.0
109,48,536.5,188.0,25.0,22.0
109,49,407.0,542.0,22.0,26.0
109,50,616.0,73.5,20.0,27.0
109,51,420.5,546.5,19.0,21.0
109,52,566.0,129.5,16.0,23.0
109,53,592.0,193.5,22.0,23.0
109,54,260.5,367.5,21.0,21.0
109,55,583.0,294.5,20.0,25.0
109,56,546.5,345.0,23.0,24.0
109,57,87.5,100.0,23.0,32.0
109,58,217.5,411.0,25.0,30.0
109,59,536.0,401.0,22.0,30.0
109,60,591.0,272.0,18.0,22.0
109,61,606.0,158.0,20.0,26.0
109,62,310.5,424.0,23.0,28.0
109,63,189.0,633.0,18.0,14.0
110,0,347.5,440.5,81.0,97.0
110,1,236.0,177.5,54.0,55.0
110,2,365.0,418.0,18.0,22.0
110,3,235.0,511.0,24.0,30.0
110,4,358.0,313.0,24.0,26.0
110,5,311.0,198.0,22.0,20.0
110,6,103.5,248.0,19.0,26.0
110,7,345.5,72.5,23.0,27.0
110,8,437.5,84.0,27.0,30.0
110,9,411.5,416.5,23.0,25.0
110,10,256.0,131.0,24.0,30.0
110,11,213.0,210.5,32.0,33.0
110,12,213.5,274.0,23.0,18.0
110,13,343.0,360.0,22.0,34.0
110,14,166.5,323.0,23.0,30.0
110,15,388.5,141.5,25.0,23.0
110,16,378.0,295.0,18.0,20.0
110,17,373.0,441.5,18.0,21.0
110,18,276.0,106.0,26.0,22.0
110,19,81.5,204.5,21.0,27.0
110,20,235.0,170.0,20.0,24.0
110,21,401.5,540.0,37.0,42.0
110,22,605.5,418.5,27.0,31.0
110,23,117.0,276.0,24.0,26.0
110,24,274.0,160.5,20.0,29.0
110,25,420.0,107.5,22.0,27.0
110,26,541.5,20.5,19.0,31.0
110,27,89.5,67.0,41.0,42.0
110,28,56.0,400.5,24.0,33.0
110,29,469.0,543.5,18.0,27.0
110,30,404.5,193.0,21.0,30.0
110,31,254.0,344.0,18.0,24.0
110,32,137.5,611.5,21.0,29.0
110,33,20.5,201.0,25.0,26.0
110,34,549.5,477.0,19.0,20.0
110,35,249.0,270.0,22.0,26.0
110,36,263.0,198.5,20.0,19.0
110,37,252.0,295.5,20.0,23.0
110,38,279.0,15.0,18.0,22.0
110,39,255.0,222.0,18.0,22.0
110,40,132.0,564.5,18.0,29.0
110,41,488.0,222.5,20.0,25.0
110,42,262.0,94.5,16.0,23.0
110,43,88.0,69.5,36.0,33.0
110,44,199.0,584.0,22.0,28.0
110,45,558.0,142.0,18.0,24.0
110,46,536.5,188.0,25.0,20.0
110,47,261.0,368.0,20.0,20.0
110,48,319.0,415.0,22.0,30.0
110,49,559.5,47.5,21.0,29.0
110,50,407.0,542.0,22.0,26.0
110,51,420.0,546.5,20.0,21.0
110,52,615.5,73.5,19.0,27.0
110,53,566.0,129.5,16.0,23.0
110,54,208.5,416.5,25.0,31.0
110,55,571.5,296.5,21.0,23.0
110,56,545.0,346.0,22.0,24.0
110,57,586.0,195.5,22.0,25.0
110,58,192.0,628.5,18.0,23.0
110,59,537.0,388.0,22.0,32.0
110,60,303.5,418.5,23.0,27.0
110,61,86.0,92.5,24.0,29.0
110,62,595.5,163.5,21.0,29.0
111,0,236.0,177.5,54.0,55.0
111,1,348.0,440.0,80.0,96.0
111,2,364.5,418.0,19.0,22.0
111,3,358.0,313.0,24.0,26.0
111,4,311.0,198.0,22.0,20.0
111,5,104.0,247.5,20.0,25.0
111,6,167.5,324.0,23.0,30.0
111,7,438.5,84.5,27.0,29.0
111,8,373.0,441.5,18.0,21.0
111,9,412.0,416.5,24.0,25.0
111,10,256.0,131.0,24.0,30.0
111,11,213.5,210.5,31.0,33.0
111,12,88.0,70.5,36.0,31.0
111,13,234.5,512.0,25.0,30.0
111,14,319.0,415.0,22.0,30.0
111,15,81.0,203.5,20.0,27.0
111,16,213.5,274.0,23.0,18.0
111,17,136.0,613.0,22.0,30.0
111,18,343.0,360.0,22.0,34.0
111,19,276.0,106.0,26.0,22.0
111,20,402.0,540.0,38.0,42.0
111,21,21.0,201.5,26.0,27.0
111,22,389.5,142.0,25.0,22.0
111,23,378.0,295.0,18.0,20.0
111,24,90.0,69.5,42.0,43.0
111,25,234.5,169.5,21.0,23.0
111,26,274.0,161.0,20.0,30.0
111,27,117.0,276.0,24.0,26.0
111,28,420.0,107.5,22.0,27.0
111,29,263.0,198.5,20.0,19.0
111,30,249.5,269.0,23.0,26.0
111,31,56.5,401.5,23.0,33.0
111,32,466.5,531.0,17.0,28.0
111,33,541.5,20.0,19.0,32.0
111,34,605.5,418.0,27.0,30.0
111,35,405.5,194.0,21.0,30.0
111,36,255.0,222.0,18.0,22.0
111,37,255.0,341.5,18.0,23.0
111,38,262.5,94.0,15.0,22.0
111,39,558.0,141.5,18.0,23.0
111,40,133.0,563.5,18.0,29.0
111,41,488.0,221.0,20.0,24.0
111,42,421.0,546.5,20.0,21.0
111,43,253.0,295.0,20.0,22.0
111,44,259.0,367.0,22.0,22.0
111,45,279.5,15.5,19.0,23.0
111,46,559.0,47.0,20.0,28.0
111,47,77.0,153.0,20.0,32.0
111,48,407.0,541.0,22.0,26.0
111,49,540.0,192.0,26.0,22.0
111,50,616.5,75.0,19.0,28.0
111,51,199.5,585.5,21.0,27.0
111,52,567.0,330.0,20.0,22.0
111,53,547.5,476.5,19.0,21.0
111,54,567.0,129.5,16.0,23.0
111,55,340.0,93.5,24.0,25.0
111,56,347.5,461.5,23.0,25.0
111,57,518.0,480.5,20.0,29.0
111,58,293.0,7.0,18.0,14.0
111,59,634.5,316.0,11.0,20.0
111,60,590.0,179.5,22.0,25.0
111,61,226.5,611.0,23.0,24.0
111,62,623.0,129.0,22.0,26.0
111,63,576.5,247.0,21.0,24.0
112,0,235.5,178.0,55.0,56.0
112,1,348.0,440.5,80.0,97.0
112,2,365.0,418.0,18.0,22.0
112,3,358.0,313.0,24.0,26.0
112,4,311.0,198.0,22.0,20.0
112,5,235.0,511.5,24.0,31.0
112,6,104.0,248.0,20.0,26.0
112,7,437.5,84.0,27.0,30.0
112,8,411.5,416.5,23.0,25.0
112,9,256.0,131.0,24.0,30.0
112,10,213.5,274.0,23.0,18.0
112,11,373.0,441.5,18.0,21.0
112,12,388.5,140.5,25.0,23.0
112,13,81.5,204.0,21.0,28.0
112,14,343.0,360.0,22.0,34.0
112,15,212.5,210.5,31.0,33.0
112,16,275.5,106.0,27.0,22.0
112,17,234.5,169.5,21.0,25.0
112,18,167.0,323.0,24.0,30.0
112,19,378.0,295.0,18.0,20.0
112,20,402.0,540.0,38.0,42.0
112,21,549.5,477.5,19.0,21.0
112,22,21.0,201.5,26.0,27.0
112,23,345.0,74.0,22.0,28.0
112,24,469.0,544.5,18.0,27.0
112,25,605.5,418.5,27.0,31.0
112,26,56.0,401.0,24.0,34.0
112,27,117.0,276.0,24.0,26.0
112,28,137.5,612.0,21.0,30.0
112,29,404.0,193.0,20.0,30.0
112,30,274.0,161.0,20.0,30.0
112,31,254.0,344.0,18.0,24.0
112,32,255.0,222.0,18.0,22.0
112,33,420.0,107.5,22.0,27.0
112,34,541.0,20.5,18.0,31.0
112,35,248.5,270.0,23.0,26.0
112,36,279.0,15.0,18.0,22.0
112,37,132.0,564.0,18.0,30.0
112,38,318.5,416.5,21.0,29.0
112,39,88.5,68.0,43.0,46.0
112,40,488.0,222.5,20.0,25.0
112,41,263.0,198.5,20.0,19.0
112,42,262.0,95.0,16.0,22.0
112,43,558.0,142.0,18.0,24.0
112,44,251.5,295.5,19.0,23.0
112,45,260.5,368.0,21.0,20.0
112,46,198.5,584.0,23.0,28.0
112,47,535.5,187.5,25.0,21.0
112,48,558.5,47.5,21.0,29.0
112,49,615.0,72.5,20.0,27.0
112,50,87.0,69.5,36.0,35.0
112,51,406.5,542.0,23.0,26.0
112,52,420.0,546.5,20.0,21.0
112,53,566.0,129.5,16.0,23.0
112,54,202.0,422.0,26.0,30.0
112,55,195.5,624.0,17.0,26.0
112,56,296.0,413.5,22.0,29.0
112,57,542.0,349.0,22.0,24.0
112,58,599.5,287.0,21.0,22.0
112,59,540.5,375.5,23.0,29.0
112,60,585.5,194.5,21.0,25.0
112,61,591.5,12.5,21.0,25.0
112,62,584.0,169.5,22.0,27.0
113,0,348.0,440.5,80.0,97.0
113,1,235.5,178.0,55.0,56.0
113,2,365.0,418.0,18.0,22.0
113,3,358.0,313.0,24.0,26.0
113,4,311.0,198.0,22.0,20.0
113,5,235.0,511.5,24.0,31.0
113,6,104.0,248.0,20.0,26.0
113,7,437.5,83.5,27.0,29.0
113,8,411.5,416.5,23.0,25.0
113,9,373.0,441.5,18.0,21.0
113,10,256.0,131.0,24.0,30.0
113,11,388.5,141.0,25.0,24.0
113,12,213.5,274.0,23.0,18.0
113,13,212.5,210.5,31.0,33.0
113,14,343.0,360.0,22.0,34.0
113,15,378.0,295.0,18.0,20.0
113,16,167.0,323.0,24.0,30.0
113,17,81.5,204.0,21.0,28.0
113,18,275.5,106.0,27.0,22.0
113,19,234.5,170.0,21.0,24.0
113,20,549.5,477.5,19.0,21.0
113,21,402.0,539.5,38.0,43.0
113,22,116.5,276.0,23.0,26.0
113,23,56.0,401.0,24.0,34.0
113,24,469.0,545.0,18.0,28.0
113,25,20.0,201.5,26.0,27.0
113,26,137.5,612.0,21.0,30.0
113,27,254.0,344.0,18.0,24.0
113,28,404.0,193.0,20.0,30.0
113,29,274.0,161.0,20.0,30.0
113,30,420.0,107.5,22.0,27.0
113,31,261.0,368.0,20.0,20.0
113,32,541.0,20.5,18.0,31.0
113,33,255.0,222.0,18.0,22.0
113,34,605.0,418.0,28.0,32.0
113,35,318.5,416.5,21.0,29.0
113,36,248.5,270.0,23.0,26.0
113,37,343.5,74.5,23.0,27.0
113,38,558.0,142.0,18.0,24.0
113,39,132.0,564.0,18.0,30.0
113,40,278.5,14.5,19.0,23.0
113,41,263.0,198.5,20.0,19.0
113,42,262.0,95.0,16.0,22.0
113,43,488.0,222.5,20.0,25.0
113,44,88.5,68.0,43.0,46.0
113,45,251.5,295.5,19.0,23.0
113,46,535.5,188.0,25.0,20.0
113,47,558.5,47.5,21.0,29.0
113,48,198.5,584.0,23.0,28.0
113,49,615.0,73.0,20.0,28.0
113,50,407.0,541.5,22.0,27.0
113,51,419.5,546.5,19.0,21.0
113,52,566.5,129.5,15.0,23.0
113,53,86.5,70.0,37.0,36.0
113,54,201.0,423.5,26.0,31.0
113,55,541.5,350.0,23.0,26.0
113,56,297.0,411.5,22.0,31.0
113,57,195.0,623.0,18.0,26.0
113,58,543.0,374.5,24.0,31.0
113,59,585.0,193.0,22.0,24.0
113,60,601.5,284.5,21.0,23.0
113,61,583.0,169.0,20.0,24.0
113,62,590.5,13.5,21.0,25.0
114,0,348.0,440.5,80.0,97.0
114,1,235.5,178.0,55.0,56.0
114,2,365.0,418.0,18.0,22.0
114,3,358.0,313.0,24.0,26.0
114,4,311.0,198.0,22.0,20.0
114,5,235.5,511.5,25.0,31.0
114,6,104.0,248.0,20.0,26.0
114,7,411.5,416.5,23.0,25.0
114,8,437.0,84.0,28.0,30.0
114,9,549.5,477.5,19.0,21.0
114,10,388.5,141.0,25.0,24.0
114,11,213.5,274.0,23.0,18.0
114,12,373.0,441.5,18.0,21.0
114,13,256.0,131.0,24.0,30.0
114,14,212.5,210.5,31.0,33.0
114,15,234.5,169.5,21.0,25.0
114,16,343.0,360.0,22.0,34.0
114,17,81.5,204.0,21.0,28.0
114,18,378.0,295.0,18.0,20.0
114,19,167.0,323.0,24.0,30.0
114,20,402.0,539.5,38.0,43.0
114,21,275.5,106.0,27.0,22.0
114,22,137.5,612.0,21.0,30.0
114,23,56.0,401.0,24.0,34.0
114,24,404.0,193.0,20.0,30.0
114,25,117.0,276.0,24.0,26.0
114,26,253.5,344.0,17.0,24.0
114,27,20.0,201.5,26.0,27.0
114,28,469.0,547.0,18.0,26.0
114,29,274.0,161.0,20.0,30.0
114,30,420.0,107.5,22.0,27.0
114,31,255.0,222.0,18.0,22.0
114,32,558.5,142.5,19.0,25.0
114,33,605.5,418.5,27.0,31.0
114,34,541.0,20.5,18.0,31.0
114,35,248.5,269.5,23.0,27.0
114,36,260.5,367.5,21.0,21.0
114,37,318.5,416.0,21.0,28.0
114,38,487.5,223.0,21.0,26.0
114,39,278.5,14.5,19.0,23.0
114,40,132.0,564.0,18.0,30.0
114,41,88.0,68.0,42.0,44.0
114,42,263.0,198.5,20.0,19.0
114,43,262.0,95.0,16.0,22.0
114,44,251.5,295.5,19.0,23.0
114,45,199.0,584.0,22.0,28.0
114,46,535.0,187.5,26.0,21.0
114,47,559.0,47.5,20.0,29.0
114,48,615.5,73.0,19.0,26.0
114,49,566.5,130.0,15.0,24.0
114,50,420.0,546.5,20.0,21.0
114,51,406.5,541.5,23.0,27.0
114,52,88.0,70.0,36.0,34.0
114,53,341.0,76.5,22.0,29.0
114,54,294.5,406.0,23.0,28.0
114,55,196.0,429.0,26.0,30.0
114,56,541.0,351.0,22.0,24.0
114,57,586.5,193.5,23.0,25.0
114,58,563.0,290.0,20.0,22.0
114,59,548.5,369.5,23.0,31.0
114,60,184.5,613.5,19.0,25.0
114,61,578.5,173.5,21.0,25.0
115,0,235.5,178.0,55.0,56.0
115,1,347.5,440.5,81.0,97.0
115,2,365.0,418.0,18.0,22.0
115,3,311.0,198.0,22.0,20.0
115,4,358.0,313.0,24.0,26.0
115,5,235.5,511.5,25.0,31.0
115,6,104.0,248.0,20.0,26.0
115,7,411.5,416.5,23.0,25.0
115,8,549.5,477.5,19.0,21.0
115,9,213.5,274.0,23.0,18.0
115,10,437.0,84.0,28.0,30.0
115,11,373.0,441.5,18.0,21.0
115,12,388.5,141.0,25.0,24.0
115,13,255.5,131.0,25.0,30.0
115,14,378.0,295.0,18.0,20.0
115,15,212.0,210.5,32.0,33.0
115,16,605.5,418.5,27.0,31.0
115,17,234.5,169.5,21.0,25.0
115,18,343.0,360.0,22.0,34.0
115,19,167.0,323.5,24.0,31.0
115,20,81.5,204.0,21.0,28.0
115,21,276.0,106.0,26.0,22.0
115,22,402.0,539.5,38.0,43.0
115,23,137.5,612.0,21.0,30.0
115,24,404.0,193.0,20.0,30.0
115,25,56.0,401.0,24.0,34.0
115,26,116.5,276.0,23.0,26.0
115,27,20.0,201.5,26.0,27.0
115,28,469.0,547.5,18.0,27.0
115,29,274.0,161.0,20.0,30.0
115,30,420.0,107.5,22.0,27.0
115,31,253.5,344.0,17.0,24.0
115,32,255.0,222.0,18.0,22.0
115,33,541.0,20.0,18.0,30.0
115,34,488.0,223.0,20.0,26.0
115,35,558.0,142.0,18.0,24.0
115,36,249.0,269.5,22.0,27.0
115,37,318.0,415.5,22.0,29.0
115,38,132.0,564.0,18.0,30.0
115,39,278.5,14.5,19.0,23.0
115,40,262.0,95.0,16.0,22.0
115,41,263.0,198.5,20.0,19.0
115,42,88.0,68.0,42.0,44.0
115,43,251.5,295.5,19.0,23.0
115,44,558.5,47.5,21.0,29.0
115,45,535.0,187.5,26.0,21.0
115,46,261.0,367.5,22.0,21.0
115,47,199.5,585.0,23.0,28.0
115,48,615.0,72.5,20.0,27.0
115,49,566.5,129.5,15.0,23.0
115,50,420.0,546.5,20.0,21.0
115,51,406.5,541.5,23.0,27.0
115,52,340.0,76.5,22.0,29.0
115,53,88.5,70.0,35.0,34.0
115,54,195.0,430.0,26.0,30.0
115,55,292.5,405.0,23.0,28.0
115,56,540.0,350.5,22.0,23.0
115,57,560.0,291.0,20.0,24.0
115,58,585.5,193.0,23.0,26.0
115,59,590.5,20.5,21.0,29.0
115,60,546.5,364.5,21.0,29.0
115,61,182.5,610.5,19.0,25.0
116,0,235.5,178.0,55.0,56.0
116,1,347.5,440.5,81.0,97.0
116,2,357.5,312.5,25.0,25.0
116,3,365.0,418.0,18.0,22.0
116,4,311.0,198.0,22.0,20.0
116,5,104.0,248.0,20.0,26.0
116,6,549.5,477.5,19.0,21.0
116,7,373.0,441.5,18.0,21.0
116,8,235.5,511.5,25.0,31.0
116,9,411.5,416.5,23.0,25.0
116,10,437.0,83.5,28.0,29.0
116,11,212.5,210.5,31.0,33.0
116,12,213.5,274.0,23.0,18.0
116,13,378.0,295.0,18.0,20.0
116,14,234.5,170.0,21.0,24.0
116,15,388.0,141.0,26.0,24.0
116,16,343.0,360.0,22.0,34.0
116,17,255.5,131.0,25.0,30.0
116,18,81.5,204.0,21.0,28.0
116,19,275.5,106.0,27.0,22.0
116,20,605.5,418.5,27.0,31.0
116,21,166.0,323.0,24.0,30.0
116,22,56.0,401.0,24.0,34.0
116,23,402.0,539.5,38.0,43.0
116,24,116.5,276.0,23.0,26.0
116,25,403.5,193.0,21.0,30.0
116,26,318.0,416.5,22.0,29.0
116,27,253.5,344.0,17.0,24.0
116,28,20.0,201.5,26.0,27.0
116,29,469.5,547.0,19.0,26.0
116,30,419.5,107.5,21.0,27.0
116,31,274.0,161.0,20.0,30.0
116,32,199.5,585.0,23.0,28.0
116,33,137.5,612.0,21.0,30.0
116,34,255.0,222.0,18.0,22.0
116,35,541.0,20.0,18.0,30.0
116,36,249.0,269.5,22.0,27.0
116,37,487.5,223.0,21.0,26.0
116,38,263.0,198.5,20.0,19.0
116,39,278.5,15.0,19.0,24.0
116,40,262.0,95.0,16.0,22.0
116,41,88.5,69.0,43.0,46.0
116,42,132.0,564.0,18.0,30.0
116,43,251.5,295.5,19.0,23.0
116,44,558.0,142.0,18.0,24.0
116,45,262.0,368.5,20.0,21.0
116,46,558.5,47.0,21.0,28.0
116,47,535.0,187.5,26.0,21.0
116,48,614.5,72.5,19.0,27.0
116,49,567.0,129.5,16.0,23.0
116,50,87.5,70.5,35.0,35.0
116,51,420.0,546.5,20.0,21.0
116,52,406.5,541.5,23.0,27.0
116,53,338.5,77.5,23.0,27.0
116,54,191.5,432.5,27.0,31.0
116,55,585.5,196.5,23.0,25.0
116,56,568.5,168.0,21.0,24.0
116,57,538.0,346.5,22.0,23.0
116,58,545.5,359.0,19.0,28.0
116,59,292.0,402.5,22.0,27.0
116,60,555.0,288.0,20.0,24.0
116,61,611.0,280.0,20.0,26.0
116,62,174.5,612.0,19.0,24.0
116,63,590.5,24.5,21.0,29.0
117,0,235.5,177.5,55.0,55.0
117,1,347.5,440.0,79.0,96.0
117,2,364.5,418.0,19.0,22.0
117,3,358.0,312.5,24.0,25.0
117,4,235.0,511.5,26.0,31.0
117,5,311.0,198.0,22.0,20.0
117,6,168.0,324.0,24.0,30.0
117,7,104.0,248.0,20.0,26.0
117,8,439.0,84.5,28.0,29.0
117,9,373.0,441.5,18.0,21.0
117,10,213.5,210.0,31.0,34.0
117,11,319.0,415.0,22.0,30.0
117,12,256.0,131.0,24.0,30.0
117,13,412.0,416.5,24.0,25.0
117,14,80.5,204.0,21.0,28.0
117,15,88.0,70.0,36.0,32.0
117,16,213.5,274.0,23.0,18.0
117,17,136.0,613.0,22.0,30.0
117,18,276.0,106.0,26.0,22.0
117,19,343.0,360.0,22.0,34.0
117,20,21.0,201.5,26.0,27.0
117,21,402.0,539.5,38.0,43.0
117,22,389.5,142.0,25.0,22.0
117,23,378.0,295.0,18.0,20.0
117,24,89.0,70.0,42.0,44.0
117,25,274.0,161.0,20.0,30.0
117,26,405.5,194.0,21.0,30.0
117,27,234.5,169.0,21.0,24.0
117,28,117.0,276.0,24.0,26.0
117,29,541.5,20.5,19.0,31.0
117,30,466.5,532.5,17.0,27.0
117,31,249.5,269.5,23.0,27.0
117,32,56.5,401.5,23.0,33.0
117,33,420.0,107.5,22.0,27.0
117,34,255.0,222.0,18.0,22.0
117,35,263.0,198.5,20.0,19.0
117,36,605.5,418.5,27.0,29.0
117,37,262.5,94.0,15.0,22.0
117,38,558.0,141.5,18.0,23.0
117,39,133.0,563.5,18.0,29.0
117,40,255.0,341.5,18.0,23.0
117,41,253.0,295.5,20.0,23.0
117,42,488.5,221.5,21.0,25.0
117,43,215.0,284.0,22.0,20.0
117,44,420.5,545.5,19.0,21.0
117,45,559.0,47.5,20.0,29.0
117,46,279.0,15.0,20.0,24.0
117,47,539.5,191.5,25.0,21.0
117,48,78.0,151.0,20.0,30.0
117,49,258.0,366.5,22.0,21.0
117,50,199.0,584.5,22.0,27.0
117,51,407.0,541.0,22.0,26.0
117,52,616.0,75.0,20.0,28.0
117,53,340.0,91.0,24.0,24.0
117,54,547.5,476.5,21.0,21.0
117,55,567.0,129.5,16.0,23.0
117,56,565.5,330.5,21.0,23.0
117,57,346.5,460.0,23.0,26.0
117,58,224.0,614.0,22.0,26.0
117,59,632.5,315.0,15.0,22.0
117,60,291.0,7.5,20.0,15.0
117,61,522.5,479.5,21.0,27.0
117,62,590.0,178.5,22.0,25.0
117,63,622.0,130.5,22.0,23.0
118,0,235.5,178.0,55.0,56.0
118,1,348.0,440.5,80.0,97.0
118,2,365.0,418.0,18.0,22.0
118,3,311.0,198.0,22.0,20.0
118,4,358.0,313.0,24.0,26.0
118,5,104.0,248.0,20.0,26.0
118,6,235.5,511.5,25.0,31.0
118,7,378.0,295.0,18.0,20.0
118,8,411.5,416.5,23.0,25.0
118,9,605.5,418.5,27.0,31.0
118,10,436.5,83.5,27.0,29.0
118,11,388.0,140.5,24.0,23.0
118,12,214.0,274.0,24.0,18.0
118,13,234.5,169.5,21.0,25.0
118,14,252.0,344.0,18.0,24.0
118,15,212.0,210.5,32.0,33.0
118,16,55.0,401.0,24.0,34.0
118,17,549.5,477.5,19.0,21.0
118,18,81.5,204.0,21.0,28.0
118,19,343.0,360.0,22.0,34.0
118,20,402.0,539.5,38.0,43.0
118,21,166.0,323.0,24.0,30.0
118,22,275.5,106.0,27.0,22.0
118,23,137.0,612.0,22.0,30.0
118,24,403.5,193.0,21.0,30.0
118,25,373.0,441.5,18.0,21.0
118,26,116.5,276.0,23.0,26.0
118,27,255.5,131.0,25.0,30.0
118,28,541.0,20.5,18.0,31.0
118,29,420.0,107.5,22.0,27.0
118,30,20.5,201.5,25.0,27.0
118,31,274.0,161.0,20.0,30.0
118,32,557.5,142.5,19.0,23.0
118,33,487.0,223.0,20.0,26.0
118,34,88.5,67.5,43.0,45.0
118,35,255.0,221.5,18.0,23.0
118,36,279.0,15.0,18.0,22.0
118,37,248.5,269.5,23.0,27.0
118,38,262.0,95.0,16.0,22.0
118,39,318.5,416.0,21.0,30.0
118,40,131.0,564.5,18.0,29.0
118,41,87.5,68.5,37.0,33.0
118,42,469.5,550.0,19.0,26.0
118,43,262.5,198.0,19.0,18.0
118,44,251.0,295.5,20.0,23.0
118,45,559.0,47.5,20.0,29.0
118,46,199.5,585.0,23.0,28.0
118,47,262.5,367.5,21.0,21.0
118,48,336.5,80.0,23.0,26.0
118,49,615.0,73.0,18.0,28.0
118,50,535.0,187.5,26.0,21.0
118,51,566.0,129.5,16.0,23.0
118,52,420.0,547.0,20.0,20.0
118,53,406.5,542.0,23.0,26.0
118,54,183.0,436.5,26.0,31.0
118,55,584.5,198.5,23.0,23.0
118,56,563.5,178.0,21.0,26.0
118,57,535.0,347.0,24.0,24.0
118,58,594.0,39.0,18.0,26.0
118,59,554.5,349.5,21.0,27.0
118,60,550.0,280.5,24.0,27.0
118,61,172.0,600.5,18.0,23.0
119,0,235.5,177.0,55.0,56.0
119,1,348.0,440.5,80.0,97.0
119,2,358.0,312.5,24.0,25.0
119,3,365.0,418.0,18.0,22.0
119,4,311.0,198.0,22.0,20.0
119,5,235.5,511.5,25.0,31.0
119,6,104.0,248.0,20.0,26.0
119,7,411.0,416.5,24.0,25.0
119,8,378.0,295.0,18.0,20.0
119,9,549.5,477.5,19.0,21.0
119,10,605.5,418.5,27.0,31.0
119,11,436.5,83.5,27.0,29.0
119,12,252.0,344.0,18.0,24.0
119,13,234.5,169.5,21.0,25.0
119,14,387.5,140.5,25.0,23.0
119,15,403.5,192.0,21.0,30.0
119,16,214.0,274.0,24.0,18.0
119,17,212.5,210.5,31.0,33.0
119,18,373.0,441.5,18.0,21.0
119,19,343.0,360.0,22.0,34.0
119,20,402.0,539.5,38.0,43.0
119,21,80.5,204.0,21.0,28.0
119,22,275.5,106.0,27.0,22.0
119,23,116.0,276.0,24.0,26.0
119,24,55.0,401.0,24.0,34.0
119,25,165.5,323.0,23.0,30.0
119,26,255.5,131.0,25.0,30.0
119,27,20.5,201.5,25.0,27.0
119,28,419.5,107.5,21.0,27.0
119,29,274.0,161.0,20.0,30.0
119,30,541.0,20.5,18.0,31.0
119,31,487.0,223.5,20.0,25.0
119,32,137.0,611.5,22.0,31.0
119,33,279.0,15.0,18.0,22.0
119,34,248.5,269.5,23.0,27.0
119,35,255.0,221.5,18.0,23.0
119,36,558.0,143.0,18.0,24.0
119,37,88.0,68.5,36.0,33.0
119,38,262.0,95.0,16.0,22.0
119,39,251.0,295.5,20.0,23.0
119,40,89.0,68.0,42.0,44.0
119,41,131.0,565.0,18.0,30.0
119,42,262.5,198.0,19.0,18.0
119,43,263.0,367.5,20.0,21.0
119,44,469.5,550.5,19.0,27.0
119,45,558.5,47.0,19.0,28.0
119,46,336.0,80.5,22.0,27.0
119,47,566.0,129.0,16.0,24.0
119,48,199.0,584.5,22.0,27.0
119,49,534.5,187.5,25.0,21.0
119,50,615.0,72.5,18.0,27.0
119,51,419.5,546.5,19.0,21.0
119,52,318.5,416.0,23.0,30.0
119,53,406.5,541.5,23.0,27.0
119,54,182.0,439.5,26.0,31.0
119,55,585.5,198.0,23.0,24.0
119,56,534.5,346.5,23.0,25.0
119,57,593.0,40.0,18.0,26.0
119,58,555.5,346.5,21.0,27.0
119,59,558.5,181.0,23.0,26.0
119,60,548.5,280.5,23.0,27.0
119,61,171.0,597.0,18.0,22.0
119,62,283.5,399.5,25.0,27.0
120,0,235.5,177.0,55.0,56.0
120,1,347.5,440.5,81.0,97.0
120,2,358.0,312.5,24.0,25.0
120,3,365.0,418.5,18.0,21.0
120,4,311.0,198.0,22.0,20.0
120,5,235.5,511.5,25.0,31.0
120,6,104.0,248.0,20.0,26.0
120,7,403.5,192.0,21.0,30.0
120,8,411.0,416.5,24.0,25.0
120,9,605.5,419.0,27.0,30.0
120,10,378.0,295.0,18.0,20.0
120,11,549.5,477.5,19.0,21.0
120,12,436.5,83.5,27.0,29.0
120,13,234.5,170.0,21.0,24.0
120,14,213.5,274.0,23.0,18.0
120,15,387.5,141.0,25.0,24.0
120,16,81.0,204.0,22.0,28.0
120,17,212.0,210.5,32.0,33.0
120,18,343.0,360.0,22.0,34.0
120,19,373.0,441.5,18.0,21.0
120,20,252.0,344.0,18.0,24.0
120,21,275.5,106.0,27.0,22.0
120,22,116.0,276.0,24.0,26.0
120,23,55.5,400.5,23.0,33.0
120,24,402.0,539.5,38.0,43.0
120,25,165.5,323.5,23.0,31.0
120,26,255.5,131.0,25.0,30.0
120,27,20.5,201.5,25.0,27.0
120,28,419.5,107.5,21.0,27.0
120,29,274.0,161.0,20.0,30.0
120,30,541.0,20.5,18.0,31.0
120,31,487.0,223.5,20.0,25.0
120,32,137.0,612.0,22.0,30.0
120,33,278.5,15.0,19.0,22.0
120,34,255.0,221.5,18.0,23.0
120,35,248.5,269.5,23.0,27.0
120,36,558.0,143.5,18.0,25.0
120,37,262.0,95.0,16.0,22.0
120,38,131.0,565.0,18.0,30.0
120,39,89.0,68.0,42.0,44.0
120,40,469.0,550.5,18.0,27.0
120,41,251.0,295.0,20.0,24.0
120,42,262.0,198.0,20.0,18.0
120,43,336.0,80.5,22.0,27.0
120,44,262.5,367.5,21.0,21.0
120,45,87.5,69.0,37.0,32.0
120,46,558.5,47.0,21.0,28.0
120,47,318.0,416.0,22.0,30.0
120,48,199.0,584.0,22.0,28.0
120,49,565.5,129.5,17.0,23.0
120,50,615.0,72.5,18.0,27.0
120,51,534.5,187.0,25.0,22.0
120,52,419.5,546.5,19.0,21.0
120,53,180.5,441.0,25.0,30.0
120,54,406.5,541.0,23.0,26.0
120,55,585.5,197.0,23.0,24.0
120,56,554.0,341.0,20.0,28.0
120,57,556.0,182.0,22.0,26.0
120,58,591.0,43.5,18.0,27.0
120,59,532.0,345.5,22.0,23.0
120,60,606.0,289.5,20.0,25.0
120,61,545.0,276.0,22.0,26.0
120,62,281.5,398.5,25.0,27.0
121,0,235.5,177.0,55.0,56.0
121,1,348.0,440.5,80.0,97.0
121,2,365.0,418.0,18.0,22.0
121,3,311.0,198.0,22.0,20.0
121,4,358.0,312.5,24.0,25.0
121,5,104.0,248.0,20.0,26.0
121,6,403.5,192.5,21.0,31.0
121,7,411.0,416.5,24.0,25.0
121,8,436.5,83.5,27.0,29.0
121,9,235.0,512.0,24.0,30.0
121,10,252.5,344.0,17.0,24.0
121,11,81.5,204.0,21.0,28.0
121,12,387.5,141.0,25.0,24.0
121,13,549.5,477.5,19.0,21.0
121,14,343.0,360.0,22.0,34.0
121,15,234.5,169.5,21.0,25.0
121,16,378.0,295.0,18.0,20.0
121,17,605.5,419.0,27.0,30.0
121,18,275.5,106.0,27.0,22.0
121,19,373.0,441.5,18.0,21.0
121,20,212.0,210.5,32.0,33.0
121,21,165.5,323.0,23.0,30.0
121,22,116.5,276.0,23.0,26.0
121,23,274.0,160.5,20.0,29.0
121,24,255.0,131.0,24.0,30.0
121,25,419.5,107.5,21.0,27.0
121,26,402.0,539.5,38.0,43.0
121,27,487.0,223.5,20.0,25.0
121,28,214.5,283.5,23.0,19.0
121,29,137.0,612.0,22.0,30.0
121,30,88.0,68.0,42.0,44.0
121,31,55.5,400.5,23.0,33.0
121,32,20.5,201.0,25.0,26.0
121,33,541.0,20.5,18.0,31.0
121,34,248.5,270.0,23.0,26.0
121,35,131.0,565.0,18.0,30.0
121,36,262.0,95.0,16.0,22.0
121,37,255.0,222.0,18.0,22.0
121,38,262.5,367.5,21.0,21.0
121,39,558.0,143.0,18.0,24.0
121,40,279.0,15.0,18.0,22.0
121,41,469.0,550.5,18.0,27.0
121,42,262.5,198.0,19.0,18.0
121,43,335.5,81.0,23.0,26.0
121,44,318.0,416.0,22.0,30.0
121,45,251.0,295.5,20.0,23.0
121,46,559.0,47.5,20.0,29.0
121,47,86.5,69.0,37.0,34.0
121,48,615.0,72.5,18.0,27.0
121,49,566.0,129.5,16.0,23.0
121,50,199.0,584.0,22.0,28.0
121,51,534.5,187.5,25.0,21.0
121,52,419.5,546.5,19.0,21.0
121,53,406.5,542.0,23.0,26.0
121,54,179.5,443.5,25.0,31.0
121,55,585.5,197.5,23.0,25.0
121,56,550.5,337.0,21.0,28.0
121,57,542.5,277.0,23.0,24.0
121,58,530.0,344.5,24.0,25.0
121,59,554.5,181.5,23.0,25.0
121,60,591.0,45.5,18.0,25.0
121,61,165.0,595.0,18.0,24.0
121,62,279.5,398.0,25.0,28.0
122,0,235.5,177.0,55.0,56.0
122,1,348.0,440.0,80.0,98.0
122,2,365.0,418.0,18.0,22.0
122,3,357.5,312.5,23.0,25.0
122,4,311.0,198.0,22.0,20.0
122,5,104.0,248.0,20.0,26.0
122,6,234.5,170.0,21.0,24.0
122,7,411.0,416.5,24.0,25.0
122,8,387.5,141.0,25.0,24.0
122,9,252.5,344.0,17.0,24.0
122,10,436.5,83.5,27.0,29.0
122,11,403.5,192.5,21.0,31.0
122,12,81.5,204.0,21.0,28.0
122,13,235.0,512.0,24.0,30.0
122,14,378.0,295.0,18.0,20.0
122,15,343.0,360.0,22.0,34.0
122,16,549.5,477.5,19.0,21.0
122,17,373.0,441.5,18.0,21.0
122,18,276.0,106.0,26.0,22.0
122,19,212.0,210.5,32.0,33.0
122,20,605.5,419.0,27.0,30.0
122,21,165.0,323.0,24.0,30.0
122,22,116.0,276.0,24.0,26.0
122,23,255.0,131.0,24.0,30.0
122,24,137.0,612.0,22.0,30.0
122,25,419.5,107.5,21.0,27.0
122,26,213.5,274.0,23.0,18.0
122,27,274.0,160.5,20.0,29.0
122,28,402.0,539.5,38.0,43.0
122,29,487.0,223.5,20.0,25.0
122,30,541.5,20.5,19.0,31.0
122,31,20.5,201.0,25.0,26.0
122,32,55.5,400.5,23.0,33.0
122,33,199.0,585.0,22.0,26.0
122,34,88.0,68.0,42.0,44.0
122,35,262.0,95.5,16.0,23.0
122,36,248.5,270.0,23.0,26.0
122,37,469.0,550.0,18.0,26.0
122,38,255.0,222.0,18.0,22.0
122,39,131.0,565.0,18.0,30.0
122,40,319.0,415.0,22.0,30.0
122,41,278.5,15.0,19.0,22.0
122,42,335.5,81.5,23.0,27.0
122,43,262.0,198.0,20.0,18.0
122,44,558.0,143.0,18.0,24.0
122,45,262.5,367.5,21.0,21.0
122,46,87.0,68.5,36.0,33.0
122,47,251.0,295.5,20.0,23.0
122,48,559.0,47.5,20.0,29.0
122,49,566.0,129.5,16.0,23.0
122,50,534.5,187.5,25.0,21.0
122,51,615.0,72.5,18.0,27.0
122,52,419.0,546.5,20.0,21.0
122,53,406.5,541.0,23.0,26.0
122,54,179.0,442.0,26.0,30.0
122,55,586.0,197.5,22.0,25.0
122,56,552.5,181.0,23.0,24.0
122,57,542.0,274.0,22.0,26.0
122,58,552.0,333.0,22.0,30.0
122,59,163.0,597.0,18.0,24.0
122,60,527.5,344.0,23.0,26.0
122,61,591.5,49.0,17.0,24.0
123,0,235.5,177.0,55.0,56.0
123,1,348.0,440.5,80.0,97.0
123,2,365.0,418.0,18.0,22.0
123,3,357.5,312.5,23.0,25.0
123,4,311.0,198.0,22.0,20.0
123,5,103.5,248.0,19.0,26.0
123,6,411.0,416.5,24.0,25.0
123,7,81.0,204.0,20.0,28.0
123,8,235.5,512.0,25.0,30.0
123,9,549.5,477.5,19.0,21.0
123,10,387.5,140.5,25.0,25.0
123,11,234.5,170.0,21.0,24.0
123,12,378.0,295.0,18.0,20.0
123,13,436.5,83.5,27.0,29.0
123,14,343.0,360.0,22.0,34.0
123,15,605.5,418.5,27.0,31.0
123,16,373.0,441.5,18.0,21.0
123,17,213.5,274.0,23.0,18.0
123,18,212.0,210.5,32.0,33.0
123,19,275.5,106.0,27.0,22.0
123,20,274.0,160.5,20.0,29.0
123,21,116.5,276.0,23.0,26.0
123,22,165.0,323.0,24.0,30.0
123,23,252.0,344.0,18.0,24.0
123,24,402.0,539.5,38.0,43.0
123,25,403.5,192.5,21.0,31.0
123,26,255.0,131.0,24.0,30.0
123,27,541.0,21.0,18.0,30.0
123,28,487.0,223.5,20.0,25.0
123,29,419.0,107.5,22.0,27.0
123,30,20.5,201.5,25.0,27.0
123,31,88.5,66.5,43.0,45.0
123,32,55.0,400.5,24.0,33.0
123,33,318.5,416.5,21.0,29.0
123,34,199.0,584.5,22.0,27.0
123,35,278.5,15.0,19.0,22.0
123,36,248.5,269.5,23.0,27.0
123,37,262.0,95.5,16.0,23.0
123,38,255.0,222.0,18.0,22.0
123,39,262.0,198.0,20.0,18.0
123,40,335.0,81.5,22.0,27.0
123,41,558.0,144.0,18.0,24.0
123,42,559.0,47.0,20.0,28.0
123,43,131.0,565.0,18.0,30.0
123,44,470.0,551.0,18.0,26.0
123,45,136.5,612.0,21.0,28.0
123,46,566.0,130.0,16.0,24.0
123,47,251.0,295.0,20.0,24.0
123,48,87.0,69.0,36.0,32.0
123,49,262.0,367.0,20.0,22.0
123,50,614.5,72.5,19.0,27.0
123,51,419.0,546.5,20.0,21.0
123,52,585.0,198.5,22.0,25.0
123,53,406.5,542.0,23.0,26.0
123,54,173.5,447.5,25.0,31.0
123,55,532.5,187.5,23.0,21.0
123,56,520.5,339.5,25.0,27.0
123,57,548.0,183.5,22.0,25.0
123,58,552.5,327.5,23.0,31.0
123,59,153.0,599.0,18.0,26.0
123,60,590.5,54.5,17.0,23.0
123,61,274.0,391.0,26.0,26.0
124,0,235.5,177.5,55.0,57.0
124,1,348.0,440.5,80.0,97.0
124,2,358.0,312.5,24.0,25.0
124,3,365.0,418.0,18.0,22.0
124,4,311.0,198.0,22.0,20.0
124,5,103.0,248.0,20.0,26.0
124,6,549.5,477.5,19.0,21.0
124,7,411.0,416.5,24.0,25.0
124,8,81.5,204.0,21.0,28.0
124,9,387.5,140.5,25.0,25.0
124,10,234.5,170.0,21.0,24.0
124,11,343.0,360.0,22.0,34.0
124,12,436.5,83.5,27.0,29.0
124,13,235.5,512.0,25.0,30.0
124,14,378.0,295.0,18.0,20.0
124,15,213.5,274.0,23.0,18.0
124,16,373.0,441.5,18.0,21.0
124,17,276.0,106.0,26.0,22.0
124,18,212.0,210.5,32.0,33.0
124,19,605.0,418.5,28.0,31.0
124,20,116.0,276.0,24.0,26.0
124,21,274.0,160.5,20.0,29.0
124,22,252.0,344.0,18.0,24.0
124,23,403.5,192.0,21.0,30.0
124,24,402.0,539.5,38.0,43.0
124,25,487.0,223.5,20.0,25.0
124,26,540.5,21.0,19.0,30.0
124,27,165.0,323.0,24.0,30.0
124,28,255.0,131.0,24.0,30.0
124,29,419.0,107.5,22.0,27.0
124,30,88.0,66.5,42.0,45.0
124,31,21.0,201.0,26.0,26.0
124,32,55.0,400.5,24.0,33.0
124,33,278.5,15.5,19.0,23.0
124,34,248.5,269.5,23.0,27.0
124,35,255.0,222.0,18.0,22.0
124,36,318.5,416.5,21.0,29.0
124,37,262.0,95.5,16.0,23.0
124,38,198.5,584.5,23.0,27.0
124,39,262.0,198.0,20.0,18.0
124,40,558.0,144.0,18.0,24.0
124,41,559.0,47.5,20.0,29.0
124,42,131.0,564.5,18.0,29.0
124,43,565.5,129.5,15.0,23.0
124,44,334.5,81.5,23.0,27.0
124,45,251.0,295.0,20.0,24.0
124,46,87.0,68.0,36.0,32.0
124,47,584.5,199.0,23.0,24.0
124,48,470.0,551.5,18.0,27.0
124,49,262.0,367.0,20.0,22.0
124,50,136.0,612.0,20.0,28.0
124,51,614.5,72.5,19.0,27.0
124,52,419.0,546.5,20.0,21.0
124,53,406.5,541.0,23.0,26.0
124,54,172.0,448.5,26.0,31.0
124,55,531.5,187.0,23.0,20.0
124,56,557.5,327.5,23.0,29.0
124,57,547.0,184.5,22.0,25.0
124,58,518.5,337.5,25.0,27.0
124,59,590.5,59.0,17.0,24.0
124,60,610.0,298.5,20.0,25.0
124,61,272.5,390.0,25.0,26.0
124,62,152.0,596.5,18.0,25.0
125,0,235.5,177.5,55.0,55.0
125,1,348.0,440.0,80.0,96.0
125,2,365.0,418.0,18.0,22.0
125,3,358.0,312.5,24.0,25.0
125,4,234.5,511.5,25.0,31.0
125,5,168.0,324.0,24.0,30.0
125,6,311.0,198.0,22.0,20.0
125,7,104.0,248.0,20.0,26.0
125,8,412.0,416.5,24.0,25.0
125,9,439.0,84.0,28.0,30.0
125,10,373.0,441.5,18.0,21.0
125,11,213.5,210.5,31.0,33.0
125,12,319.0,415.0,22.0,30.0
125,13,88.0,70.5,36.0,31.0
125,14,256.0,131.0,24.0,30.0
125,15,136.0,613.0,22.0,30.0
125,16,343.0,360.0,22.0,34.0
125,17,80.5,204.0,21.0,28.0
125,18,275.5,106.0,27.0,22.0
125,19,389.5,142.0,25.0,22.0
125,20,213.5,274.0,23.0,18.0
125,21,21.0,201.5,26.0,27.0
125,22,378.0,295.0,18.0,20.0
125,23,403.0,540.0,38.0,42.0
125,24,274.0,161.0,20.0,30.0
125,25,117.0,276.0,24.0,26.0
125,26,234.5,169.5,21.0,25.0
125,27,89.0,69.0,42.0,44.0
125,28,249.5,269.0,23.0,26.0
125,29,56.5,402.0,23.0,34.0
125,30,420.0,107.5,22.0,27.0
125,31,405.0,194.0,20.0,30.0
125,32,541.5,20.5,19.0,31.0
125,33,255.0,222.0,18.0,22.0
125,34,263.0,198.5,20.0,19.0
125,35,466.5,533.0,17.0,28.0
125,36,279.0,14.5,20.0,23.0
125,37,262.0,94.0,16.0,22.0
125,38,605.5,418.5,27.0,29.0
125,39,254.5,341.5,17.0,23.0
125,40,558.0,141.5,18.0,23.0
125,41,488.0,221.5,20.0,25.0
125,42,133.0,563.5,18.0,29.0
125,43,252.5,295.5,19.0,23.0
125,44,421.0,546.0,20.0,22.0
125,45,538.5,191.5,25.0,21.0
125,46,258.0,367.0,22.0,22.0
125,47,559.0,47.5,20.0,29.0
125,48,407.0,541.5,22.0,27.0
125,49,340.5,87.5,25.0,27.0
125,50,77.0,150.5,20.0,31.0
125,51,564.5,330.0,21.0,24.0
125,52,616.0,75.0,20.0,28.0
125,53,567.0,129.5,16.0,23.0
125,54,199.5,584.5,21.0,27.0
125,55,547.5,476.5,19.0,23.0
125,56,289.0,7.5,20.0,15.0
125,57,220.5,618.0,19.0,24.0
125,58,346.0,460.5,22.0,25.0
125,59,631.5,314.0,17.0,22.0
125,60,590.5,179.5,21.0,25.0
125,61,526.5,480.0,23.0,28.0
125,62,621.0,131.5,20.0,25.0
126,0,235.5,177.5,55.0,57.0
126,1,347.5,440.0,81.0,98.0
126,2,365.0,418.0,18.0,22.0
126,3,357.5,312.5,23.0,25.0
126,4,311.0,198.0,22.0,20.0
126,5,235.5,511.5,25.0,31.0
126,6,103.5,248.0,21.0,26.0
126,7,410.5,416.5,23.0,25.0
126,8,550.0,477.5,20.0,21.0
126,9,403.0,192.0,20.0,30.0
126,10,343.0,360.0,22.0,34.0
126,11,81.5,204.5,21.0,27.0
126,12,437.0,83.0,28.0,30.0
126,13,387.5,140.0,25.0,24.0
126,14,274.0,160.5,20.0,29.0
126,15,252.0,344.0,18.0,24.0
126,16,373.0,441.5,18.0,21.0
126,17,234.5,170.0,21.0,24.0
126,18,605.5,419.0,27.0,30.0
126,19,212.5,211.0,31.0,34.0
126,20,213.5,274.0,23.0,18.0
126,21,378.0,295.0,18.0,20.0
126,22,116.0,276.0,24.0,26.0
126,23,136.5,612.0,23.0,30.0
126,24,276.0,106.0,26.0,22.0
126,25,402.0,539.5,38.0,43.0
126,26,21.0,201.5,26.0,27.0
126,27,165.0,323.0,24.0,30.0
126,28,255.0,131.0,24.0,30.0
126,29,419.0,107.5,22.0,27.0
126,30,487.0,223.5,20.0,25.0
126,31,199.0,584.5,22.0,27.0
126,32,540.5,20.5,19.0,31.0
126,33,318.0,416.0,22.0,30.0
126,34,278.5,15.0,19.0,22.0
126,35,558.0,144.0,18.0,24.0
126,36,262.0,95.5,16.0,23.0
126,37,255.0,222.0,18.0,22.0
126,38,248.5,269.5,23.0,27.0
126,39,90.0,67.5,44.0,45.0
126,40,469.0,552.0,18.0,26.0
126,41,131.0,565.0,18.0,30.0
126,42,54.5,400.5,23.0,33.0
126,43,558.5,47.5,21.0,29.0
126,44,262.0,198.5,20.0,19.0
126,45,251.0,295.0,20.0,24.0
126,46,333.5,82.5,23.0,27.0
126,47,87.0,69.0,38.0,34.0
126,48,566.0,128.5,16.0,23.0
126,49,419.0,546.5,20.0,21.0
126,50,215.0,284.0,22.0,20.0
126,51,406.5,541.0,23.0,26.0
126,52,167.5,450.5,27.0,31.0
126,53,614.5,72.0,19.0,28.0
126,54,582.5,200.0,21.0,24.0
126,55,262.0,367.5,20.0,21.0
126,56,530.0,188.0,24.0,22.0
126,57,562.5,320.0,21.0,26.0
126,58,517.0,334.0,22.0,26.0
126,59,526.5,270.5,21.0,25.0
126,60,541.5,190.5,21.0,23.0
126,61,157.0,586.0,16.0,24.0
126,62,588.5,67.5,17.0,25.0
127,0,235.5,177.5,55.0,57.0
127,1,347.5,440.0,81.0,98.0
127,2,365.0,418.0,18.0,22.0
127,3,357.5,312.5,23.0,25.0
127,4,311.0,198.0,22.0,20.0
127,5,235.5,511.5,25.0,31.0
127,6,103.5,248.0,21.0,26.0
127,7,403.0,192.0,20.0,30.0
127,8,550.0,477.5,20.0,21.0
127,9,81.5,204.5,21.0,27.0
127,10,343.0,360.0,22.0,34.0
127,11,410.5,416.5,23.0,25.0
127,12,234.5,170.0,21.0,24.0
127,13,373.0,441.5,18.0,21.0
127,14,436.0,83.0,28.0,30.0
127,15,387.5,140.0,25.0,24.0
127,16,605.5,419.0,27.0,30.0
127,17,251.5,344.5,17.0,23.0
127,18,378.0,295.0,18.0,20.0
127,19,213.5,274.0,23.0,18.0
127,20,212.0,210.5,32.0,33.0
127,21,318.0,416.5,22.0,31.0
127,22,274.0,160.5,20.0,29.0
127,23,116.0,276.0,24.0,26.0
127,24,275.5,106.0,27.0,22.0
127,25,402.0,539.5,38.0,43.0
127,26,419.0,107.5,22.0,27.0
127,27,21.0,201.5,26.0,27.0
127,28,164.5,323.0,23.0,30.0
127,29,487.0,223.5,20.0,25.0
127,30,199.0,584.0,22.0,28.0
127,31,254.5,131.0,25.0,30.0
127,32,540.5,20.5,19.0,31.0
127,33,278.5,15.5,19.0,23.0
127,34,255.0,222.0,18.0,22.0
127,35,136.0,611.5,22.0,29.0
127,36,262.0,95.5,16.0,23.0
127,37,558.0,143.5,18.0,23.0
127,38,248.5,269.5,23.0,27.0
127,39,54.5,400.5,23.0,33.0
127,40,468.5,552.5,19.0,27.0
127,41,262.0,198.0,20.0,18.0
127,42,89.0,67.5,42.0,43.0
127,43,250.5,295.0,19.0,24.0
127,44,87.0,69.0,36.0,32.0
127,45,558.5,47.5,21.0,29.0
127,46,333.0,82.5,22.0,27.0
127,47,583.0,199.0,22.0,24.0
127,48,565.5,129.0,15.0,24.0
127,49,419.0,546.5,20.0,21.0
127,50,130.5,565.0,19.0,30.0
127,51,263.0,367.5,20.0,21.0
127,52,215.0,284.0,22.0,20.0
127,53,406.5,541.0,23.0,26.0
127,54,163.0,454.0,26.0,30.0
127,55,614.5,72.0,19.0,28.0
127,56,518.5,332.5,23.0,27.0
127,57,558.0,314.0,22.0,28.0
127,58,531.5,187.5,25.0,23.0
127,59,522.5,270.5,21.0,25.0
127,60,587.5,70.0,17.0,26.0
127,61,101.5,49.5,23.0,29.0
127,62,152.5,581.0,17.0,24.0
127,63,266.5,388.0,25.0,24.0
128,0,235.5,177.0,55.0,56.0
128,1,347.5,440.0,81.0,98.0
128,2,364.5,418.0,19.0,22.0
128,3,357.5,312.5,23.0,25.0
128,4,311.0,198.0,22.0,20.0
128,5,103.5,248.0,21.0,26.0
128,6,403.0,192.0,20.0,30.0
128,7,549.5,477.5,19.0,21.0
128,8,410.5,416.5,23.0,25.0
128,9,343.0,360.0,22.0,34.0
128,10,235.5,511.5,25.0,31.0
128,11,81.5,204.0,21.0,28.0
128,12,234.5,170.0,21.0,24.0
128,13,251.5,344.5,17.0,23.0
128,14,436.5,83.0,27.0,30.0
128,15,387.5,140.0,25.0,24.0
128,16,605.5,419.0,27.0,30.0
128,17,373.0,441.5,18.0,21.0
128,18,378.0,295.0,18.0,20.0
128,19,213.5,274.0,23.0,18.0
128,20,212.0,210.5,32.0,33.0
128,21,274.0,160.5,20.0,29.0
128,22,275.5,106.0,27.0,22.0
128,23,402.0,539.5,38.0,43.0
128,24,116.0,276.0,24.0,26.0
128,25,487.0,223.5,20.0,25.0
128,26,318.0,416.5,22.0,31.0
128,27,419.0,107.5,22.0,27.0
128,28,164.5,323.0,23.0,30.0
128,29,21.0,201.5,26.0,27.0
128,30,254.5,131.0,25.0,30.0
128,31,540.5,20.5,19.0,31.0
128,32,199.0,584.0,22.0,28.0
128,33,558.0,143.5,18.0,23.0
128,34,278.5,15.5,19.0,23.0
128,35,137.0,611.5,22.0,29.0
128,36,262.0,95.5,16.0,23.0
128,37,255.0,222.0,18.0,22.0
128,38,248.5,269.5,23.0,27.0
128,39,86.5,69.0,35.0,32.0
128,40,54.5,400.5,23.0,33.0
128,41,467.5,552.5,19.0,27.0
128,42,262.0,198.0,20.0,18.0
128,43,88.0,67.0,42.0,44.0
128,44,250.5,295.0,19.0,24.0
128,45,558.5,47.0,21.0,30.0
128,46,333.0,83.0,22.0,28.0
128,47,565.5,129.5,15.0,23.0
128,48,263.0,367.5,20.0,21.0
128,49,418.5,546.5,19.0,21.0
128,50,582.5,199.0,23.0,24.0
128,51,131.0,565.0,18.0,30.0
128,52,162.0,454.0,26.0,30.0
128,53,406.0,541.0,22.0,26.0
128,54,614.5,72.0,19.0,28.0
128,55,520.0,333.0,24.0,28.0
128,56,531.5,187.0,25.0,24.0
128,57,101.5,49.5,21.0,27.0
128,58,555.5,312.0,21.0,28.0
128,59,586.0,72.5,16.0,25.0
128,60,265.0,388.0,24.0,24.0
128,61,150.5,578.5,15.0,23.0
128,62,522.5,264.5,21.0,27.0
129,0,235.5,177.0,55.0,56.0
129,1,348.0,440.5,80.0,97.0
129,2,364.5,418.0,19.0,22.0
129,3,357.5,312.5,23.0,25.0
129,4,311.0,198.0,22.0,20.0
129,5,235.5,511.5,25.0,31.0
129,6,103.5,248.0,21.0,26.0
129,7,549.5,477.5,19.0,21.0
129,8,410.5,416.5,23.0,25.0
129,9,343.0,360.0,22.0,34.0
129,10,378.0,294.5,18.0,19.0
129,11,234.5,170.0,21.0,24.0
129,12,605.5,419.5,27.0,31.0
129,13,81.5,204.0,21.0,28.0
129,14,436.5,83.0,27.0,30.0
129,15,387.0,140.0,24.0,24.0
129,16,402.5,192.0,21.0,30.0
129,17,373.0,441.5,18.0,21.0
129,18,251.5,344.0,17.0,24.0
129,19,212.0,210.5,32.0,33.0
129,20,116.0,276.0,24.0,26.0
129,21,402.0,539.5,38.0,43.0
129,22,487.0,223.5,20.0,25.0
129,23,213.5,274.0,23.0,18.0
129,24,275.5,106.0,27.0,22.0
129,25,136.0,612.0,22.0,30.0
129,26,318.0,417.0,22.0,30.0
129,27,199.0,585.0,22.0,28.0
129,28,21.0,201.5,26.0,27.0
129,29,274.0,160.5,20.0,29.0
129,30,164.0,323.0,24.0,30.0
129,31,419.0,107.5,22.0,27.0
129,32,540.5,20.5,19.0,31.0
129,33,254.5,131.0,25.0,30.0
129,34,558.5,47.5,21.0,29.0
129,35,278.5,15.5,19.0,23.0
129,36,255.0,222.0,18.0,22.0
129,37,262.0,95.5,16.0,23.0
129,38,86.5,69.0,35.0,32.0
129,39,247.5,269.5,23.0,27.0
129,40,250.5,295.0,19.0,24.0
129,41,557.5,144.0,17.0,24.0
129,42,262.0,198.0,20.0,18.0
129,43,54.0,400.5,24.0,33.0
129,44,88.5,67.0,43.0,44.0
129,45,333.0,83.0,22.0,28.0
129,46,418.5,547.0,19.0,20.0
129,47,468.0,554.0,20.0,26.0
129,48,214.5,284.0,23.0,20.0
129,49,263.0,367.5,20.0,21.0
129,50,566.5,129.5,15.0,23.0
129,51,130.0,564.5,18.0,29.0
129,52,406.5,541.0,23.0,26.0
129,53,615.0,72.5,18.0,27.0
129,54,157.5,454.0,27.0,30.0
129,55,582.0,198.5,24.0,25.0
129,56,524.5,333.5,23.0,29.0
129,57,530.5,185.5,25.0,25.0
129,58,589.0,74.5,18.0,25.0
129,59,260.0,384.0,24.0,24.0
129,60,144.0,584.5,18.0,25.0
129,61,555.0,302.0,20.0,28.0
129,62,100.0,50.0,22.0,28.0
129,63,521.5,253.5,21.0,27.0
130,0,235.5,177.0,55.0,56.0
130,1,348.0,440.5,80.0,97.0
130,2,364.5,418.0,19.0,22.0
130,3,311.0,198.0,22.0,20.0
130,4,357.5,312.5,23.0,25.0
130,5,103.0,248.0,20.0,26.0
130,6,550.0,477.5,20.0,21.0
130,7,410.5,416.5,23.0,25.0
130,8,343.0,359.5,22.0,35.0
130,9,234.5,170.0,21.0,24.0
130,10,377.5,294.5,17.0,19.0
130,11,81.0,204.0,20.0,28.0
130,12,387.0,140.5,24.0,25.0
130,13,605.5,419.5,27.0,31.0
130,14,318.0,417.0,22.0,30.0
130,15,235.5,512.0,25.0,30.0
130,16,436.5,84.0,27.0,30.0
130,17,402.5,192.0,21.0,30.0
130,18,251.0,344.0,18.0,24.0
130,19,116.0,276.0,24.0,26.0
130,20,373.0,441.5,18.0,21.0
130,21,212.0,210.5,32.0,33.0
130,22,402.0,539.5,38.0,43.0
130,23,486.5,223.5,19.0,25.0
130,24,213.5,274.0,23.0,18.0
130,25,275.5,106.0,27.0,22.0
130,26,274.0,160.5,20.0,29.0
130,27,21.0,201.5,26.0,27.0
130,28,254.5,131.0,25.0,30.0
130,29,419.5,107.5,21.0,27.0
130,30,540.5,20.5,19.0,31.0
130,31,164.0,323.0,24.0,30.0
130,32,199.0,584.5,22.0,27.0
130,33,278.5,15.5,19.0,23.0
130,34,250.5,295.0,19.0,24.0
130,35,255.0,222.0,18.0,22.0
130,36,262.0,95.5,16.0,23.0
130,37,558.5,47.5,21.0,29.0
130,38,136.5,612.0,21.0,30.0
130,39,262.0,197.5,20.0,19.0
130,40,247.5,269.5,23.0,27.0
130,41,54.5,400.0,23.0,34.0
130,42,88.5,68.0,43.0,44.0
130,43,332.0,84.0,22.0,28.0
130,44,418.5,547.0,19.0,20.0
130,45,86.5,69.0,35.0,32.0
130,46,557.5,143.5,17.0,23.0
130,47,214.5,284.0,23.0,20.0
130,48,263.5,367.0,19.0,20.0
130,49,406.5,541.0,23.0,26.0
130,50,154.0,454.5,26.0,29.0
130,51,469.0,554.5,20.0,25.0
130,52,566.5,129.5,15.0,23.0
130,53,129.5,564.5,17.0,29.0
130,54,526.5,332.0,23.0,30.0
130,55,614.5,72.5,19.0,27.0
130,56,517.5,251.0,21.0,26.0
130,57,579.0,196.5,24.0,25.0
130,58,591.5,79.0,17.0,26.0
130,59,531.0,187.0,26.0,24.0
130,60,258.5,381.0,25.0,24.0
130,61,558.0,295.0,22.0,30.0
130,62,139.0,581.0,18.0,24.0
130,63,103.0,53.0,22.0,26.0
130,64,629.0,300.0,22.0,32.0
131,0,235.5,177.0,55.0,56.0
131,1,348.0,440.0,80.0,98.0
131,2,364.5,418.0,19.0,22.0
131,3,311.0,198.0,22.0,20.0
131,4,103.0,248.0,20.0,26.0
131,5,357.0,312.5,24.0,25.0
131,6,550.0,477.5,20.0,21.0
131,7,410.5,416.5,23.0,25.0
131,8,235.5,512.0,25.0,30.0
131,9,343.0,359.5,22.0,35.0
131,10,605.5,419.5,27.0,31.0
131,11,234.5,170.0,21.0,24.0
131,12,81.5,204.0,21.0,28.0
131,13,377.5,294.5,17.0,19.0
131,14,402.5,192.0,21.0,30.0
131,15,387.0,140.5,24.0,25.0
131,16,436.5,84.0,27.0,30.0
131,17,486.5,223.5,19.0,25.0
131,18,116.0,276.0,24.0,26.0
131,19,212.0,210.5,32.0,33.0
131,20,251.0,344.0,18.0,24.0
131,21,319.0,416.0,22.0,30.0
131,22,372.5,441.5,19.0,21.0
131,23,402.0,539.5,38.0,43.0
131,24,213.5,274.0,23.0,18.0
131,25,275.5,106.0,27.0,22.0
131,26,21.0,201.0,26.0,26.0
131,27,274.0,160.5,20.0,29.0
131,28,254.5,130.5,25.0,31.0
131,29,419.5,107.5,21.0,27.0
131,30,163.5,323.0,23.0,30.0
131,31,540.5,20.5,19.0,31.0
131,32,278.5,15.5,19.0,23.0
131,33,262.0,95.5,16.0,23.0
131,34,255.0,222.0,18.0,22.0
131,35,88.0,67.5,42.0,43.0
131,36,250.5,295.0,19.0,24.0
131,37,247.5,269.5,23.0,27.0
131,38,262.0,198.5,20.0,19.0
131,39,558.5,47.5,21.0,29.0
131,40,199.0,584.5,22.0,27.0
131,41,54.0,400.0,24.0,34.0
131,42,136.5,611.5,21.0,29.0
131,43,332.0,84.0,22.0,28.0
131,44,152.0,457.5,26.0,29.0
131,45,418.5,546.5,19.0,21.0
131,46,558.0,144.0,18.0,24.0
131,47,86.5,69.0,35.0,32.0
131,48,407.5,541.0,23.0,26.0
131,49,469.0,554.5,20.0,25.0
131,50,263.5,367.0,19.0,20.0
131,51,567.0,129.5,16.0,23.0
131,52,614.5,72.5,19.0,27.0
131,53,526.0,331.0,24.0,30.0
131,54,129.5,565.0,17.0,28.0
131,55,561.5,294.0,23.0,30.0
131,56,579.5,195.5,23.0,25.0
131,57,590.0,83.0,18.0,26.0
131,58,517.0,250.0,22.0,26.0
131,59,530.5,186.5,25.0,23.0
131,60,104.0,53.5,24.0,27.0
131,61,257.5,380.0,25.0,24.0
131,62,136.0,578.5,18.0,25.0
131,63,630.0,295.5,20.0,29.0
132,0,235.5,177.0,55.0,56.0
132,1,348.0,440.0,80.0,98.0
132,2,364.5,418.0,19.0,22.0
132,3,311.0,198.0,22.0,20.0
132,4,103.0,247.5,20.0,25.0
132,5,357.0,312.0,24.0,26.0
132,6,550.0,477.5,20.0,21.0
132,7,410.5,416.5,23.0,25.0
132,8,343.0,360.0,22.0,34.0
132,9,235.5,511.5,25.0,31.0
132,10,234.5,170.0,21.0,24.0
132,11,81.0,204.0,20.0,28.0
132,12,605.5,419.0,27.0,30.0
132,13,387.0,140.5,24.0,25.0
132,14,377.5,294.5,17.0,19.0
132,15,402.5,192.0,21.0,30.0
132,16,436.0,83.5,28.0,31.0
132,17,486.5,223.5,19.0,25.0
132,18,274.0,160.0,20.0,30.0
132,19,250.5,344.0,17.0,24.0
132,20,212.0,210.5,32.0,33.0
132,21,373.0,441.5,18.0,21.0
132,22,116.0,276.0,24.0,26.0
132,23,402.0,540.0,38.0,42.0
132,24,419.5,108.0,21.0,28.0
132,25,275.5,106.0,27.0,22.0
132,26,21.0,201.5,26.0,27.0
132,27,213.5,274.0,23.0,18.0
132,28,254.5,131.0,25.0,30.0
132,29,199.0,584.5,22.0,27.0
132,30,163.5,323.0,23.0,30.0
132,31,278.5,15.5,19.0,23.0
132,32,540.5,20.5,19.0,31.0
132,33,319.0,415.5,22.0,29.0
132,34,137.0,611.5,22.0,31.0
132,35,262.0,95.5,16.0,23.0
132,36,255.0,222.0,18.0,22.0
132,37,247.5,269.5,23.0,27.0
132,38,89.5,68.0,43.0,44.0
132,39,250.5,295.0,19.0,24.0
132,40,262.0,198.5,20.0,19.0
132,41,54.0,400.0,24.0,34.0
132,42,558.5,47.5,21.0,29.0
132,43,557.0,144.0,18.0,24.0
132,44,86.0,69.0,36.0,32.0
132,45,418.5,546.5,19.0,21.0
132,46,332.0,84.0,22.0,28.0
132,47,215.0,284.0,22.0,20.0
132,48,469.0,553.0,20.0,26.0
132,49,407.5,541.5,23.0,27.0
132,50,263.5,367.0,19.0,20.0
132,51,149.0,462.5,26.0,31.0
132,52,131.0,565.0,18.0,30.0
132,53,615.5,72.5,19.0,27.0
132,54,567.0,129.5,16.0,23.0
132,55,521.5,329.0,25.0,30.0
132,56,579.5,195.5,23.0,25.0
132,57,530.0,185.0,22.0,22.0
132,58,253.5,376.5,23.0,23.0
132,59,515.5,248.0,21.0,26.0
132,60,564.5,290.5,23.0,29.0
132,61,588.0,91.0,18.0,24.0
132,62,106.0,48.5,24.0,29.0
132,63,630.0,299.5,20.0,29.0
132,64,142.0,636.5,20.0,7.0
133,0,235.5,177.5,55.0,55.0
133,1,348.0,440.5,80.0,97.0
133,2,365.0,418.0,18.0,22.0
133,3,311.0,198.0,22.0,20.0
133,4,103.0,247.5,20.0,25.0
133,5,357.0,312.5,24.0,25.0
133,6,410.5,416.0,23.0,24.0
133,7,550.0,478.0,20.0,20.0
133,8,234.5,170.0,21.0,24.0
133,9,377.5,294.5,17.0,19.0
133,10,342.5,359.5,21.0,35.0
133,11,81.0,204.0,20.0,28.0
133,12,605.5,419.0,27.0,30.0
133,13,387.0,140.5,24.0,25.0
133,14,436.0,84.0,28.0,30.0
133,15,235.5,511.5,25.0,31.0
133,16,486.5,223.5,19.0,25.0
133,17,402.5,192.0,21.0,30.0
133,18,373.0,441.5,18.0,21.0
133,19,250.5,344.0,17.0,24.0
133,20,276.0,106.0,26.0,22.0
133,21,254.5,131.0,25.0,30.0
133,22,116.0,276.0,24.0,26.0
133,23,199.0,585.0,22.0,28.0
133,24,212.0,210.5,32.0,33.0
133,25,213.5,274.0,23.0,18.0
133,26,419.5,108.5,21.0,27.0
133,27,402.0,539.5,38.0,43.0
133,28,274.0,160.5,20.0,29.0
133,29,137.0,612.0,22.0,30.0
133,30,540.5,20.5,19.0,31.0
133,31,163.5,323.0,23.0,30.0
133,32,20.5,201.0,25.0,26.0
133,33,319.0,415.5,22.0,29.0
133,34,278.5,15.0,19.0,22.0
133,35,250.5,295.0,19.0,24.0
133,36,248.5,269.5,23.0,27.0
133,37,255.0,221.5,18.0,23.0
133,38,262.0,95.5,16.0,23.0
133,39,88.5,68.0,43.0,44.0
133,40,262.0,197.5,20.0,19.0
133,41,557.0,144.0,18.0,24.0
133,42,559.0,47.5,20.0,29.0
133,43,54.5,399.5,23.0,33.0
133,44,418.0,546.5,20.0,21.0
133,45,86.5,69.0,35.0,32.0
133,46,469.0,554.5,20.0,25.0
133,47,332.0,84.0,22.0,28.0
133,48,407.0,541.5,22.0,27.0
133,49,264.0,367.0,20.0,20.0
133,50,146.5,463.5,27.0,31.0
133,51,131.5,564.5,17.0,29.0
133,52,519.5,328.0,25.0,28.0
133,53,566.0,129.5,16.0,23.0
133,54,614.5,72.0,19.0,26.0
133,55,564.5,289.5,21.0,29.0
133,56,581.0,195.5,22.0,25.0
133,57,105.5,46.0,23.0,28.0
133,58,514.0,246.0,20.0,26.0
133,59,530.5,186.0,23.0,22.0
133,60,253.0,377.5,24.0,25.0
133,61,586.0,89.0,18.0,24.0
133,62,630.5,300.0,19.0,28.0
133,63,525.0,197.5,26.0,25.0
133,64,575.5,636.5,23.0,7.0
133,65,142.5,636.5,19.0,7.0
134,0,235.5,177.5,55.0,55.0
134,1,348.0,440.5,80.0,97.0
134,2,365.0,418.0,18.0,22.0
134,3,311.0,198.0,22.0,20.0
134,4,198.5,584.5,21.0,27.0
134,5,357.0,312.5,24.0,25.0
134,6,103.0,247.5,20.0,25.0
134,7,550.0,477.5,20.0,21.0
134,8,410.5,416.5,23.0,25.0
134,9,377.5,294.5,17.0,19.0
134,10,342.5,360.0,21.0,34.0
134,11,234.5,170.0,21.0,24.0
134,12,436.0,84.0,28.0,30.0
134,13,605.5,419.0,27.0,30.0
134,14,373.0,441.5,18.0,21.0
134,15,81.0,204.0,20.0,28.0
134,16,274.0,160.0,20.0,30.0
134,17,235.5,512.0,25.0,30.0
134,18,386.5,140.0,25.0,26.0
134,19,136.5,610.5,21.0,29.0
134,20,319.0,417.0,22.0,30.0
134,21,402.5,192.0,21.0,30.0
134,22,251.0,343.5,18.0,23.0
134,23,541.0,21.5,18.0,31.0
134,24,115.5,276.0,23.0,26.0
134,25,211.5,211.0,33.0,34.0
134,26,254.0,131.0,24.0,30.0
134,27,275.5,106.0,27.0,22.0
134,28,402.0,539.5,38.0,43.0
134,29,419.5,108.0,21.0,28.0
134,30,213.5,274.0,23.0,18.0
134,31,20.5,201.0,25.0,26.0
134,32,163.5,323.0,23.0,30.0
134,33,278.5,15.0,19.0,22.0
134,34,559.0,47.5,20.0,29.0
134,35,557.0,144.5,18.0,23.0
134,36,486.0,223.5,18.0,25.0
134,37,262.0,95.5,16.0,23.0
134,38,255.0,221.5,18.0,23.0
134,39,86.5,69.0,35.0,32.0
134,40,247.5,269.5,23.0,27.0
134,41,88.0,67.0,44.0,44.0
134,42,54.0,399.5,24.0,33.0
134,43,262.0,197.5,20.0,19.0
134,44,250.5,294.5,19.0,23.0
134,45,418.0,546.5,20.0,21.0
134,46,131.0,566.0,18.0,30.0
134,47,615.0,71.5,18.0,27.0
134,48,565.5,128.5,15.0,23.0
134,49,331.5,84.0,23.0,28.0
134,50,264.0,367.5,20.0,21.0
134,51,469.5,555.0,21.0,24.0
134,52,407.5,542.0,23.0,26.0
134,53,140.5,463.0,27.0,30.0
134,54,576.5,198.0,23.0,24.0
134,55,512.0,326.0,26.0,28.0
134,56,531.0,187.0,22.0,24.0
134,57,514.0,196.0,24.0,24.0
134,58,561.5,275.0,21.0,28.0
134,59,246.5,374.5,23.0,23.0
134,60,6.5,350.0,13.0,24.0
134,61,141.5,636.5,19.0,7.0
134,62,582.5,102.0,17.0,24.0
134,63,506.0,244.0,20.0,26.0
134,64,97.0,45.5,24.0,31.0
135,0,235.5,177.5,55.0,55.0
135,1,348.0,440.5,80.0,97.0
135,2,365.0,418.0,18.0,22.0
135,3,402.5,192.0,21.0,30.0
135,4,311.0,198.0,22.0,20.0
135,5,103.0,247.5,20.0,25.0
135,6,357.0,312.0,24.0,26.0
135,7,550.0,477.5,20.0,21.0
135,8,410.5,416.5,23.0,25.0
135,9,377.0,294.5,18.0,19.0
135,10,81.0,204.0,20.0,28.0
135,11,234.5,170.0,21.0,24.0
135,12,605.5,419.0,27.0,30.0
135,13,343.0,360.0,22.0,34.0
135,14,435.5,84.0,27.0,30.0
135,15,386.5,140.0,25.0,26.0
135,16,115.5,276.0,23.0,26.0
135,17,373.0,441.5,18.0,21.0
135,18,235.5,512.0,25.0,30.0
135,19,251.0,344.0,18.0,24.0
135,20,137.0,611.0,22.0,30.0
135,21,319.0,417.0,22.0,30.0
135,22,274.0,160.0,20.0,30.0
135,23,198.5,585.0,23.0,28.0
135,24,540.5,20.5,19.0,31.0
135,25,212.0,210.5,32.0,33.0
135,26,419.5,108.5,21.0,27.0
135,27,275.0,106.0,26.0,22.0
135,28,402.0,540.0,38.0,42.0
135,29,213.5,274.0,23.0,18.0
135,30,254.0,131.0,24.0,30.0
135,31,20.5,201.0,25.0,26.0
135,32,163.5,323.0,23.0,30.0
135,33,278.5,15.0,19.0,22.0
135,34,557.0,143.0,18.0,24.0
135,35,262.0,95.5,16.0,23.0
135,36,558.5,47.5,21.0,29.0
135,37,255.0,221.5,18.0,23.0
135,38,248.0,269.5,22.0,27.0
135,39,264.0,367.5,20.0,21.0
135,40,53.5,399.0,23.0,34.0
135,41,486.0,223.0,18.0,24.0
135,42,262.0,197.5,20.0,19.0
135,43,250.5,294.5,19.0,23.0
135,44,418.0,547.0,20.0,22.0
135,45,85.5,69.5,35.0,31.0
135,46,88.0,67.5,44.0,45.0
135,47,469.5,556.0,21.0,24.0
135,48,407.5,542.0,23.0,26.0
135,49,565.5,129.0,15.0,22.0
135,50,614.0,71.5,18.0,27.0
135,51,136.5,467.5,27.0,31.0
135,52,509.0,323.5,24.0,29.0
135,53,331.0,84.0,22.0,28.0
135,54,129.5,568.0,19.0,30.0
135,55,576.5,197.5,23.0,25.0
135,56,530.5,186.5,21.0,23.0
135,57,241.0,375.5,24.0,25.0
135,58,7.5,346.0,15.0,22.0
135,59,627.5,310.5,19.0,21.0
135,60,520.0,203.0,22.0,26.0
135,61,140.5,636.5,19.0,7.0
135,62,575.0,101.0,18.0,22.0
135,63,565.5,271.0,23.0,28.0
135,64,95.0,40.0,24.0,32.0
135,65,505.5,243.0,21.0,26.0
136,0,348.0,440.5,80.0,97.0
136,1,235.0,177.5,54.0,55.0
136,2,365.0,418.0,18.0,22.0
136,3,311.0,198.0,22.0,20.0
136,4,103.0,247.5,20.0,25.0
136,5,357.0,312.0,24.0,26.0
136,6,402.0,192.0,20.0,30.0
136,7,550.0,477.5,20.0,21.0
136,8,410.5,416.5,23.0,25.0
136,9,81.0,204.0,20.0,28.0
136,10,377.5,294.5,17.0,19.0
136,11,343.0,360.0,22.0,34.0
136,12,435.5,84.0,27.0,30.0
136,13,605.5,419.0,27.0,30.0
136,14,234.5,170.0,21.0,24.0
136,15,115.5,276.0,23.0,26.0
136,16,386.5,140.0,25.0,26.0
136,17,235.5,512.0,25.0,30.0
136,18,318.5,417.5,21.0,31.0
136,19,373.0,441.5,18.0,21.0
136,20,540.5,20.5,19.0,31.0
136,21,250.5,344.0,17.0,24.0
136,22,211.0,211.0,32.0,34.0
136,23,275.0,106.0,26.0,22.0
136,24,274.0,160.0,20.0,30.0
136,25,254.0,131.0,24.0,30.0
136,26,419.0,108.5,22.0,27.0
136,27,402.0,539.5,38.0,43.0
136,28,20.5,201.0,25.0,26.0
136,29,87.0,69.5,42.0,41.0
136,30,136.5,610.0,21.0,30.0
136,31,213.5,274.0,23.0,18.0
136,32,278.5,15.0,19.0,22.0
136,33,558.5,47.5,21.0,29.0
136,34,198.5,584.0,23.0,28.0
136,35,557.5,143.5,19.0,23.0
136,36,163.0,322.5,24.0,29.0
136,37,262.0,95.5,16.0,23.0
136,38,264.5,368.0,21.0,20.0
136,39,255.0,221.5,18.0,23.0
136,40,248.0,270.0,22.0,26.0
136,41,54.0,399.5,24.0,33.0
136,42,262.0,197.5,20.0,19.0
136,43,250.5,295.0,19.0,24.0
136,44,486.0,223.5,18.0,25.0
136,45,471.0,556.0,22.0,24.0
136,46,418.0,546.5,20.0,21.0
136,47,85.5,69.0,35.0,32.0
136,48,614.0,71.5,18.0,27.0
136,49,575.0,198.5,22.0,25.0
136,50,128.0,566.0,18.0,30.0
136,51,407.5,542.0,23.0,26.0
136,52,136.0,471.5,26.0,31.0
136,53,331.0,84.0,22.0,28.0
136,54,509.0,323.0,24.0,28.0
136,55,565.5,129.0,15.0,22.0
136,56,240.0,372.5,24.0,25.0
136,57,530.0,184.5,22.0,25.0
136,58,93.5,30.5,23.0,29.0
136,59,10.0,348.5,18.0,21.0
136,60,625.0,310.5,20.0,21.0
136,61,140.5,636.0,19.0,8.0
136,62,498.0,245.0,20.0,26.0
136,63,573.0,105.5,16.0,21.0
136,64,524.5,201.5,21.0,27.0
137,0,347.5,440.5,81.0,97.0
137,1,235.0,177.5,54.0,55.0
137,2,365.0,418.0,18.0,22.0
137,3,357.0,312.0,24.0,26.0
137,4,311.0,198.0,22.0,20.0
137,5,103.0,247.5,20.0,25.0
137,6,550.0,478.0,20.0,20.0
137,7,410.5,416.5,23.0,25.0
137,8,402.0,192.0,20.0,30.0
137,9,343.0,360.0,22.0,34.0
137,10,80.5,204.0,21.0,28.0
137,11,318.0,418.0,22.0,30.0
137,12,234.5,170.0,21.0,24.0
137,13,377.0,294.5,18.0,19.0
137,14,605.5,419.0,27.0,30.0
137,15,435.5,84.0,27.0,30.0
137,16,386.5,140.0,25.0,26.0
137,17,115.5,276.0,23.0,26.0
137,18,235.5,512.0,25.0,30.0
137,19,373.0,441.5,18.0,21.0
137,20,274.0,160.0,20.0,30.0
137,21,275.5,106.0,27.0,22.0
137,22,211.0,210.5,32.0,33.0
137,23,540.5,20.5,19.0,31.0
137,24,254.0,131.0,24.0,30.0
137,25,419.0,108.5,22.0,27.0
137,26,20.5,201.5,25.0,27.0
137,27,402.0,539.5,38.0,43.0
137,28,198.0,584.5,22.0,27.0
137,29,163.0,323.0,24.0,30.0
137,30,250.5,344.0,17.0,24.0
137,31,214.0,283.5,22.0,19.0
137,32,278.5,15.0,19.0,22.0
137,33,136.5,610.0,21.0,30.0
137,34,557.0,144.0,18.0,24.0
137,35,262.0,95.5,16.0,23.0
137,36,255.0,221.5,18.0,23.0
137,37,558.5,47.5,21.0,29.0
137,38,87.5,69.0,41.0,42.0
137,39,248.0,269.5,22.0,27.0
137,40,486.5,223.5,19.0,25.0
137,41,264.5,368.5,21.0,21.0
137,42,262.0,197.5,20.0,19.0
137,43,54.0,399.5,24.0,33.0
137,44,250.5,295.0,19.0,24.0
137,45,418.0,546.5,20.0,21.0
137,46,470.5,556.0,21.0,24.0
137,47,614.0,71.5,18.0,27.0
137,48,575.5,198.5,23.0,25.0
137,49,85.5,68.0,35.0,32.0
137,50,135.0,473.0,28.0,32.0
137,51,128.5,566.0,19.0,30.0
137,52,407.5,542.0,23.0,26.0
137,53,331.0,84.0,22.0,28.0
137,54,565.5,130.0,15.0,22.0
137,55,510.0,322.5,24.0,29.0
137,56,93.5,29.0,25.0,30.0
137,57,239.5,370.0,25.0,26.0
137,58,530.5,184.5,21.0,25.0
137,59,10.5,346.0,19.0,22.0
137,60,140.5,636.0,19.0,8.0
137,61,571.0,105.0,16.0,22.0
137,62,497.0,246.0,20.0,24.0
137,63,623.0,311.0,20.0,22.0
137,64,526.0,201.0,22.0,26.0
138,0,347.5,440.5,81.0,97.0
138,1,235.0,177.5,54.0,55.0
138,2,365.0,418.0,18.0,22.0
138,3,311.0,198.0,22.0,20.0
138,4,357.0,312.0,24.0,26.0
138,5,103.0,247.5,20.0,25.0
138,6,550.0,478.0,20.0,20.0
138,7,80.5,204.0,21.0,28.0
138,8,410.5,416.5,23.0,25.0
138,9,343.0,360.0,22.0,34.0
138,10,234.5,170.0,21.0,24.0
138,11,605.5,419.0,27.0,30.0
138,12,377.5,294.5,17.0,19.0
138,13,318.5,418.0,21.0,30.0
138,14,373.0,441.5,18.0,21.0
138,15,435.0,84.0,28.0,30.0
138,16,402.0,192.0,20.0,30.0
138,17,115.5,276.0,23.0,26.0
138,18,386.5,140.0,25.0,26.0
138,19,235.5,512.0,25.0,30.0
138,20,540.5,21.5,19.0,31.0
138,21,275.0,106.0,26.0,22.0
138,22,137.0,610.0,22.0,30.0
138,23,211.0,211.0,32.0,34.0
138,24,419.5,108.5,21.0,27.0
138,25,274.0,160.0,20.0,30.0
138,26,254.0,131.0,24.0,30.0
138,27,213.5,274.0,23.0,18.0
138,28,402.0,539.5,38.0,43.0
138,29,20.5,201.0,25.0,26.0
138,30,163.0,323.0,24.0,30.0
138,31,278.5,15.0,19.0,22.0
138,32,250.5,344.0,17.0,24.0
138,33,558.5,47.5,21.0,29.0
138,34,262.0,95.5,16.0,23.0
138,35,87.5,67.5,43.0,43.0
138,36,255.0,221.5,18.0,23.0
138,37,198.0,584.0,22.0,28.0
138,38,557.5,143.5,19.0,25.0
138,39,264.5,368.5,21.0,21.0
138,40,247.5,269.5,23.0,27.0
138,41,54.0,399.5,24.0,33.0
138,42,486.0,223.5,18.0,25.0
138,43,250.5,295.0,19.0,24.0
138,44,262.0,197.5,20.0,19.0
138,45,129.0,565.0,18.0,30.0
138,46,418.0,546.5,20.0,21.0
138,47,470.5,556.5,21.0,23.0
138,48,614.5,71.5,19.0,27.0
138,49,87.0,68.5,36.0,33.0
138,50,407.0,542.0,22.0,26.0
138,51,214.5,283.5,23.0,19.0
138,52,575.0,197.5,22.0,25.0
138,53,130.5,475.5,27.0,31.0
138,54,331.0,84.0,22.0,28.0
138,55,511.5,319.5,25.0,29.0
138,56,531.0,185.0,20.0,24.0
138,57,237.5,369.5,25.0,27.0
138,58,566.0,129.0,16.0,22.0
138,59,13.5,341.0,19.0,24.0
138,60,97.0,27.0,26.0,30.0
138,61,576.5,112.0,17.0,22.0
138,62,516.0,633.0,18.0,14.0
138,63,141.5,636.0,19.0,8.0
138,64,569.0,262.5,20.0,27.0
138,65,493.5,245.0,21.0,26.0
138,66,526.0,201.0,20.0,26.0
138,67,38.0,636.0,22.0,8.0
139,0,235.0,177.5,54.0,55.0
139,1,347.5,440.5,81.0,97.0
139,2,365.0,418.0,18.0,22.0
139,3,357.0,312.0,24.0,26.0
139,4,311.0,198.0,22.0,20.0
139,5,550.0,477.5,20.0,21.0
139,6,103.0,247.5,20.0,25.0
139,7,80.5,204.0,21.0,28.0
139,8,410.5,416.5,23.0,25.0
139,9,343.0,360.0,22.0,34.0
139,10,234.5,170.0,21.0,24.0
139,11,377.0,294.0,18.0,20.0
139,12,386.5,140.0,25.0,26.0
139,13,115.5,276.0,23.0,26.0
139,14,605.5,419.0,27.0,30.0
139,15,435.0,84.0,28.0,30.0
139,16,401.5,191.5,21.0,31.0
139,17,235.5,512.0,25.0,30.0
139,18,318.0,417.5,22.0,31.0
139,19,198.5,584.0,23.0,28.0
139,20,373.0,441.5,18.0,21.0
139,21,88.5,68.0,43.0,44.0
139,22,211.0,211.0,32.0,34.0
139,23,136.0,610.5,22.0,31.0
139,24,275.0,106.0,26.0,22.0
139,25,558.5,47.5,21.0,29.0
139,26,419.5,108.5,21.0,27.0
139,27,21.0,201.0,26.0,26.0
139,28,540.5,21.0,19.0,32.0
139,29,402.0,539.5,38.0,43.0
139,30,254.0,131.0,24.0,30.0
139,31,274.0,160.0,20.0,30.0
139,32,213.5,274.0,23.0,18.0
139,33,278.5,15.0,19.0,22.0
139,34,162.5,322.0,23.0,30.0
139,35,262.0,96.0,16.0,24.0
139,36,255.0,222.0,18.0,22.0
139,37,557.5,144.5,19.0,23.0
139,38,247.5,269.5,23.0,27.0
139,39,263.5,368.5,21.0,21.0
139,40,250.5,344.5,17.0,23.0
139,41,53.5,399.0,23.0,34.0
139,42,86.5,69.0,35.0,32.0
139,43,129.0,565.5,18.0,29.0
139,44,262.0,197.5,20.0,19.0
139,45,417.5,547.0,19.0,22.0
139,46,250.5,294.0,19.0,24.0
139,47,469.5,557.0,21.0,22.0
139,48,614.0,71.5,18.0,27.0
139,49,407.0,542.0,22.0,26.0
139,50,214.5,283.5,23.0,19.0
139,51,128.0,480.0,26.0,32.0
139,52,512.0,318.0,24.0,28.0
139,53,331.0,85.0,22.0,28.0
139,54,486.0,223.0,18.0,24.0
139,55,99.0,13.0,20.0,26.0
139,56,574.5,197.5,21.0,25.0
139,57,232.5,366.0,25.0,26.0
139,58,531.0,184.5,18.0,23.0
139,59,510.0,633.0,20.0,14.0
139,60,141.0,636.0,20.0,8.0
139,61,566.5,128.0,15.0,24.0
139,62,573.5,250.5,21.0,29.0
139,63,17.0,348.0,20.0,22.0
139,64,621.0,319.0,22.0,26.0
139,65,36.5,636.5,21.0,7.0
140,0,235.0,177.0,54.0,56.0
140,1,347.5,440.5,81.0,97.0
140,2,365.0,418.0,18.0,22.0
140,3,311.0,198.0,22.0,20.0
140,4,357.0,312.0,24.0,26.0
140,5,550.0,477.5,20.0,21.0
140,6,103.0,247.5,20.0,25.0
140,7,80.5,204.0,21.0,28.0
140,8,410.5,416.5,23.0,25.0
140,9,343.0,360.0,22.0,34.0
140,10,234.5,169.5,21.0,25.0
140,11,377.0,294.0,18.0,20.0
140,12,115.5,276.0,23.0,26.0
140,13,605.5,419.0,27.0,30.0
140,14,435.0,84.0,28.0,30.0
140,15,386.5,140.0,25.0,26.0
140,16,318.0,417.5,22.0,31.0
140,17,558.5,47.5,21.0,29.0
140,18,401.5,191.5,21.0,31.0
140,19,235.5,512.0,25.0,30.0
140,20,21.0,201.5,26.0,27.0
140,21,198.5,584.0,23.0,28.0
140,22,373.0,441.5,18.0,21.0
140,23,211.0,211.0,32.0,34.0
140,24,136.0,610.0,22.0,30.0
140,25,275.0,106.0,26.0,22.0
140,26,419.5,108.0,21.0,28.0
140,27,540.5,21.5,19.0,31.0
140,28,274.0,160.0,20.0,30.0
140,29,402.0,539.5,38.0,43.0
140,30,162.5,322.5,23.0,31.0
140,31,253.5,131.0,25.0,30.0
140,32,213.5,274.0,23.0,18.0
140,33,89.0,68.0,42.0,44.0
140,34,278.5,15.5,19.0,23.0
140,35,262.0,96.0,16.0,24.0
140,36,255.0,222.0,18.0,22.0
140,37,264.5,368.5,21.0,21.0
140,38,557.5,145.0,19.0,24.0
140,39,250.0,344.0,18.0,24.0
140,40,247.5,269.5,23.0,27.0
140,41,262.0,197.5,20.0,19.0
140,42,54.0,399.0,24.0,34.0
140,43,129.5,565.5,19.0,29.0
140,44,86.5,69.0,35.0,32.0
140,45,250.5,294.0,19.0,24.0
140,46,417.5,547.0,19.0,22.0
140,47,469.5,557.0,21.0,22.0
140,48,614.0,71.5,18.0,27.0
140,49,214.5,284.0,23.0,20.0
140,50,512.5,318.0,23.0,28.0
140,51,407.5,542.0,23.0,26.0
140,52,126.5,482.5,27.0,33.0
140,53,530.5,184.5,19.0,23.0
140,54,485.5,224.0,19.0,26.0
140,55,331.0,85.0,22.0,28.0
140,56,97.5,12.5,19.0,25.0
140,57,231.0,365.5,26.0,27.0
140,58,574.0,197.5,22.0,25.0
140,59,567.0,129.0,16.0,24.0
140,60,141.0,636.5,20.0,7.0
140,61,573.0,250.5,20.0,29.0
140,62,135.5,535.0,17.0,20.0
140,63,17.5,351.5,19.0,21.0
140,64,35.5,636.5,21.0,7.0
140,65,524.5,205.5,23.0,27.0
140,66,624.5,321.5,21.0,25.0
141,0,347.5,440.5,81.0,97.0
141,1,235.0,177.0,54.0,56.0
141,2,365.0,418.0,18.0,22.0
141,3,311.0,198.0,22.0,20.0
141,4,357.0,312.0,24.0,26.0
141,5,103.0,248.0,20.0,26.0
141,6,550.0,477.5,20.0,21.0
141,7,80.5,204.0,21.0,28.0
141,8,410.5,416.5,23.0,25.0
141,9,343.0,360.0,22.0,34.0
141,10,318.0,418.0,22.0,30.0
141,11,377.0,294.0,18.0,20.0
141,12,234.5,169.5,21.0,25.0
141,13,115.5,276.0,23.0,26.0
141,14,435.0,84.0,28.0,30.0
141,15,605.5,419.0,27.0,30.0
141,16,198.0,584.5,22.0,27.0
141,17,401.5,191.0,21.0,30.0
141,18,386.5,140.0,25.0,26.0
141,19,136.0,610.5,22.0,31.0
141,20,235.5,512.0,25.0,30.0
141,21,373.0,441.5,18.0,21.0
141,22,275.0,106.0,26.0,22.0
141,23,211.0,211.0,32.0,34.0
141,24,21.0,201.5,26.0,27.0
141,25,419.5,108.5,21.0,27.0
141,26,263.5,368.5,21.0,21.0
141,27,540.5,21.0,19.0,32.0
141,28,88.5,67.5,43.0,45.0
141,29,558.5,47.5,21.0,29.0
141,30,274.0,159.5,20.0,29.0
141,31,402.0,539.5,38.0,43.0
141,32,162.5,322.5,23.0,31.0
141,33,253.5,131.0,25.0,30.0
141,34,531.0,183.5,18.0,23.0
141,35,278.5,15.0,19.0,22.0
141,36,213.5,274.0,23.0,18.0
141,37,262.0,96.0,16.0,24.0
141,38,255.0,221.5,18.0,23.0
141,39,250.0,344.0,18.0,24.0
141,40,247.5,269.5,23.0,27.0
141,41,54.0,399.5,24.0,33.0
141,42,262.0,197.5,20.0,19.0
141,43,417.0,547.5,20.0,21.0
141,44,250.5,294.5,19.0,25.0
141,45,469.5,557.0,21.0,24.0
141,46,557.5,144.5,19.0,25.0
141,47,614.0,71.5,18.0,27.0
141,48,129.5,566.5,17.0,27.0
141,49,329.5,82.0,23.0,28.0
141,50,85.5,69.0,35.0,32.0
141,51,407.5,542.0,23.0,26.0
141,52,214.5,283.5,23.0,19.0
141,53,486.0,223.5,20.0,25.0
141,54,514.0,319.0,24.0,28.0
141,55,125.0,487.5,28.0,33.0
141,56,572.5,197.0,23.0,26.0
141,57,228.5,363.0,25.0,26.0
141,58,525.0,215.0,24.0,28.0
141,59,566.0,129.0,16.0,24.0
141,60,141.0,636.0,20.0,8.0
141,61,486.0,237.0,20.0,24.0
141,62,572.5,247.5,21.0,29.0
141,63,24.5,354.5,19.0,21.0
141,64,130.5,541.5,19.0,21.0
141,65,92.5,13.0,19.0,24.0
142,0,347.5,440.5,81.0,97.0
142,1,235.0,177.5,54.0,55.0
142,2,365.0,418.0,18.0,22.0
142,3,311.0,198.0,22.0,20.0
142,4,103.0,248.0,20.0,26.0
142,5,357.0,312.0,24.0,26.0
142,6,550.0,477.5,20.0,21.0
142,7,80.5,204.0,21.0,28.0
142,8,410.5,416.5,23.0,25.0
142,9,343.0,360.0,22.0,34.0
142,10,234.5,170.0,21.0,24.0
142,11,377.0,294.0,18.0,20.0
142,12,318.0,418.0,22.0,30.0
142,13,605.5,419.0,27.0,30.0
142,14,435.0,84.0,28.0,30.0
142,15,115.5,276.0,23.0,26.0
142,16,401.5,191.0,21.0,30.0
142,17,386.5,140.0,25.0,26.0
142,18,198.0,584.5,22.0,27.0
142,19,235.5,512.0,25.0,30.0
142,20,136.0,610.0,22.0,30.0
142,21,559.0,47.5,20.0,29.0
142,22,211.0,211.0,32.0,34.0
142,23,373.0,441.5,18.0,21.0
142,24,21.0,201.5,26.0,27.0
142,25,275.5,106.0,27.0,22.0
142,26,263.5,368.5,21.0,21.0
142,27,541.0,21.5,18.0,31.0
142,28,419.5,108.5,21.0,27.0
142,29,89.0,68.5,44.0,45.0
142,30,274.0,160.0,20.0,30.0
142,31,162.0,322.0,24.0,30.0
142,32,402.0,539.5,38.0,43.0
142,33,253.5,131.0,25.0,30.0
142,34,278.5,15.5,19.0,23.0
142,35,531.0,182.5,18.0,23.0
142,36,214.0,283.0,22.0,20.0
142,37,255.0,221.5,18.0,23.0
142,38,262.0,95.5,16.0,23.0
142,39,249.5,344.0,17.0,24.0
142,40,247.5,269.5,23.0,27.0
142,41,262.0,197.5,20.0,19.0
142,42,53.5,399.0,23.0,34.0
142,43,250.5,294.0,19.0,24.0
142,44,469.5,557.5,21.0,23.0
142,45,417.0,547.5,20.0,21.0
142,46,557.0,144.5,18.0,25.0
142,47,129.5,566.0,17.0,28.0
142,48,86.0,69.0,36.0,32.0
142,49,614.5,71.5,19.0,27.0
142,50,329.0,80.0,22.0,28.0
142,51,407.5,542.0,23.0,26.0
142,52,514.0,319.5,24.0,27.0
142,53,485.5,223.5,19.0,25.0
142,54,226.5,362.0,25.0,26.0
142,55,93.0,12.0,18.0,24.0
142,56,566.0,129.5,16.0,23.0
142,57,122.0,487.0,28.0,32.0
142,58,572.5,196.5,21.0,25.0
142,59,521.5,220.0,25.0,30.0
142,60,141.0,636.0,20.0,8.0
142,61,497.5,635.0,21.0,10.0
142,62,574.0,133.5,18.0,25.0
142,63,25.0,352.5,20.0,21.0
142,64,128.5,541.5,19.0,23.0
142,65,573.0,242.0,22.0,28.0
142,66,482.0,240.0,20.0,24.0
143,0,235.0,177.5,54.0,55.0
143,1,347.5,440.5,81.0,97.0
143,2,365.0,418.0,18.0,22.0
143,3,311.0,198.0,22.0,20.0
143,4,357.0,312.0,24.0,26.0
143,5,103.0,248.0,20.0,26.0
143,6,550.0,477.5,20.0,21.0
143,7,80.5,204.0,21.0,28.0
143,8,343.0,360.0,22.0,34.0
143,9,410.5,416.5,23.0,25.0
143,10,234.5,170.0,21.0,24.0
143,11,377.0,294.0,18.0,20.0
143,12,605.5,419.0,27.0,30.0
143,13,435.0,83.5,28.0,31.0
143,14,386.0,140.0,24.0,26.0
143,15,401.5,191.0,21.0,30.0
143,16,115.0,276.0,24.0,26.0
143,17,318.0,417.5,22.0,31.0
143,18,235.5,512.0,25.0,30.0
143,19,136.0,610.0,22.0,30.0
143,20,198.0,584.0,22.0,28.0
143,21,559.0,47.5,20.0,29.0
143,22,211.0,211.0,32.0,34.0
143,23,21.0,201.5,26.0,27.0
143,24,275.5,106.0,27.0,22.0
143,25,419.5,108.5,21.0,27.0
143,26,541.0,21.5,18.0,31.0
143,27,373.0,441.5,18.0,21.0
143,28,274.0,159.5,20.0,29.0
143,29,401.5,539.5,37.0,43.0
143,30,53.5,399.0,23.0,34.0
143,31,162.0,322.0,24.0,30.0
143,32,263.5,368.5,21.0,21.0
143,33,278.5,15.5,19.0,23.0
143,34,253.5,131.0,25.0,30.0
143,35,214.0,283.0,22.0,20.0
143,36,255.0,221.5,18.0,23.0
143,37,262.0,95.5,16.0,23.0
143,38,249.5,344.0,17.0,24.0
143,39,247.5,269.5,23.0,27.0
143,40,86.5,69.5,35.0,31.0
143,41,89.0,68.5,42.0,43.0
143,42,262.0,197.5,20.0,19.0
143,43,417.5,547.0,19.0,22.0
143,44,250.5,294.0,19.0,24.0
143,45,129.5,566.5,17.0,29.0
143,46,531.5,183.0,19.0,22.0
143,47,557.0,145.0,18.0,24.0
143,48,469.5,558.5,21.0,23.0
143,49,614.0,71.5,18.0,27.0
143,50,407.5,542.0,23.0,26.0
143,51,93.0,8.5,20.0,17.0
143,52,485.5,223.0,19.0,24.0
143,53,566.5,129.5,15.0,23.0
143,54,516.0,320.0,24.0,28.0
143,55,225.5,362.0,25.0,26.0
143,56,329.0,77.5,22.0,29.0
143,57,121.0,486.5,28.0,33.0
143,58,499.0,632.0,20.0,16.0
143,59,572.5,196.0,21.0,24.0
143,60,126.0,538.0,20.0,22.0
143,61,141.0,636.0,20.0,8.0
143,62,25.5,345.0,19.0,24.0
143,63,577.0,240.5,20.0,29.0
143,64,573.5,135.0,17.0,24.0
143,65,521.0,222.0,24.0,28.0
143,66,480.5,238.0,19.0,24.0
144,0,235.0,177.5,54.0,55.0
144,1,347.5,440.5,81.0,97.0
144,2,365.0,418.0,18.0,22.0
144,3,311.0,198.0,22.0,20.0
144,4,357.0,312.0,24.0,26.0
144,5,103.0,247.5,20.0,25.0
144,6,550.0,477.5,20.0,21.0
144,7,80.5,204.0,21.0,28.0
144,8,343.0,360.0,22.0,34.0
144,9,410.5,416.5,23.0,25.0
144,10,234.5,170.0,21.0,24.0
144,11,377.0,294.0,18.0,20.0
144,12,605.5,419.0,27.0,30.0
144,13,401.5,191.0,21.0,30.0
144,14,435.0,84.0,28.0,30.0
144,15,386.0,140.0,24.0,26.0
144,16,318.0,417.5,22.0,31.0
144,17,115.5,276.0,23.0,26.0
144,18,235.5,511.5,25.0,31.0
144,19,136.0,609.0,22.0,30.0
144,20,211.0,211.0,32.0,34.0
144,21,558.5,47.5,21.0,29.0
144,22,275.5,106.0,27.0,22.0
144,23,21.0,201.0,26.0,26.0
144,24,198.0,584.0,22.0,28.0
144,25,373.0,441.5,18.0,21.0
144,26,419.5,108.5,21.0,27.0
144,27,274.0,159.5,20.0,29.0
144,28,162.0,322.0,24.0,30.0
144,29,540.5,21.5,19.0,31.0
144,30,401.5,539.5,37.0,43.0
144,31,263.5,368.5,21.0,21.0
144,32,253.5,131.0,25.0,30.0
144,33,278.5,15.5,19.0,23.0
144,34,213.5,274.0,23.0,18.0
144,35,255.0,221.5,18.0,23.0
144,36,88.5,68.0,43.0,44.0
144,37,249.5,343.5,17.0,23.0
144,38,557.0,144.5,18.0,23.0
144,39,247.5,269.5,23.0,27.0
144,40,53.5,399.0,23.0,34.0
144,41,262.0,95.5,16.0,23.0
144,42,130.0,566.5,18.0,29.0
144,43,262.0,197.5,20.0,19.0
144,44,87.0,69.5,36.0,33.0
144,45,417.5,546.5,19.0,21.0
144,46,250.5,294.0,19.0,24.0
144,47,469.0,558.5,22.0,23.0
144,48,614.0,71.5,18.0,27.0
144,49,534.0,183.0,20.0,22.0
144,50,407.5,542.0,23.0,26.0
144,51,485.5,223.0,19.0,24.0
144,52,565.5,129.5,15.0,23.0
144,53,502.5,629.0,19.0,22.0
144,54,94.0,6.5,20.0,13.0
144,55,119.0,487.5,28.0,33.0
144,56,517.5,320.0,23.0,28.0
144,57,222.5,360.5,25.0,27.0
144,58,572.0,137.0,16.0,24.0
144,59,572.5,195.0,21.0,24.0
144,60,123.5,534.5,19.0,21.0
144,61,24.5,339.5,21.0,25.0
144,62,141.0,636.0,20.0,8.0
144,63,518.0,226.0,22.0,26.0
144,64,478.5,237.5,19.0,23.0
144,65,575.0,241.0,20.0,30.0
144,66,329.5,77.5,23.0,29.0
144,67,34.0,635.5,22.0,9.0
145,0,347.5,440.5,81.0,97.0
145,1,235.0,177.5,54.0,55.0
145,2,365.0,418.0,18.0,22.0
145,3,311.0,198.0,22.0,20.0
145,4,356.5,312.5,23.0,25.0
145,5,550.0,477.5,20.0,21.0
145,6,103.0,248.0,20.0,26.0
145,7,410.5,416.5,23.0,25.0
145,8,235.5,512.0,25.0,30.0
145,9,80.5,204.0,21.0,28.0
145,10,343.0,360.0,22.0,34.0
145,11,234.5,170.0,21.0,24.0
145,12,605.5,419.5,27.0,29.0
145,13,377.0,294.0,18.0,20.0
145,14,401.5,191.0,21.0,30.0
145,15,115.0,276.0,24.0,26.0
145,16,318.0,417.5,22.0,31.0
145,17,435.0,83.0,28.0,30.0
145,18,20.5,201.0,25.0,26.0
145,19,211.0,211.0,32.0,34.0
145,20,558.5,47.5,21.0,29.0
145,21,385.5,139.5,25.0,27.0
145,22,274.0,159.5,20.0,29.0
145,23,275.5,106.0,27.0,22.0
145,24,373.0,441.5,18.0,21.0
145,25,136.0,609.0,22.0,30.0
145,26,401.5,539.5,37.0,43.0
145,27,263.0,368.5,20.0,21.0
145,28,541.0,21.5,18.0,31.0
145,29,419.5,108.5,21.0,27.0
145,30,198.5,584.0,23.0,28.0
145,31,253.5,131.0,25.0,30.0
145,32,214.0,283.5,22.0,19.0
145,33,88.0,68.5,42.0,43.0
145,34,278.5,15.0,19.0,22.0
145,35,162.0,322.0,24.0,30.0
145,36,556.0,144.5,18.0,23.0
145,37,262.0,96.0,16.0,24.0
145,38,255.0,221.5,18.0,23.0
145,39,249.5,344.0,17.0,24.0
145,40,247.5,270.0,23.0,26.0
145,41,129.5,566.5,17.0,29.0
145,42,53.5,398.5,23.0,33.0
145,43,250.5,294.5,19.0,23.0
145,44,417.0,546.5,20.0,21.0
145,45,261.5,197.5,19.0,19.0
145,46,468.0,559.5,22.0,23.0
145,47,86.5,69.0,35.0,32.0
145,48,534.5,183.5,19.0,21.0
145,49,614.0,71.0,18.0,26.0
145,50,565.0,130.0,16.0,24.0
145,51,407.0,542.0,22.0,26.0
145,52,485.0,224.0,18.0,24.0
145,53,572.0,196.0,22.0,24.0
145,54,503.0,627.5,18.0,25.0
145,55,221.0,359.5,26.0,27.0
145,56,123.5,532.5,19.0,21.0
145,57,93.0,6.5,18.0,13.0
145,58,116.5,489.0,27.0,32.0
145,59,516.5,320.5,23.0,27.0
145,60,572.0,141.0,16.0,24.0
145,61,29.5,341.0,19.0,22.0
145,62,515.5,231.5,23.0,27.0
145,63,577.5,238.0,21.0,30.0
145,64,140.5,636.0,19.0,8.0
145,65,476.0,236.0,20.0,24.0
145,66,329.0,77.0,22.0,28.0
145,67,32.5,635.0,23.0,10.0
146,0,235.0,177.5,54.0,55.0
146,1,347.5,440.5,81.0,97.0
146,2,365.0,418.0,18.0,22.0
146,3,311.0,198.0,22.0,20.0
146,4,357.0,312.5,24.0,25.0
146,5,103.0,248.0,20.0,26.0
146,6,236.0,512.0,24.0,30.0
146,7,550.0,477.5,20.0,21.0
146,8,410.5,416.5,23.0,25.0
146,9,343.0,360.0,22.0,34.0
146,10,80.5,204.0,21.0,28.0
146,11,605.5,419.5,27.0,29.0
146,12,318.0,417.5,22.0,31.0
146,13,234.5,170.0,21.0,24.0
146,14,401.5,191.0,21.0,30.0
146,15,377.0,294.0,18.0,20.0
146,16,115.0,276.0,24.0,26.0
146,17,21.0,201.0,26.0,26.0
146,18,373.0,441.5,18.0,21.0
146,19,435.0,83.0,28.0,30.0
146,20,559.5,47.5,21.0,29.0
146,21,211.0,210.5,32.0,33.0
146,22,386.0,139.5,24.0,27.0
146,23,136.0,609.5,22.0,29.0
146,24,401.5,539.5,37.0,43.0
146,25,198.5,584.0,23.0,28.0
146,26,275.5,106.0,27.0,22.0
146,27,274.0,159.5,20.0,29.0
146,28,541.0,21.5,18.0,31.0
146,29,263.0,368.5,20.0,21.0
146,30,419.5,108.0,21.0,28.0
146,31,214.0,283.0,22.0,20.0
146,32,89.5,69.0,43.0,44.0
146,33,253.5,131.0,25.0,30.0
146,34,557.0,145.0,18.0,24.0
146,35,278.5,15.5,19.0,23.0
146,36,162.0,322.0,24.0,30.0
146,37,262.0,95.5,16.0,23.0
146,38,249.5,344.0,17.0,24.0
146,39,255.0,221.5,18.0,23.0
146,40,247.5,270.0,23.0,26.0
146,41,250.5,295.0,19.0,24.0
146,42,53.0,399.0,24.0,34.0
146,43,468.0,559.5,22.0,23.0
146,44,417.0,546.5,20.0,21.0
146,45,261.5,197.5,19.0,19.0
146,46,87.0,69.0,36.0,32.0
146,47,614.5,71.5,19.0,27.0
146,48,128.5,566.5,17.0,29.0
146,49,566.0,129.5,16.0,23.0
146,50,533.5,182.0,19.0,22.0
146,51,33.5,342.0,19.0,22.0
146,52,407.0,542.0,22.0,26.0
146,53,486.0,223.5,20.0,25.0
146,54,571.5,195.5,21.0,25.0
146,55,518.0,321.0,24.0,28.0
146,56,113.5,490.0,27.0,32.0
146,57,219.5,356.5,25.0,27.0
146,58,496.5,623.0,19.0,24.0
146,59,576.0,229.0,20.0,28.0
146,60,573.0,144.0,16.0,24.0
146,61,88.5,8.0,19.0,16.0
146,62,328.0,72.5,22.0,29.0
146,63,141.0,636.0,20.0,8.0
146,64,516.0,236.0,24.0,26.0
146,65,471.0,238.5,22.0,23.0
146,66,130.5,525.5,15.0,19.0
147,0,235.0,177.5,54.0,55.0
147,1,347.5,440.5,81.0,97.0
147,2,364.5,418.0,19.0,22.0
147,3,311.0,198.0,22.0,20.0
147,4,357.0,312.0,24.0,26.0
147,5,103.0,248.0,20.0,26.0
147,6,550.0,477.5,20.0,21.0
147,7,235.5,512.0,25.0,30.0
147,8,410.5,416.0,23.0,24.0
147,9,343.0,360.0,22.0,34.0
147,10,234.5,170.0,21.0,24.0
147,11,80.5,204.0,21.0,28.0
147,12,605.5,419.0,27.0,30.0
147,13,318.0,417.5,22.0,31.0
147,14,401.5,191.0,21.0,30.0
147,15,377.0,294.0,18.0,20.0
147,16,115.0,276.0,24.0,26.0
147,17,21.0,201.0,26.0,26.0
147,18,136.0,609.5,22.0,29.0
147,19,373.0,441.5,18.0,21.0
147,20,435.0,83.0,28.0,30.0
147,21,211.0,210.5,32.0,33.0
147,22,386.5,140.0,25.0,26.0
147,23,198.5,584.0,23.0,28.0
147,24,401.5,539.5,37.0,43.0
147,25,419.5,108.0,21.0,28.0
147,26,89.0,69.0,42.0,44.0
147,27,275.5,106.0,27.0,22.0
147,28,274.0,159.5,20.0,29.0
147,29,559.5,48.0,21.0,30.0
147,30,263.0,368.5,20.0,21.0
147,31,541.0,21.5,18.0,31.0
147,32,214.0,283.0,22.0,20.0
147,33,253.5,131.0,25.0,30.0
147,34,278.5,15.5,19.0,23.0
147,35,162.0,322.0,24.0,30.0
147,36,262.0,95.5,16.0,23.0
147,37,557.0,145.0,18.0,24.0
147,38,255.0,221.5,18.0,23.0
147,39,249.5,344.0,17.0,24.0
147,40,247.5,270.0,23.0,26.0
147,41,53.0,399.5,24.0,33.0
147,42,250.5,294.5,19.0,25.0
147,43,468.0,560.0,22.0,22.0
147,44,417.0,547.5,20.0,21.0
147,45,261.5,197.5,19.0,19.0
147,46,86.5,69.5,35.0,33.0
147,47,127.5,566.0,17.0,28.0
147,48,614.0,71.5,18.0,27.0
147,49,486.0,223.5,20.0,25.0
147,50,566.0,129.5,16.0,23.0
147,51,407.5,542.5,23.0,25.0
147,52,113.5,492.5,27.0,31.0
147,53,532.5,181.0,19.0,22.0
147,54,518.5,321.0,23.0,28.0
147,55,218.5,355.5,25.0,27.0
147,56,576.5,226.0,21.0,28.0
147,57,571.5,195.0,21.0,24.0
147,58,35.0,346.5,20.0,23.0
147,59,493.0,627.0,20.0,24.0
147,60,573.0,146.0,16.0,24.0
147,61,86.5,8.5,19.0,17.0
147,62,327.5,70.5,23.0,29.0
147,63,140.5,636.0,19.0,8.0
147,64,129.0,521.0,16.0,20.0
147,65,468.0,238.5,20.0,21.0
147,66,521.5,240.5,25.0,25.0
147,67,636.0,17.0,8.0,24.0
147,68,634.5,299.5,11.0,29.0
148,0,235.0,177.5,54.0,55.0
148,1,347.5,440.0,81.0,98.0
148,2,365.0,418.0,18.0,22.0
148,3,311.0,198.0,22.0,20.0
148,4,357.0,312.0,24.0,26.0
148,5,103.0,248.0,20.0,26.0
148,6,236.0,512.0,24.0,30.0
148,7,550.0,477.5,20.0,21.0
148,8,410.5,416.0,23.0,24.0
148,9,80.5,204.0,21.0,28.0
148,10,343.0,360.0,22.0,34.0
148,11,318.0,417.0,22.0,30.0
148,12,234.5,170.0,21.0,24.0
148,13,605.5,419.5,27.0,31.0
148,14,401.5,191.0,21.0,30.0
148,15,115.0,276.0,24.0,26.0
148,16,377.0,294.0,18.0,20.0
148,17,198.5,584.0,23.0,28.0
148,18,373.0,441.5,18.0,21.0
148,19,136.0,610.0,22.0,30.0
148,20,21.0,201.0,26.0,26.0
148,21,435.0,83.0,28.0,30.0
148,22,386.5,140.0,25.0,26.0
148,23,211.0,210.5,32.0,33.0
148,24,559.5,48.0,21.0,30.0
148,25,401.5,539.5,37.0,43.0
148,26,275.5,106.0,27.0,22.0
148,27,419.5,108.0,21.0,28.0
148,28,262.5,368.5,21.0,21.0
148,29,541.0,21.5,18.0,31.0
148,30,253.5,131.0,25.0,30.0
148,31,274.0,159.5,20.0,29.0
148,32,214.0,283.0,22.0,20.0
148,33,278.5,15.5,19.0,23.0
148,34,88.5,68.5,43.0,43.0
148,35,556.5,145.0,17.0,24.0
148,36,162.0,322.0,24.0,30.0
148,37,262.0,95.5,16.0,23.0
148,38,255.0,221.5,18.0,23.0
148,39,53.0,399.0,24.0,34.0
148,40,249.5,343.5,17.0,23.0
148,41,247.5,270.0,23.0,26.0
148,42,250.5,294.0,19.0,24.0
148,43,468.0,560.5,22.0,23.0
148,44,417.0,546.5,20.0,21.0
148,45,261.5,197.5,19.0,19.0
148,46,85.5,69.0,35.0,32.0
148,47,128.5,565.5,17.0,29.0
148,48,565.0,130.5,16.0,23.0
148,49,614.0,71.0,18.0,28.0
148,50,533.5,181.0,19.0,22.0
148,51,111.5,494.0,27.0,32.0
148,52,486.0,223.5,20.0,27.0
148,53,407.5,542.0,23.0,26.0
148,54,571.5,195.0,21.0,24.0
148,55,518.5,321.5,25.0,29.0
148,56,574.0,147.5,18.0,23.0
148,57,491.5,631.5,19.0,17.0
148,58,215.5,355.0,27.0,26.0
148,59,36.5,348.0,21.0,22.0
148,60,467.0,236.5,20.0,21.0
148,61,327.0,70.0,22.0,30.0
148,62,140.5,636.0,21.0,8.0
148,63,580.5,226.5,21.0,29.0
148,64,126.0,517.5,14.0,21.0
148,65,87.5,7.0,17.0,14.0
148,66,526.0,242.0,26.0,26.0
148,67,634.0,299.5,12.0,29.0
148,68,636.5,20.5,7.0,25.0
149,0,235.0,177.5,54.0,55.0
149,1,347.5,440.5,81.0,97.0
149,2,365.0,418.0,18.0,22.0
149,3,311.0,198.0,22.0,20.0
149,4,357.0,312.0,24.0,26.0
149,5,103.0,247.5,20.0,25.0
149,6,550.0,477.5,20.0,21.0
149,7,410.5,416.5,23.0,25.0
149,8,343.0,360.0,22.0,34.0
149,9,80.5,204.0,21.0,28.0
149,10,234.5,170.0,21.0,24.0
149,11,236.0,512.0,24.0,30.0
149,12,401.0,191.0,20.0,30.0
149,13,605.5,419.5,27.0,31.0
149,14,318.0,417.5,22.0,31.0
149,15,115.0,276.0,24.0,26.0
149,16,377.0,294.0,18.0,20.0
149,17,386.5,140.0,25.0,26.0
149,18,136.0,609.5,22.0,29.0
149,19,435.0,83.0,28.0,30.0
149,20,198.0,584.0,22.0,28.0
149,21,559.0,47.5,22.0,29.0
149,22,21.0,201.0,26.0,26.0
149,23,373.0,441.5,18.0,21.0
149,24,211.0,210.5,32.0,33.0
149,25,401.5,539.5,37.0,43.0
149,26,275.5,106.0,27.0,22.0
149,27,419.5,108.0,21.0,28.0
149,28,253.5,131.0,25.0,30.0
149,29,541.0,21.5,18.0,31.0
149,30,274.0,159.5,20.0,29.0
149,31,213.5,274.0,23.0,18.0
149,32,161.5,322.0,23.0,30.0
149,33,88.0,68.5,42.0,43.0
149,34,263.0,368.5,20.0,21.0
149,35,278.0,15.5,20.0,23.0
149,36,255.0,221.5,18.0,23.0
149,37,262.0,95.5,16.0,23.0
149,38,249.0,344.0,18.0,24.0
149,39,53.0,399.5,24.0,33.0
149,40,247.5,269.5,23.0,27.0
149,41,250.5,294.0,19.0,24.0
149,42,557.0,145.5,18.0,23.0
149,43,417.0,546.5,20.0,21.0
149,44,261.5,197.5,19.0,19.0
149,45,86.0,69.0,36.0,32.0
149,46,468.5,560.5,23.0,23.0
149,47,129.0,564.5,18.0,29.0
149,48,565.0,130.5,16.0,23.0
149,49,614.5,71.5,19.0,27.0
149,50,485.5,224.0,21.0,26.0
149,51,534.0,181.0,20.0,22.0
149,52,576.0,148.5,18.0,23.0
149,53,407.5,542.0,23.0,26.0
149,54,571.0,196.0,22.0,26.0
149,55,39.0,346.5,20.0,21.0
149,56,519.0,321.5,24.0,29.0
149,57,109.0,497.0,26.0,30.0
149,58,530.0,243.0,24.0,28.0
149,59,125.0,514.0,16.0,22.0
149,60,215.0,354.0,26.0,26.0
149,61,327.5,68.0,23.0,30.0
149,62,468.0,233.0,20.0,24.0
149,63,140.0,636.0,20.0,8.0
149,64,634.0,300.5,12.0,31.0
149,65,580.5,221.5,21.0,27.0
149,66,489.0,631.5,22.0,17.0
150,0,235.5,178.0,55.0,56.0
150,1,348.0,440.0,80.0,96.0
150,2,364.5,418.0,19.0,22.0
150,3,358.0,313.0,24.0,26.0
150,4,311.0,198.0,22.0,20.0
150,5,167.5,324.0,23.0,30.0
150,6,104.0,247.5,20.0,25.0
150,7,235.0,511.5,26.0,31.0
150,8,256.0,131.0,24.0,30.0
150,9,411.5,416.5,23.0,25.0
150,10,213.5,210.0,31.0,34.0
150,11,438.0,84.0,28.0,30.0
150,12,373.0,441.5,18.0,21.0
150,13,88.0,71.0,36.0,32.0
150,14,319.0,415.0,22.0,30.0
150,15,80.5,204.5,21.0,27.0
150,16,136.0,612.5,22.0,29.0
150,17,275.5,106.0,27.0,22.0
150,18,343.0,360.0,22.0,34.0
150,19,21.0,201.5,26.0,27.0
150,20,213.5,274.0,23.0,18.0
150,21,402.0,540.0,38.0,42.0
150,22,378.0,295.0,18.0,20.0
150,23,234.5,170.0,21.0,24.0
150,24,388.5,142.0,25.0,22.0
150,25,405.0,194.0,20.0,30.0
150,26,541.5,20.0,19.0,32.0
150,27,467.0,535.5,18.0,27.0
150,28,89.0,70.0,42.0,44.0
150,29,249.5,269.0,23.0,26.0
150,30,117.5,276.0,23.0,26.0
150,31,420.0,107.5,22.0,27.0
150,32,606.5,418.5,27.0,29.0
150,33,279.5,14.5,19.0,23.0
150,34,274.0,161.0,20.0,30.0
150,35,255.0,222.0,18.0,22.0
150,36,56.5,401.0,23.0,32.0
150,37,263.0,198.5,20.0,19.0
150,38,342.5,80.5,23.0,27.0
150,39,253.0,295.5,20.0,23.0
150,40,262.5,93.5,15.0,21.0
150,41,254.0,343.0,18.0,24.0
150,42,559.0,142.5,18.0,23.0
150,43,133.0,563.5,18.0,29.0
150,44,488.0,221.5,20.0,25.0
150,45,559.5,47.5,21.0,29.0
150,46,537.5,192.0,25.0,22.0
150,47,558.5,331.5,21.0,21.0
150,48,420.5,546.5,19.0,21.0
150,49,566.5,129.0,15.0,22.0
150,50,76.0,142.0,22.0,34.0
150,51,406.5,541.5,23.0,25.0
150,52,615.5,75.0,19.0,28.0
150,53,201.0,583.0,22.0,28.0
150,54,338.5,458.5,23.0,25.0
150,55,547.5,476.0,19.0,22.0
150,56,253.5,371.5,23.0,23.0
150,57,526.5,469.5,19.0,29.0
150,58,587.5,179.0,23.0,24.0
150,59,576.5,259.5,21.0,23.0
150,60,609.5,145.5,19.0,23.0
150,61,630.0,301.5,20.0,23.0
150,62,211.5,606.0,23.0,28.0
