frameid,trackerid,x_center,y_center,width,height
1,0,236.0,177.5,54,55
1,1,348.0,441.0,80,98
1,2,365.0,418.5,18,21
1,3,358.5,313.0,23,26
1,4,311.5,197.5,21,19
1,5,256.0,131.0,24,30
1,6,167.5,324.0,23,30
1,7,104.0,248.0,20,26
1,8,373.0,441.5,18,21
1,9,439.0,85.0,28,30
1,10,319.0,414.5,22,29
1,11,213.5,210.5,31,33
1,12,88.0,71.0,36,32
1,13,412.0,416.5,24,25
1,14,234.5,512.0,25,30
1,15,81.5,204.5,21,27
1,16,343.5,360.0,21,34
1,17,213.5,274.0,23,18
1,18,378.5,295.0,17,20
1,19,402.5,540.0,37,42
1,20,389.0,142.5,24,23
1,21,276.0,106.5,26,23
1,22,21.0,201.5,26,27
1,23,136.0,614.0,22,30
1,24,541.5,20.5,19,31
1,25,90.0,70.5,42,45
1,26,234.5,169.5,21,23
1,27,405.5,194.0,21,30
1,28,420.0,107.5,22,27
1,29,117.0,276.0,24,26
1,30,274.0,161.0,20,30
1,31,56.5,401.5,23,33
1,32,250.0,269.5,24,27
1,33,263.0,198.5,20,19
1,34,255.0,222.0,18,22
1,35,606.0,418.5,26,29
1,36,254.5,341.5,17,23
1,37,262.0,94.0,16,22
1,38,133.0,564.0,18,30
1,39,252.5,295.5,19,23
1,40,488.0,222.5,20,25
1,41,559.5,47.5,21,29
1,42,466.5,531.0,17,28
1,43,558.5,141.5,19,23
1,44,548.5,476.5,19,21
1,45,421.0,546.5,20,21
1,46,199.0,585.0,22,28
1,47,539.0,192.0,26,22
1,48,259.0,366.5,22,21
1,49,407.0,541.5,22,27
1,50,616.5,74.0,19,28
1,51,78.5,160.5,21,33
1,52,567.0,129.5,16,23
1,53,279.5,16.0,19,22
1,54,518.0,490.5,20,29
1,55,568.5,332.0,21,22
1,56,566.5,236.0,19,24
1,57,338.5,95.0,23,26
1,58,589.5,181.5,23,25
1,59,352.5,465.0,23,26
1,60,298.0,11.5,20,23
1,61,625.0,129.5,20,23
1,62,216.5,601.0,23,26
2,0,234.0,176.5,54,55
2,1,347.0,440.0,80,98
2,2,364.0,417.5,18,21
2,3,356.5,312.0,23,26
2,4,310.0,197.0,22,20
2,5,253.5,130.0,25,30
2,6,161.5,322.0,23,30
2,7,102.0,247.0,20,26
2,8,372.0,440.5,18,21
2,9,434.5,83.0,27,30
2,10,318.0,416.5,22,31
2,11,211.0,209.5,32,33
2,12,85.5,68.5,35,31
2,13,410.5,415.5,23,25
2,14,234.5,511.0,25,30
2,15,79.5,203.5,21,27
2,16,342.0,359.0,22,34
2,17,212.5,273.0,23,18
2,18,376.5,294.0,17,20
2,19,401.5,539.0,37,42
2,20,386.5,139.5,25,27
2,21,274.5,105.5,27,23
2,22,20.0,200.5,26,27
2,23,135.0,610.0,22,30
2,24,540.0,19.5,18,31
2,25,88.0,67.5,42,43
2,26,233.5,169.0,21,24
2,27,401.0,191.0,20,30
2,28,418.5,106.5,21,27
2,29,115.0,275.0,24,26
2,30,273.0,160.0,20,30
2,31,53.0,398.5,24,33
2,32,247.5,268.5,23,27
2,33,261.0,197.5,20,19
2,34,254.0,221.0,18,22
2,35,605.0,418.5,26,31
2,36,249.5,343.5,17,23
2,37,261.0,94.5,16,23
2,38,128.0,563.5,18,29
2,39,250.5,294.5,19,23
2,40,484.5,222.5,19,25
2,41,558.5,46.5,21,29
2,42,465.5,530.0,17,28
2,43,556.5,144.5,19,23
2,44,549.0,476.5,20,21
2,45,416.5,545.5,19,21
2,46,198.0,583.5,22,27
2,47,537.0,191.0,26,22
2,48,262.0,367.5,20,21
2,49,406.0,540.5,22,27
2,50,614.5,71.0,19,28
2,51,76.5,159.5,21,33
2,52,565.0,129.0,16,24
2,53,277.5,15.0,19,22
2,54,517.0,489.5,20,29
2,55,566.5,331.0,21,22
2,56,564.5,235.0,19,24
2,57,336.5,94.0,23,26
2,58,587.5,180.5,23,25
2,59,351.5,464.0,23,26
2,60,296.0,11.0,20,22
2,61,623.0,128.5,20,23
2,62,215.5,600.0,23,26
2,63,467.5,562.0,23,22
2,64,570.0,197.5,22,27
2,65,533.5,180.0,19,22
2,66,579.5,158.0,19,24
2,67,106.5,497.0,27,32
2,68,530.5,246.0,25,26
2,69,215.5,346.5,23,27
2,70,519.0,321.5,24,27
2,71,326.5,67.0,23,30
2,72,482.5,630.0,21,20
2,73,464.5,228.0,21,20
2,74,140.0,636.0,20,8
2,75,42.0,347.5,20,21
2,76,582.5,216.0,21,28
2,77,634.0,300.0,12,30
2,78,118.5,523.0,19,20
3,0,235.0,176.5,54,57
3,1,347.0,439.5,82,97
3,2,365.0,417.5,18,23
3,3,355.5,311.5,23,25
3,4,311.0,198.0,22,20
3,5,252.5,131.0,25,30
3,6,160.0,321.5,24,31
3,7,103.0,247.5,20,25
3,8,373.0,441.5,18,21
3,9,433.0,82.0,28,30
3,10,317.0,417.5,22,31
3,11,209.5,210.5,33,33
3,12,84.5,68.0,35,32
3,13,409.5,416.5,23,25
3,14,235.5,512.0,25,30
3,15,80.5,203.0,21,28
3,16,342.5,360.0,23,34
3,17,213.5,274.0,23,18
3,18,376.5,294.0,19,18
3,19,400.5,539.5,37,43
3,20,385.0,138.5,26,27
3,21,275.5,105.5,27,21
3,22,21.0,200.5,26,25
3,23,134.5,608.5,23,31
3,24,541.0,20.5,18,31
3,25,87.0,67.5,42,43
3,26,234.5,169.5,21,25
3,27,400.0,190.0,20,30
3,28,419.5,107.5,21,27
3,29,114.0,276.0,24,26
3,30,274.0,159.0,20,30
3,31,52.0,398.5,24,33
3,32,246.5,269.5,23,27
3,33,261.0,196.5,18,19
3,34,255.0,220.5,18,23
3,35,605.0,419.5,28,31
3,36,248.0,343.0,18,24
3,37,262.0,96.0,16,24
3,38,127.5,565.0,17,28
3,39,249.5,293.5,19,23
3,40,484.0,224.0,18,26
3,41,559.5,47.5,21,29
3,42,465.5,530.0,17,28
3,43,556.5,145.5,17,23
3,44,550.0,477.5,20,21
3,45,415.5,546.0,19,22
3,46,197.0,583.0,22,28
3,47,537.0,191.0,26,22
3,48,263.0,368.5,20,21
3,49,406.0,541.0,22,26
3,50,613.5,70.5,19,27
3,51,76.5,159.5,21,33
3,52,566.0,130.0,16,24
3,53,277.0,15.0,20,24
3,54,517.0,489.5,20,29
3,55,566.5,331.0,21,22
3,56,564.5,235.0,19,24
3,57,336.5,94.0,23,26
3,58,587.5,180.5,23,25
3,59,350.5,464.0,23,26
3,60,296.0,11.0,20,22
3,61,623.0,128.5,20,23
3,62,215.5,600.0,23,26
3,63,467.0,561.0,22,22
3,64,568.5,195.0,23,26
3,65,534.5,178.0,19,22
3,66,578.5,157.0,19,24
3,67,93.5,502.0,27,34
3,68,529.5,245.0,25,26
3,69,202.0,345.0,24,28
3,70,521.0,320.0,24,28
3,71,325.0,66.5,22,29
3,72,475.5,618.0,21,28
3,73,463.5,227.0,21,20
3,74,139.0,635.0,20,8
3,75,41.0,346.5,20,21
3,76,581.5,215.0,21,28
3,77,633.0,299.0,12,30
3,78,117.5,522.0,19,20
3,79,214.5,283.5,23,19
3,80,527.5,263.0,25,28
3,81,576.0,170.5,18,23
3,82,25.0,634.5,22,11
3,83,634.0,507.0,12,30
3,84,54.0,355.0,22,24
3,85,585.0,194.5,22,25
3,86,466.5,214.5,19,25
3,87,109.5,529.5,19,21
4,0,235.5,177.0,55,56
4,1,347.0,439.5,82,99
4,2,364.5,418.0,19,22
4,3,356.5,311.5,23,27
4,4,311.0,197.5,22,21
4,5,253.0,131.0,24,30
4,6,160.0,321.5,24,31
4,7,103.0,247.5,20,27
4,8,373.0,441.5,18,21
4,9,433.5,83.0,29,30
4,10,318.0,417.5,22,31
4,11,210.0,211.0,34,34
4,12,84.5,68.0,37,32
4,13,410.0,416.5,22,25
4,14,235.5,512.0,25,30
4,15,80.5,203.5,21,29
4,16,343.0,360.0,22,34
4,17,213.5,274.0,23,18
4,18,377.0,294.5,18,19
4,19,400.5,539.0,37,44
4,20,384.5,139.0,25,28
4,21,275.5,106.0,27,22
4,22,21.0,200.0,26,26
4,23,135.0,608.5,24,31
4,24,541.0,21.0,18,32
4,25,87.5,68.5,43,43
4,26,234.5,169.0,21,26
4,27,400.5,190.5,19,29
4,28,419.0,108.5,22,27
4,29,114.0,275.5,22,27
4,30,274.0,160.0,20,30
4,31,52.0,399.5,24,33
4,32,247.5,269.5,23,27
4,33,261.5,197.0,19,18
4,34,255.0,221.5,18,23
4,35,605.5,420.0,27,30
4,36,248.0,342.0,18,24
4,37,262.0,96.0,16,24
4,38,127.5,565.0,17,30
4,39,249.5,293.5,21,25
4,40,484.0,223.0,18,26
4,41,559.5,47.5,21,29
4,43,557.0,145.0,18,24
4,44,550.0,477.5,20,21
4,45,415.5,545.5,19,23
4,46,197.0,583.5,22,29
4,48,263.0,368.5,20,21
4,49,407.0,542.0,22,26
4,50,613.5,71.5,17,27
4,52,566.0,130.5,16,23
4,53,278.0,15.5,20,23
4,63,467.0,560.5,22,23
4,64,569.0,194.0,24,26
4,65,536.0,176.0,18,22
4,66,578.5,157.0,19,24
4,67,92.0,504.5,26,33
4,68,529.5,245.0,25,26
4,69,198.5,343.0,25,28
4,70,522.0,320.0,24,30
4,71,324.0,67.5,22,27
4,72,467.5,606.0,21,36
4,73,463.5,227.0,21,20
4,74,138.5,634.5,21,9
4,75,41.0,346.5,20,21
4,76,581.5,215.0,21,28
4,77,633.0,299.0,12,30
4,78,117.5,522.0,19,20
4,79,213.5,282.5,23,19
4,80,526.5,263.0,25,28
4,81,576.0,172.0,18,24
4,82,24.0,633.5,22,11
4,83,633.0,507.0,12,30
4,84,53.5,353.0,21,22
4,85,585.0,194.5,22,25
4,86,464.0,209.0,20,26
4,87,107.5,527.0,19,20
4,88,472.5,623.5,21,27
5,0,235.5,176.0,55,56
5,1,347.5,439.5,81,99
5,2,364.0,418.0,20,22
5,3,357.0,311.5,24,27
5,4,311.0,197.0,22,22
5,5,252.5,130.0,23,30
5,6,160.0,321.5,24,31
5,7,103.0,247.5,20,27
5,8,373.0,441.5,18,21
5,9,433.5,83.0,29,30
5,10,318.0,417.5,22,31
5,11,210.0,210.5,34,35
5,12,84.0,67.5,38,33
5,13,410.5,416.5,23,25
5,14,235.5,511.0,25,30
5,15,80.5,203.5,21,29
5,16,343.0,360.0,22,34
5,17,213.5,273.0,23,18
5,18,377.0,294.5,18,19
5,19,400.5,539.0,37,44
5,20,384.5,139.0,25,28
5,21,275.5,105.5,27,21
5,22,21.0,200.0,26,26
5,23,134.5,609.0,23,30
5,24,541.0,20.5,18,31
5,25,87.5,68.5,43,43
5,26,234.5,169.0,21,26
5,27,401.0,190.0,20,30
5,28,418.5,108.0,23,28
5,29,114.0,275.5,22,27
5,30,274.0,159.0,20,30
5,31,52.0,398.5,24,33
5,32,247.5,268.5,23,27
5,33,261.0,196.5,20,19
5,34,255.0,221.0,18,24
5,35,605.5,420.0,27,30
5,36,248.0,342.0,18,24
5,37,262.0,96.0,16,24
5,38,127.5,565.0,17,30
5,39,249.5,293.0,21,24
5,40,484.5,222.5,19,27
5,41,559.5,47.5,21,29
5,43,557.0,144.5,18,25
5,44,550.0,477.5,20,21
5,45,415.5,546.0,19,22
5,46,197.0,583.5,22,29
5,48,263.0,368.5,20,21
5,49,407.0,542.0,22,26
5,50,613.5,71.5,17,27
5,52,566.0,130.5,16,23
5,53,278.0,15.0,20,24
5,63,466.0,560.0,22,22
5,64,569.5,196.5,23,23
5,65,536.0,176.0,18,22
5,67,91.0,506.5,26,33
5,69,200.0,340.5,24,29
5,70,522.0,320.5,24,31
5,71,324.0,68.5,22,27
5,72,460.5,594.0,21,44
5,74,139.0,634.5,22,9
5,79,213.5,282.5,23,19
5,80,528.0,265.5,24,27
5,81,576.0,174.5,18,25
5,82,24.0,631.0,20,16
5,83,633.0,507.0,12,30
5,84,55.0,350.0,20,22
5,85,585.0,194.5,22,25
5,86,461.5,203.5,21,25
5,87,105.5,525.0,19,22
5,88,470.0,620.0,20,28
5,55,606.5,511.5,17,19
6,0,235.5,177.0,55,56
6,1,347.5,439.5,81,97
6,2,364.5,418.0,19,22
6,3,358.0,312.0,24,26
6,4,311.0,197.0,22,20
6,5,255.0,131.0,24,30
6,6,165.5,322.5,25,31
6,7,104.0,248.0,20,26
6,8,373.0,441.5,18,21
6,9,437.0,83.5,28,29
6,10,318.0,415.0,22,30
6,11,212.5,210.5,31,33
6,12,87.0,69.0,36,32
6,13,410.5,416.5,23,25
6,14,234.5,511.5,25,31
6,15,81.0,204.0,20,28
6,16,343.0,360.0,22,34
6,17,213.5,274.0,23,18
6,18,378.0,294.5,18,19
6,19,401.5,539.5,37,43
6,20,387.5,141.0,25,24
6,21,275.5,106.0,27,22
6,22,21.0,201.0,26,26
6,23,135.0,612.0,22,30
6,24,541.5,20.5,19,31
6,25,89.0,69.0,42,44
6,26,234.5,169.5,21,25
6,27,404.0,193.0,20,30
6,28,419.5,107.5,23,27
6,29,116.5,276.0,23,26
6,30,274.0,160.0,20,30
6,31,55.5,400.5,23,33
6,32,248.5,269.0,23,26
6,33,262.0,197.5,20,19
6,34,255.0,221.5,18,23
6,35,605.5,418.5,27,29
6,36,252.5,342.5,17,25
6,37,262.5,94.0,15,22
6,38,132.0,564.0,18,30
6,39,252.0,294.5,20,23
6,40,487.0,221.5,20,25
6,41,559.5,47.5,21,29
6,43,558.0,142.0,18,24
6,44,547.5,476.5,19,21
6,45,419.5,546.5,19,21
6,46,200.0,583.5,22,29
6,48,260.0,366.0,20,20
6,49,407.0,541.5,22,27
6,50,615.0,73.5,18,27
6,52,566.5,129.5,15,23
6,53,279.5,15.0,19,24
6,63,467.0,560.0,22,22
6,64,570.5,198.5,23,21
6,65,537.5,176.0,19,22
6,67,90.0,509.5,26,33
6,69,200.5,339.0,25,28
6,70,523.0,321.5,24,31
6,71,326.0,70.5,22,27
6,74,139.5,635.5,21,9
6,80,531.0,269.0,24,26
6,81,577.0,177.0,18,24
6,82,24.5,630.0,17,20
6,84,57.0,348.0,18,24
6,85,586.0,181.5,22,23
6,86,462.0,200.0,22,24
6,87,105.5,524.0,19,26
6,88,467.5,616.5,19,29
6,55,617.0,557.0,16,18
6,42,466.0,533.0,18,28
6,47,537.5,191.5,25,21
6,51,76.5,149.5,21,31
6,54,521.0,476.5,20,29
6,57,340.5,85.5,23,27
6,58,570.0,269.0,22,22
6,59,343.5,461.5,23,25
6,61,615.0,140.5,20,23
6,62,211.0,605.0,22,26
6,73,335.0,315.0,22,22
6,75,362.0,296.0,22,22
7,0,234.0,176.5,54,55
7,1,347.0,439.5,80,97
7,2,363.5,417.0,19,22
7,3,356.5,312.0,25,26
7,4,310.0,197.0,22,20
7,5,253.0,130.0,24,30
7,6,162.0,322.0,24,30
7,7,102.0,247.0,20,26
7,8,371.5,440.5,19,21
7,9,434.0,83.0,28,30
7,10,318.0,416.5,22,31
7,11,210.5,209.5,31,33
7,12,84.0,68.0,36,32
7,13,410.0,415.5,22,25
7,14,234.5,511.0,25,30
7,15,79.5,203.0,21,28
7,16,342.0,359.0,22,34
7,17,212.5,273.0,23,18
7,18,376.0,294.0,18,20
7,19,401.0,538.5,38,43
7,20,385.5,139.5,25,25
7,21,274.5,105.0,27,22
7,22,20.0,201.0,26,28
7,23,135.0,610.0,22,30
7,24,539.5,20.5,19,31
7,25,87.5,68.0,43,44
7,26,233.5,169.0,21,24
7,27,401.0,191.0,20,30
7,28,418.0,107.0,22,28
7,29,114.5,275.0,23,26
7,30,273.0,159.5,20,29
7,31,53.0,398.5,24,33
7,32,247.5,268.5,23,27
7,33,261.0,197.5,20,19
7,34,254.0,221.0,18,22
7,35,605.5,419.0,27,30
7,36,250.0,342.5,18,23
7,37,261.0,95.0,16,24
7,38,129.0,564.5,18,29
7,39,250.0,294.0,20,24
7,40,485.0,222.5,20,25
7,41,557.5,46.5,21,29
7,43,557.0,144.0,18,24
7,44,548.5,476.5,19,21
7,45,416.5,545.5,19,21
7,46,198.0,583.0,22,28
7,48,261.0,366.5,20,21
7,49,406.0,540.5,24,27
7,50,613.0,71.5,18,27
7,52,566.0,130.5,16,23
7,53,277.5,14.5,19,23
7,63,466.0,560.5,22,23
7,64,569.5,197.0,23,24
7,65,536.5,176.0,19,22
7,67,88.0,509.0,26,30
7,69,198.0,337.0,24,28
7,70,521.5,320.5,23,29
7,71,324.0,72.0,22,26
7,74,139.5,635.0,21,10
7,80,531.0,270.0,24,28
7,81,575.5,180.0,19,24
7,82,24.0,628.5,16,23
7,84,56.5,344.0,19,22
7,85,591.0,188.5,22,25
7,86,458.5,194.5,23,23
7,87,108.5,517.5,17,23
7,88,466.5,617.5,21,27
7,55,626.0,601.5,16,17
7,42,465.5,533.0,17,28
7,47,536.5,191.5,25,21
7,51,75.5,147.0,21,32
7,54,521.0,473.0,20,28
7,57,339.5,83.5,23,27
7,58,565.5,286.5,21,21
7,59,341.5,460.5,23,25
7,61,612.0,141.5,20,23
7,62,209.0,605.5,22,27
7,73,301.5,336.0,23,22
7,75,441.0,282.5,22,21
7,56,603.0,459.0,18,24
7,68,590.5,128.5,17,25
7,78,314.5,340.5,21,23
7,79,213.5,282.5,23,19
7,83,632.5,497.5,13,29
8,0,234.0,176.5,54,55
8,1,347.0,440.0,80,96
8,2,363.5,417.0,19,22
8,3,356.0,312.0,24,26
8,4,310.0,197.5,22,19
8,5,253.0,130.0,24,30
8,6,160.5,322.0,23,30
8,7,102.0,246.5,20,27
8,8,371.5,440.5,19,21
8,9,434.0,83.0,28,30
8,10,317.0,416.5,22,31
8,11,210.0,209.5,30,33
8,12,84.0,68.0,36,32
8,13,409.0,415.5,22,25
8,14,234.5,511.0,25,30
8,15,79.5,203.0,21,28
8,16,342.0,359.0,22,34
8,17,212.5,273.0,23,18
8,18,376.0,293.5,18,21
8,19,401.0,538.5,38,43
8,20,385.5,139.0,25,26
8,21,274.5,105.0,27,22
8,22,20.0,201.0,26,28
8,23,135.0,609.0,22,30
8,24,539.5,21.0,19,30
8,25,88.5,68.0,43,44
8,26,233.5,169.0,21,24
8,27,401.0,191.0,20,30
8,28,418.0,107.0,22,28
8,29,114.5,275.0,23,26
8,30,273.0,159.0,20,28
8,31,53.0,398.5,24,33
8,32,247.5,268.5,23,27
8,33,260.5,197.5,21,19
8,34,254.0,221.0,18,22
8,35,604.5,419.0,27,30
8,36,249.0,343.0,18,22
8,37,261.0,95.0,16,24
8,38,128.0,564.5,18,29
8,39,250.0,294.0,20,24
8,40,484.5,222.5,19,25
8,41,557.5,46.0,21,30
8,43,557.0,145.0,18,24
8,44,549.0,477.0,20,20
8,45,416.0,545.0,20,22
8,46,198.0,582.5,22,27
8,48,262.0,366.5,20,21
8,49,406.0,540.0,24,28
8,50,612.5,71.5,17,27
8,52,567.0,130.5,16,23
8,53,278.0,14.0,18,22
8,63,465.0,561.0,22,22
8,64,570.5,197.0,23,24
8,65,537.5,176.0,19,22
8,67,85.5,509.0,27,30
8,69,196.5,335.0,25,28
8,70,521.0,320.0,24,28
8,71,324.5,73.0,23,28
8,74,138.5,635.0,21,10
8,80,530.0,272.0,26,30
8,81,574.0,183.0,20,24
8,82,23.5,628.0,17,22
8,84,58.0,342.5,20,21
8,85,591.5,186.0,21,26
8,87,110.0,517.0,18,24
8,88,469.0,614.5,20,25
8,42,465.5,533.5,17,27
8,47,536.5,191.5,25,21
8,51,75.5,145.0,21,32
8,54,521.0,470.0,20,28
8,57,339.5,81.5,23,27
8,58,561.5,304.5,21,21
8,59,339.5,459.5,23,25
8,61,610.0,143.5,20,23
8,62,208.0,606.5,22,27
8,73,268.5,357.5,23,23
8,75,521.0,270.0,22,22
8,56,609.0,497.0,18,24
8,68,602.5,105.5,15,25
8,78,354.0,304.5,22,23
8,79,213.5,283.5,23,19
8,83,631.5,494.5,17,29
8,66,608.5,425.0,19,26
8,76,610.5,120.5,17,27
8,72,461.0,377.5,22,27
9,0,234.5,176.5,55,57
9,1,347.0,440.5,82,97
9,2,364.5,418.0,19,22
9,3,355.5,311.0,23,26
9,4,310.0,198.0,22,20
9,5,252.0,131.0,24,30
9,6,159.0,321.0,22,30
9,7,102.0,247.0,20,26
9,8,372.0,441.5,20,21
9,9,433.0,82.0,28,30
9,10,317.0,417.5,22,31
9,11,209.5,210.5,31,33
9,12,84.0,67.5,36,31
9,13,409.0,416.5,22,25
9,14,235.5,512.0,25,30
9,15,79.5,204.0,21,28
9,16,343.0,360.0,22,34
9,17,212.5,274.0,23,18
9,18,376.0,293.0,18,20
9,19,401.0,539.5,36,43
9,20,384.5,139.0,25,28
9,21,274.5,106.0,27,22
9,22,19.5,201.5,25,27
9,23,133.5,608.5,23,31
9,24,540.0,21.5,18,31
9,25,88.0,67.5,44,43
9,26,233.5,169.0,21,26
9,27,400.0,190.0,20,30
9,28,418.5,108.0,21,28
9,29,113.5,276.0,23,26
9,30,273.0,158.5,20,29
9,31,52.0,397.5,24,33
9,32,246.5,269.5,23,27
9,33,260.0,197.0,20,20
9,34,254.0,221.0,18,24
9,35,604.5,420.0,27,30
9,36,248.0,344.0,18,24
9,37,261.0,96.0,16,24
9,38,130.0,565.5,18,29
9,39,249.0,293.0,20,24
9,40,485.0,223.5,20,25
9,41,557.5,46.5,21,31
9,43,556.0,146.0,18,24
9,44,550.0,477.5,20,21
9,45,415.0,545.5,20,23
9,46,197.0,583.5,22,27
9,48,262.0,367.0,20,22
9,50,612.5,70.5,17,27
9,52,568.0,131.0,16,24
9,53,277.5,14.5,19,21
9,63,464.0,562.5,22,23
9,64,571.5,198.0,23,24
9,65,538.0,175.5,18,23
9,67,83.5,509.5,27,29
9,69,194.5,333.5,25,29
9,70,521.0,320.0,24,28
9,71,322.0,70.0,22,28
9,74,137.5,634.5,21,11
9,80,530.0,274.0,26,30
9,81,569.5,192.5,21,25
9,82,19.0,626.5,20,25
9,84,59.0,340.5,20,21
9,85,593.5,187.0,19,28
9,87,111.0,515.0,18,24
9,88,469.0,612.0,20,24
9,56,615.0,534.0,18,24
9,68,615.0,81.5,14,25
9,78,393.0,268.0,22,24
9,79,213.5,283.5,23,19
9,83,622.5,498.0,23,30
9,66,613.0,470.0,18,26
9,76,615.5,104.0,17,26
9,72,458.0,329.5,22,27
9,60,172.5,187.5,21,23
9,77,633.0,173.0,12,26
9,86,444.0,199.0,22,26
9,55,526.0,612.5,18,21
9,89,179.5,322.0,23,28
9,90,599.0,163.5,20,29
9,91,71.0,524.0,26,30
9,92,113.0,486.5,18,21
9,93,533.5,295.5,23,27
10,0,235.5,176.5,55,57
10,1,347.0,440.5,82,97
10,2,364.5,418.0,19,22
10,3,355.0,311.0,24,26
10,4,311.0,198.5,22,21
10,5,251.5,131.0,25,30
10,6,158.5,321.0,23,30
10,7,102.0,247.0,20,26
10,8,372.5,441.5,19,21
10,9,433.0,82.0,28,30
10,10,317.0,417.5,22,31
10,11,209.0,211.0,32,34
10,12,83.5,67.5,35,31
10,13,409.0,416.5,22,25
10,14,235.5,512.5,25,31
10,15,80.0,203.0,22,28
10,16,343.0,360.0,22,34
10,17,213.5,274.0,23,18
10,18,376.0,293.0,18,20
10,19,401.0,539.5,36,43
10,20,384.0,139.0,26,28
10,21,275.5,106.0,27,22
10,22,20.5,201.0,25,28
10,23,132.5,609.5,23,31
10,24,540.5,21.0,19,32
10,25,88.5,67.5,43,43
10,26,234.5,169.0,21,26
10,27,399.0,189.0,20,30
10,28,419.5,108.5,21,27
10,29,113.5,275.0,23,26
10,30,274.0,158.5,20,29
10,31,51.5,397.0,23,32
10,32,246.0,269.5,22,27
10,33,260.0,196.5,20,19
10,34,255.0,220.5,18,23
10,35,604.5,420.0,27,30
10,36,248.0,345.0,18,24
10,37,262.0,96.5,16,23
10,38,129.5,565.5,17,29
10,39,248.0,293.0,20,24
10,40,485.5,222.5,19,25
10,41,557.5,46.5,21,31
10,43,555.5,145.0,19,26
10,44,550.0,477.5,20,21
10,45,414.5,546.0,21,24
10,46,197.0,583.5,22,27
10,48,262.0,367.5,20,21
10,50,612.5,70.0,17,26
10,52,566.0,129.0,16,24
10,53,278.0,14.5,20,21
10,63,463.5,564.0,21,24
10,64,572.5,198.0,23,24
10,65,538.0,174.5,18,23
10,67,81.0,510.0,28,28
10,69,193.5,331.0,25,30
10,70,521.5,320.5,25,29
10,71,321.0,66.5,22,29
10,74,137.5,634.0,21,10
10,80,529.5,276.0,27,30
10,81,569.5,196.5,23,25
10,82,16.0,623.0,22,28
10,84,61.0,338.5,20,19
10,85,595.0,187.5,18,29
10,87,112.0,513.0,20,26
10,88,470.0,610.0,20,22
10,79,213.5,283.5,23,19
10,83,615.5,502.5,23,31
10,66,618.0,514.5,18,27
10,76,620.0,88.0,16,26
10,72,455.5,281.0,23,28
10,60,156.5,209.5,21,23
10,77,633.0,155.0,12,26
10,86,433.0,193.5,22,27
10,55,504.0,636.0,18,22
10,89,177.5,318.0,23,26
10,90,595.5,158.0,19,28
10,91,64.5,522.5,27,31
10,92,109.5,493.5,21,21
10,93,532.0,300.0,22,26
10,49,511.5,343.0,21,26
10,54,589.0,233.5,16,25
10,61,512.5,415.0,21,24
10,73,143.5,352.5,21,21
11,0,235.5,176.5,55,57
11,1,347.5,440.5,81,97
11,2,364.5,418.0,19,22
11,3,355.0,312.0,24,26
11,4,311.0,198.5,22,21
11,5,251.0,131.0,24,30
11,6,158.5,321.0,23,30
11,7,103.0,247.5,20,25
11,8,373.0,441.5,18,21
11,9,432.5,82.5,27,31
11,10,318.0,417.0,22,30
11,11,209.0,211.5,32,33
11,12,84.0,67.5,34,31
11,13,409.5,416.5,21,25
11,14,235.5,512.5,25,31
11,15,80.5,203.0,21,28
11,16,343.0,359.5,22,35
11,17,213.5,274.0,23,18
11,18,377.0,293.5,18,21
11,19,401.0,540.0,36,42
11,20,384.0,139.0,26,28
11,21,275.5,106.0,27,22
11,22,21.0,200.5,26,27
11,23,132.5,610.0,23,32
11,24,540.5,21.0,19,32
11,25,88.0,68.0,42,42
11,26,234.5,169.0,21,26
11,27,399.0,189.0,20,30
11,28,419.5,108.5,21,27
11,29,113.0,275.0,24,26
11,30,274.0,158.5,20,29
11,31,53.0,397.0,22,30
11,32,246.0,269.5,22,27
11,33,260.5,196.5,19,19
11,34,255.0,220.0,18,22
11,35,605.5,420.0,27,30
11,36,248.0,345.0,18,24
11,37,262.0,96.5,16,23
11,38,129.0,565.5,18,29
11,39,248.0,293.0,20,24
11,40,486.5,222.5,19,25
11,41,558.5,47.0,21,30
11,43,555.5,145.0,19,26
11,44,550.0,477.5,20,21
11,45,414.5,546.5,21,23
11,46,197.0,584.0,22,28
11,48,261.5,367.5,21,21
11,50,613.0,70.0,18,26
11,52,566.0,128.0,16,24
11,53,277.0,14.5,20,21
11,63,463.5,565.0,21,24
11,65,538.0,174.5,18,23
11,70,522.5,320.5,25,29
11,71,320.0,64.5,22,29
11,74,137.5,634.0,21,10
11,81,570.0,198.5,22,25
11,82,15.5,622.0,23,26
11,79,214.5,283.5,23,19
11,83,612.0,502.5,24,31
11,60,141.5,231.5,21,23
11,77,634.0,137.0,12,26
11,86,428.0,187.0,20,26
11,55,482.0,660.5,18,23
11,89,175.5,316.5,23,27
11,90,595.5,154.5,17,27
11,91,60.0,524.0,26,30
11,92,107.5,496.5,21,21
11,93,530.5,306.5,21,25
11,49,542.0,286.5,20,25
11,54,607.5,168.5,15,25
11,61,485.0,489.5,20,25
11,73,95.5,361.5,21,21
11,47,267.0,278.5,22,21
11,58,492.5,485.0,21,22
11,59,480.5,317.0,21,24
11,75,609.5,282.5,17,25
11,78,561.5,134.0,17,24
12,0,235.0,176.0,56,56
12,1,346.5,440.5,81,97
12,2,363.5,418.0,19,22
12,3,355.0,312.0,24,26
12,4,310.0,198.5,22,21
12,5,251.0,130.0,24,30
12,6,159.0,321.0,24,30
12,7,102.0,248.0,20,26
12,8,372.5,441.5,17,21
12,9,432.5,83.0,27,30
12,10,317.0,417.0,22,30
12,11,209.0,211.5,32,33
12,12,84.0,67.0,34,32
12,13,409.0,416.5,22,25
12,14,234.5,512.5,25,31
12,15,79.5,203.0,21,28
12,16,342.0,359.5,22,35
12,17,212.5,273.0,23,18
12,18,376.0,294.0,18,20
12,19,401.0,540.0,38,42
12,20,384.0,139.0,26,28
12,21,275.0,106.0,26,22
12,22,20.0,200.5,26,27
12,23,131.5,610.0,25,30
12,24,540.0,20.5,20,33
12,25,87.0,67.5,42,43
12,26,233.5,168.5,21,25
12,27,399.0,189.0,20,30
12,28,419.0,108.5,20,27
12,29,113.0,275.5,24,27
12,30,273.0,158.5,20,29
12,31,55.0,397.5,20,25
12,32,246.5,269.0,23,28
12,33,259.5,195.5,19,19
12,34,254.0,220.0,18,22
12,35,604.5,420.0,27,30
12,36,248.0,345.0,18,24
12,37,261.5,96.5,17,23
12,38,127.5,565.5,17,29
12,39,248.0,293.0,20,24
12,40,485.0,222.5,18,25
12,41,558.0,46.5,22,29
12,43,555.5,146.0,19,24
12,44,549.0,477.5,20,21
12,45,414.5,546.5,21,23
12,46,196.5,584.0,23,28
12,48,261.0,368.0,20,22
12,50,613.0,70.0,18,26
12,52,564.5,129.0,15,22
12,53,277.0,14.5,20,21
12,63,461.5,565.0,21,24
12,65,538.0,174.5,18,23
12,70,522.0,320.5,26,29
12,71,318.0,62.0,22,28
12,74,138.0,633.5,22,11
12,81,569.0,194.5,22,25
12,82,10.0,622.0,20,24
12,79,213.5,282.5,23,19
12,83,602.0,508.5,22,31
12,86,417.5,177.0,19,28
12,89,174.5,316.0,23,28
12,90,596.5,152.0,15,26
12,91,50.5,535.0,27,32
12,92,105.5,498.5,19,21
12,93,528.0,312.0,20,24
12,49,566.5,230.5,19,23
12,54,626.5,103.0,13,24
12,61,457.5,564.0,21,24
12,73,46.5,369.5,21,21
12,47,208.0,298.5,22,21
12,58,476.5,531.0,21,22
12,59,511.0,285.5,20,23
12,75,656.5,281.0,15,26
12,78,625.0,81.0,16,24
12,64,548.5,276.0,25,28
12,69,176.0,318.0,24,28
12,80,471.0,458.0,22,26
12,84,77.0,336.5,20,21
12,85,615.5,134.5,17,23
12,87,101.5,500.0,19,22
12,88,551.5,328.0,21,26
13,0,235.5,176.5,55,57
13,1,347.5,439.5,81,97
13,2,364.5,417.0,19,22
13,3,355.5,311.0,25,26
13,4,311.0,198.0,22,22
13,5,251.0,130.0,24,30
13,6,159.5,322.0,25,30
13,7,102.5,248.0,21,26
13,8,373.0,440.5,18,21
13,9,432.0,82.0,28,30
13,10,318.0,417.0,22,30
13,11,208.5,211.5,31,33
13,12,84.0,67.5,34,33
13,13,410.0,415.5,22,25
13,14,235.5,512.5,25,31
13,15,80.5,204.0,21,28
13,16,343.0,359.0,22,34
13,17,213.5,273.0,23,18
13,18,377.0,293.0,18,20
13,19,401.5,539.5,37,41
13,20,384.5,139.0,27,28
13,21,274.5,105.0,25,22
13,22,20.5,201.0,25,26
13,23,131.0,610.0,24,30
13,24,539.5,20.5,19,31
13,25,88.0,68.5,42,43
13,26,234.5,168.5,21,25
13,27,399.0,189.0,20,30
13,28,419.5,108.0,21,26
13,29,113.5,276.0,25,26
13,30,274.0,158.5,20,29
13,31,55.5,397.5,19,23
13,32,247.5,269.5,23,27
13,33,260.0,195.5,18,19
13,34,255.0,220.0,18,22
13,35,605.5,419.0,27,30
13,36,249.0,345.0,18,24
13,37,261.0,96.5,16,23
13,38,126.5,565.0,17,28
13,39,248.0,292.5,20,25
13,40,484.5,222.5,17,25
13,41,557.5,45.5,21,29
13,43,555.5,146.5,17,23
13,44,550.0,476.5,20,21
13,45,414.5,546.5,21,23
13,46,196.5,584.0,23,28
13,48,261.0,368.5,22,21
13,50,614.0,69.5,18,27
13,52,563.5,129.0,15,22
13,53,277.5,14.0,19,22
13,63,460.5,565.0,21,24
13,65,538.5,174.0,19,22
13,70,522.5,321.0,25,30
13,71,317.5,62.0,21,28
13,74,139.0,634.0,22,12
13,81,568.5,193.0,21,24
13,82,9.0,622.5,18,25
13,83,597.5,508.5,23,31
13,86,415.0,170.5,18,27
13,89,173.5,315.5,23,29
13,90,597.5,149.5,13,25
13,91,46.5,537.0,27,32
13,92,104.0,500.5,18,21
13,49,594.0,174.0,18,20
13,47,148.5,317.5,21,21
13,58,459.5,577.0,21,22
13,59,541.5,254.0,19,22
13,75,704.0,279.0,14,28
13,78,689.0,28.0,14,24
13,64,542.0,298.0,26,28
13,69,165.0,308.5,22,27
13,80,454.5,511.0,21,26
13,84,89.0,337.0,20,20
13,85,622.5,119.5,15,23
13,87,99.0,488.0,18,20
13,88,575.5,246.0,21,28
13,72,541.5,163.0,21,28
13,77,632.0,90.0,14,24
13,55,440.5,591.5,19,25
14,0,236.0,177.5,54,57
14,1,347.5,440.5,81,97
14,2,364.5,418.0,19,22
14,3,356.0,312.0,24,26
14,4,311.0,198.5,22,21
14,5,251.5,131.0,23,30
14,6,160.0,321.5,24,29
14,7,102.5,248.0,21,26
14,8,373.0,441.5,18,21
14,9,432.5,83.0,29,30
14,10,318.0,418.0,22,30
14,11,208.5,211.5,31,33
14,12,84.5,67.5,35,33
14,13,410.0,416.5,22,25
14,14,235.5,513.0,25,30
14,15,80.5,204.0,21,28
14,16,343.0,359.5,22,35
14,17,213.5,273.0,23,16
14,18,377.0,294.0,18,20
14,19,401.5,540.0,37,42
14,20,385.0,139.0,26,28
14,21,274.5,106.0,25,22
14,22,20.0,200.5,24,25
14,23,131.0,610.5,24,31
14,24,540.0,21.0,20,30
14,25,88.5,68.5,43,43
14,26,234.5,169.5,21,25
14,27,399.5,190.0,21,30
14,28,419.5,108.0,21,26
14,29,114.0,276.0,24,26
14,30,274.0,159.5,20,29
14,31,56.0,398.5,18,23
14,32,247.5,270.0,23,26
14,33,260.0,195.5,18,19
14,34,255.5,220.5,17,21
14,35,605.5,419.0,27,30
14,36,249.0,345.0,18,24
14,37,262.0,96.5,16,23
14,38,126.5,564.5,17,27
14,39,248.0,292.5,18,25
14,40,484.0,223.5,18,25
14,41,558.0,45.5,22,29
14,43,555.5,146.5,17,23
14,44,550.0,476.5,20,21
14,45,414.0,546.5,20,23
14,46,196.5,584.0,23,28
14,48,261.0,368.5,22,21
14,50,614.0,69.5,18,27
14,52,563.5,129.0,15,22
14,53,278.5,15.0,19,22
14,63,460.0,565.5,20,23
14,65,538.0,174.0,18,22
14,70,522.5,320.5,25,31
14,71,318.0,63.0,22,28
14,74,138.5,634.0,21,12
14,81,568.0,192.0,22,24
14,82,8.5,623.0,17,24
14,83,597.0,508.5,22,29
14,86,414.0,166.5,18,27
14,91,44.5,538.0,27,32
14,49,621.5,117.5,17,19
14,64,535.5,320.5,27,29
14,69,159.5,303.0,21,26
14,80,437.5,564.5,19,25
14,84,94.5,337.0,19,20
14,85,630.0,103.0,16,24
14,87,100.5,482.5,17,19
14,88,599.5,164.0,21,28
14,72,561.5,122.0,21,28
14,77,632.5,69.0,15,24
14,55,419.5,580.5,19,27
14,42,446.0,566.0,20,26
14,79,449.0,192.0,22,24
15,0,236.0,177.5,54,57
15,1,347.5,440.5,81,97
15,2,364.5,418.0,19,22
15,3,356.0,312.0,24,26
15,4,311.0,198.5,22,21
15,5,252.0,131.0,24,30
15,6,159.5,321.0,23,28
15,7,102.5,247.5,21,27
15,8,373.0,441.5,18,21
15,9,432.5,83.0,29,30
15,10,318.0,417.0,22,30
15,11,208.0,211.5,32,33
15,12,84.5,67.0,35,32
15,13,410.0,416.5,22,25
15,14,234.5,512.5,25,31
15,15,80.5,203.0,21,28
15,16,343.0,360.0,22,34
15,17,213.5,273.5,23,17
15,18,377.0,294.0,18,20
15,19,400.5,540.0,37,42
15,20,385.0,139.0,26,28
15,21,274.5,106.0,25,22
15,22,20.0,200.0,24,26
15,23,131.0,610.0,24,30
15,24,540.5,21.5,19,31
15,25,88.5,67.5,43,43
15,26,234.5,169.5,21,25
15,27,399.5,190.0,21,30
15,28,419.5,108.5,21,27
15,29,114.0,276.0,24,26
15,30,274.0,159.5,20,29
15,31,55.5,398.5,19,23
15,32,247.5,270.0,23,26
15,33,260.5,195.5,19,19
15,34,255.5,221.0,17,22
15,35,605.5,420.0,27,30
15,36,249.0,345.0,18,24
15,37,262.0,97.0,16,24
15,38,126.5,564.0,17,28
15,39,248.5,292.0,19,24
15,40,484.0,223.5,18,25
15,41,558.0,46.5,22,29
15,43,555.5,147.0,17,24
15,44,549.0,477.5,20,21
15,45,414.0,547.0,20,22
15,46,196.5,583.5,23,29
15,48,261.0,368.5,22,21
15,50,613.0,70.0,18,28
15,52,563.5,129.0,15,22
15,53,278.5,15.0,19,22
15,63,460.0,565.0,20,24
15,65,538.5,174.5,17,21
15,70,522.0,321.0,24,30
15,71,318.0,64.0,22,28
15,74,138.5,634.5,21,11
15,81,567.5,193.0,21,24
15,82,8.5,623.5,17,25
15,83,595.0,510.5,22,29
15,86,413.5,164.5,19,27
15,91,42.5,539.0,27,30
15,64,534.0,329.5,26,31
15,69,158.0,302.0,22,26
15,84,97.5,336.5,21,21
15,85,638.0,87.5,16,25
15,87,100.5,481.0,17,20
15,72,582.5,80.5,21,29
15,77,632.0,48.5,16,23
15,55,398.0,569.5,20,27
15,42,443.0,571.0,20,26
15,79,517.5,166.0,21,26
15,90,605.5,139.5,19,25
15,59,611.5,150.0,17,22
16,0,236.0,176.5,54,57
16,1,346.5,440.5,81,97
16,2,364.0,418.0,18,22
16,3,356.0,312.0,24,26
16,4,311.0,198.0,22,20
16,5,252.0,130.0,24,30
16,6,159.5,320.5,23,29
16,7,101.5,247.0,21,26
16,8,372.0,441.5,18,21
16,9,432.5,83.0,29,30
16,10,317.0,416.5,22,29
16,11,208.0,210.5,32,33
16,12,84.5,67.0,35,32
16,13,409.0,416.5,22,25
16,14,234.5,511.5,25,31
16,15,80.5,203.0,21,28
16,16,342.0,359.5,22,35
16,17,213.5,273.0,23,18
16,18,377.0,294.0,18,20
16,19,400.5,540.0,37,42
16,20,384.5,139.5,25,29
16,21,274.5,106.0,25,22
16,22,20.0,200.0,24,26
16,23,131.0,609.5,24,31
16,24,540.5,21.5,19,31
16,25,88.0,67.5,44,43
16,26,234.5,169.5,21,23
16,27,400.0,190.0,20,30
16,28,419.5,108.5,21,27
16,29,114.0,277.0,24,26
16,30,274.0,159.5,20,29
16,31,55.5,399.0,19,24
16,32,247.5,270.5,23,27
16,33,260.5,195.5,19,19
16,34,255.5,220.5,17,23
16,35,604.5,420.0,27,30
16,36,249.5,344.0,17,24
16,37,262.0,96.5,16,25
16,38,127.0,564.0,18,28
16,39,249.0,292.0,20,24
16,40,484.0,223.5,18,25
16,41,557.5,46.5,23,29
16,43,555.5,146.5,17,23
16,44,549.0,477.0,20,22
16,45,414.0,547.0,20,22
16,46,196.0,583.0,22,28
16,48,261.0,368.0,20,20
16,50,612.5,70.0,17,28
16,52,563.5,129.0,15,22
16,53,278.5,14.5,19,23
16,63,460.0,564.5,20,23
16,65,537.5,174.5,17,21
16,70,521.5,320.5,23,29
16,71,319.0,65.0,22,28
16,74,138.5,634.5,21,9
16,81,568.0,193.5,22,23
16,82,8.0,623.5,16,25
16,83,593.5,509.0,23,30
16,86,412.0,165.0,20,26
16,91,41.5,540.0,27,30
16,64,530.0,347.0,26,32
16,69,156.5,302.0,23,26
16,84,98.5,336.0,21,22
16,85,645.5,72.0,15,26
16,87,100.5,477.5,17,21
16,42,440.5,575.5,21,27
16,79,585.0,139.5,20,27
16,90,614.0,132.5,18,25
16,59,645.0,106.5,16,23
16,93,532.5,317.5,25,29
16,49,605.5,157.0,17,22
17,0,235.0,176.0,54,56
17,1,346.5,439.5,81,97
17,2,364.0,417.0,18,22
17,3,355.0,311.0,24,26
17,4,310.0,197.5,22,21
17,5,251.0,130.0,24,30
17,6,159.0,322.0,24,30
17,7,101.0,247.0,20,26
17,8,372.0,440.5,18,21
17,9,432.5,82.0,29,30
17,10,317.0,416.5,22,29
17,11,208.0,210.5,32,33
17,12,84.0,67.0,36,32
17,13,409.0,415.5,22,25
17,14,234.5,512.0,25,30
17,15,79.5,203.0,21,28
17,16,342.0,358.5,22,35
17,17,212.5,273.5,23,19
17,18,376.0,293.0,18,20
17,19,400.5,539.0,37,42
17,20,383.5,138.5,25,29
17,21,274.0,105.0,26,22
17,22,19.5,200.0,25,26
17,23,131.0,609.5,24,31
17,24,539.5,21.0,19,30
17,25,88.0,67.5,44,43
17,26,233.5,169.5,21,23
17,27,399.0,189.0,20,30
17,28,418.5,108.5,21,27
17,29,113.0,277.0,24,26
17,30,273.0,158.5,20,29
17,31,54.5,398.0,19,24
17,32,246.5,270.5,23,27
17,33,259.5,195.0,19,20
17,34,255.0,220.0,16,22
17,35,604.5,419.0,27,30
17,36,249.0,344.0,16,24
17,37,261.5,96.5,17,25
17,38,127.5,564.0,19,28
17,39,248.5,292.0,21,24
17,40,484.0,222.5,18,25
17,41,557.0,46.0,22,30
17,43,555.0,145.5,18,23
17,44,549.0,476.5,20,21
17,45,414.0,546.5,20,21
17,46,196.0,583.0,22,28
17,48,261.5,367.5,19,21
17,50,613.0,69.5,18,27
17,52,564.0,129.5,14,23
17,53,278.0,13.5,18,23
17,63,459.5,564.5,19,23
17,65,537.0,174.0,18,22
17,70,521.5,320.0,23,28
17,71,319.5,66.0,21,28
17,74,137.5,634.0,21,10
17,81,568.5,193.5,23,25
17,82,7.5,622.5,15,23
17,83,592.0,511.5,24,31
17,86,406.0,169.0,20,24
17,91,39.5,545.5,27,29
17,64,525.5,364.5,27,33
17,69,154.5,301.0,25,26
17,84,101.5,330.0,21,24
17,87,93.5,472.5,17,19
17,90,621.5,128.5,19,25
17,59,678.5,63.0,15,22
17,93,535.5,329.5,25,31
17,49,612.5,145.0,17,22
17,88,617.0,120.0,18,24
18,0,234.5,176.5,55,55
18,1,347.5,439.5,81,97
18,2,364.5,417.0,19,22
18,3,356.0,311.0,24,26
18,4,310.0,198.0,22,20
18,5,251.0,131.0,24,30
18,6,158.0,322.0,24,30
18,7,101.0,248.0,20,26
18,8,373.0,440.5,18,21
18,9,433.0,82.0,30,30
18,10,318.0,417.0,22,28
18,11,208.0,211.5,32,33
18,12,84.0,68.0,36,32
18,13,410.0,415.5,22,25
18,14,235.5,513.0,25,30
18,15,79.5,204.0,21,28
18,16,343.0,358.5,22,35
18,17,212.5,273.5,23,17
18,18,377.0,293.0,18,20
18,19,401.0,538.5,36,43
18,20,383.5,138.0,25,28
18,21,274.0,106.0,26,22
18,22,19.5,201.0,25,26
18,23,132.0,610.5,24,31
18,24,539.5,20.5,19,31
18,25,87.5,68.0,43,44
18,26,233.5,170.0,21,24
18,27,398.5,189.0,21,30
18,28,418.5,109.5,21,27
18,29,113.0,277.0,22,26
18,30,273.0,159.5,20,29
18,31,54.5,397.0,19,24
18,32,246.5,270.5,23,27
18,33,259.5,195.5,19,21
18,34,255.0,221.0,16,22
18,35,605.5,419.0,27,30
18,36,249.5,345.0,17,24
18,37,261.5,96.5,17,23
18,38,127.5,565.0,17,28
18,39,249.0,292.5,20,23
18,40,484.5,222.5,19,25
18,41,557.0,45.5,22,29
18,43,555.5,145.5,19,23
18,44,549.5,476.5,19,21
18,45,414.0,546.0,22,22
18,46,196.5,583.5,21,29
18,48,262.0,367.5,20,21
18,50,613.5,69.5,17,27
18,52,564.0,130.0,16,22
18,53,277.5,14.0,19,24
18,63,459.0,565.0,20,24
18,65,537.0,174.0,18,22
18,70,522.5,319.5,23,29
18,71,320.0,68.0,22,28
18,74,138.5,634.5,21,11
18,81,569.0,193.5,22,25
18,82,6.5,623.0,13,20
18,83,590.0,513.5,24,29
18,86,402.0,170.5,20,23
18,91,38.0,548.5,26,31
18,69,153.0,300.5,26,25
18,84,103.0,327.0,20,24
18,87,89.0,470.5,18,19
18,90,625.0,126.5,20,25
18,93,537.0,338.5,26,29
18,49,619.5,132.0,17,22
18,88,627.0,88.0,18,24
18,42,424.5,589.0,21,26
18,79,617.5,120.0,17,24
19,0,234.5,176.5,55,55
19,1,347.5,440.5,81,97
19,2,364.5,418.0,19,22
19,3,356.0,312.0,24,26
19,4,310.0,198.5,22,21
19,5,251.0,131.0,24,30
19,6,158.5,321.5,23,31
19,7,101.0,248.0,20,26
19,8,373.0,441.5,18,21
19,9,433.0,83.0,30,30
19,10,318.0,416.5,22,29
19,11,208.0,211.5,32,33
19,12,83.5,68.0,35,32
19,13,410.0,416.0,22,24
19,14,235.5,513.0,25,30
19,15,79.5,204.0,21,28
19,16,343.0,359.0,22,36
19,17,212.5,273.5,23,17
19,18,376.0,294.0,18,20
19,19,401.0,538.5,36,43
19,20,383.5,138.0,25,28
19,21,274.0,106.0,26,22
19,22,20.0,201.0,26,26
19,23,131.5,610.0,23,30
19,24,539.5,20.5,19,31
19,25,87.5,68.0,43,44
19,26,233.5,170.0,21,24
19,27,398.5,190.0,21,30
19,28,418.5,109.5,21,27
19,29,112.5,277.0,23,26
19,30,273.0,159.5,20,29
19,31,54.5,397.0,19,24
19,32,246.5,270.5,23,27
19,33,259.5,195.5,19,21
19,34,254.5,221.0,17,22
19,35,605.5,419.0,27,30
19,36,249.5,345.0,17,24
19,37,261.0,96.5,16,23
19,38,127.0,565.5,18,29
19,39,248.5,293.0,21,24
19,40,484.0,222.0,18,26
19,41,557.0,45.5,22,29
19,43,556.0,145.5,20,23
19,44,549.5,476.5,19,21
19,45,414.5,545.5,21,23
19,46,196.5,584.0,21,28
19,48,262.0,368.5,20,21
19,50,614.0,69.5,18,27
19,52,563.0,130.0,16,22
19,53,277.5,14.5,19,23
19,63,459.0,566.0,20,24
19,65,537.0,174.5,18,23
19,70,523.0,319.5,24,29
19,71,320.0,68.0,22,28
19,74,139.0,635.0,22,10
19,81,569.0,193.5,22,25
19,82,6.0,624.0,12,18
19,83,589.0,514.5,24,29
19,86,400.0,171.0,20,24
19,91,36.5,551.0,27,30
19,69,153.0,300.0,24,26
19,84,105.0,325.5,20,21
19,87,87.5,474.0,19,18
19,90,627.5,123.5,19,25
19,93,538.0,342.0,26,28
19,49,621.0,116.0,16,24
19,88,637.5,56.5,17,23
19,42,421.0,586.0,20,24
19,79,654.5,104.0,17,24
19,55,306.5,413.0,21,22
20,0,235.0,176.5,54,55
20,1,347.5,439.5,81,97
20,2,364.5,417.0,19,22
20,3,356.0,311.0,24,26
20,4,311.0,197.5,22,21
20,5,251.0,131.0,24,30
20,6,158.5,320.0,23,30
20,7,101.0,248.0,20,26
20,8,373.0,440.5,18,21
20,9,433.0,82.5,30,29
20,10,318.0,416.0,22,30
20,11,209.0,211.5,32,33
20,12,83.5,68.0,35,32
20,13,410.0,415.5,22,25
20,14,235.0,513.0,24,30
20,15,80.5,204.0,21,28
20,16,343.0,358.5,22,35
20,17,213.5,273.5,23,17
20,18,377.0,293.0,18,20
20,19,401.5,538.0,37,42
20,20,383.5,138.0,25,28
20,21,274.0,105.0,26,22
20,22,21.0,201.0,26,26
20,23,131.0,609.5,22,29
20,24,539.5,20.5,19,31
20,25,87.5,68.5,43,43
20,26,233.5,170.0,21,24
20,27,398.5,189.0,21,30
20,28,418.5,109.5,21,27
20,29,113.0,276.0,22,26
20,30,273.0,158.5,20,29
20,31,55.5,397.5,19,23
20,32,247.0,270.0,22,28
20,33,260.0,195.5,20,21
20,34,255.0,221.0,18,22
20,35,605.5,419.0,27,30
20,36,249.5,345.0,17,24
20,37,261.0,96.5,16,23
20,38,127.0,565.5,20,29
20,39,249.0,293.0,20,24
20,40,483.0,222.0,18,26
20,41,557.0,46.0,22,30
20,43,555.5,145.5,19,23
20,44,549.5,476.5,19,21
20,45,415.0,545.5,20,21
20,46,197.0,584.0,22,28
20,48,262.0,367.5,20,21
20,50,614.0,70.0,18,28
20,52,563.0,129.5,16,21
20,53,277.5,14.5,19,21
20,63,459.0,566.0,20,24
20,65,537.0,174.0,18,22
20,70,522.0,319.5,24,29
20,71,320.0,68.0,22,28
20,74,138.0,635.0,22,10
20,81,568.5,193.0,21,24
20,82,5.0,623.0,10,20
20,83,588.0,514.5,24,31
20,86,400.0,168.0,20,26
20,91,35.0,551.5,26,31
20,69,152.0,299.5,24,27
20,84,106.0,324.5,20,21
20,87,85.0,480.5,20,19
20,90,628.0,120.5,16,25
20,93,539.0,344.0,26,28
20,49,625.5,101.5,15,25
20,42,422.0,580.5,18,23
20,79,691.0,87.5,16,23
20,55,284.5,377.5,21,21
20,77,625.0,109.5,16,23
20,64,348.0,302.0,24,24
21,0,235.5,176.0,55,56
21,1,347.5,439.5,81,97
21,2,364.5,417.0,19,22
21,3,356.0,311.0,24,26
21,4,311.0,197.5,22,21
21,5,252.0,130.0,24,30
21,6,158.5,320.5,23,29
21,7,102.0,247.0,20,26
21,8,373.0,440.5,18,21
21,9,433.5,83.0,29,28
21,10,318.0,416.5,22,29
21,11,209.0,210.5,32,33
21,12,83.5,67.0,35,32
21,13,410.0,415.5,22,25
21,14,234.5,512.5,23,29
21,15,80.5,203.0,21,28
21,16,343.0,358.5,22,35
21,17,213.0,273.5,22,19
21,18,377.0,293.0,18,20
21,19,401.0,538.0,36,42
21,20,384.5,138.0,25,28
21,21,275.0,105.0,26,22
21,22,20.5,200.0,25,26
21,23,131.0,609.5,22,31
21,24,540.5,20.5,19,31
21,25,88.0,68.0,42,42
21,26,234.5,169.0,21,24
21,27,398.0,189.0,20,30
21,28,419.5,108.5,21,27
21,29,113.0,275.5,22,25
21,30,274.0,158.5,20,29
21,31,55.5,398.0,19,22
21,32,246.5,269.5,21,27
21,33,260.5,195.0,19,20
21,34,255.5,220.0,17,22
21,35,605.5,419.0,27,30
21,36,249.5,345.0,17,22
21,37,261.5,96.5,15,25
21,38,126.5,565.0,19,30
21,39,249.0,292.5,20,25
21,40,483.0,222.0,18,26
21,41,558.0,46.0,22,30
21,43,556.0,145.5,18,23
21,44,550.0,476.5,20,21
21,45,415.0,545.5,20,21
21,46,197.0,583.0,22,28
21,48,262.0,367.5,20,21
21,50,613.0,69.5,18,29
21,52,563.5,129.0,17,22
21,53,278.5,14.5,19,21
21,63,458.0,566.0,20,24
21,65,537.5,173.5,19,23
21,70,522.0,319.5,24,29
21,71,319.5,69.0,21,28
21,74,137.5,634.5,23,9
21,81,568.5,190.5,21,25
21,82,4.5,622.0,9,22
21,83,586.0,514.5,24,31
21,86,401.0,162.0,20,28
21,91,33.5,552.0,27,32
21,69,151.0,299.0,26,26
21,84,108.5,323.0,19,22
21,87,86.0,484.5,20,19
21,90,629.5,117.5,15,23
21,93,540.0,344.5,26,29
21,49,630.5,87.5,15,25
21,42,419.5,576.0,19,24
21,55,261.5,343.0,21,20
21,77,621.0,119.0,16,24
21,64,303.5,292.0,23,22
21,89,196.5,298.5,23,23
22,0,235.0,176.0,54,56
22,1,346.5,439.5,81,97
22,2,363.5,417.0,19,22
22,3,355.0,311.0,24,26
22,4,310.0,197.5,22,21
22,5,251.0,130.0,24,30
22,6,158.0,320.5,24,29
22,7,102.0,247.0,20,26
22,8,372.0,440.5,18,21
22,9,433.0,83.0,28,28
22,10,317.0,416.5,22,29
22,11,208.5,210.5,31,33
22,12,83.5,67.0,35,32
22,13,409.0,415.5,22,25
22,14,234.0,512.0,24,30
22,15,79.5,202.5,21,27
22,16,342.0,358.5,22,35
22,17,212.5,273.5,23,19
22,18,376.0,293.0,18,20
22,19,400.5,538.0,37,42
22,20,384.0,138.0,26,28
22,21,275.0,105.0,26,22
22,22,19.5,200.0,25,26
22,23,130.5,609.5,23,31
22,24,540.5,20.5,19,31
22,25,88.0,67.5,42,43
22,26,233.5,169.0,21,24
22,27,398.0,189.0,20,30
22,28,419.5,108.0,21,28
22,29,112.5,275.5,23,25
22,30,273.5,158.5,21,29
22,31,54.5,397.5,19,23
22,32,246.5,269.5,23,27
22,33,259.5,195.5,19,19
22,34,254.5,220.0,17,22
22,35,604.5,419.0,27,30
22,36,248.5,345.0,17,22
22,37,261.5,96.5,15,25
22,38,126.0,564.5,18,29
22,39,248.0,293.0,20,26
22,40,483.0,222.5,18,25
22,41,558.0,46.0,22,30
22,43,555.0,145.5,18,23
22,44,549.5,476.5,21,21
22,45,414.5,545.0,19,22
22,46,196.0,583.0,22,28
22,48,261.0,367.5,20,21
22,50,612.0,70.0,18,28
22,52,563.0,128.5,16,23
22,53,278.5,14.5,19,21
22,63,458.0,565.5,20,25
22,65,538.0,173.0,18,22
22,70,522.0,320.0,24,30
22,71,319.0,69.0,22,28
22,74,137.0,634.0,22,10
22,81,568.5,190.5,21,25
22,82,5.0,620.5,10,23
22,83,586.0,514.0,22,28
22,86,401.0,157.0,20,28
22,91,32.0,552.5,28,33
22,69,149.0,297.5,26,27
22,84,110.5,321.0,19,24
22,87,85.5,486.0,19,20
22,90,630.5,114.5,15,23
22,93,540.0,344.5,26,31
22,42,417.0,573.0,20,24
22,77,621.0,121.0,16,24
22,64,259.5,281.0,23,20
22,89,199.5,296.0,23,22
22,79,379.5,214.5,21,21
23,0,235.0,177.0,54,56
23,1,347.5,439.5,81,97
23,2,364.0,417.0,20,22
23,3,355.0,311.5,24,27
23,4,310.0,198.5,22,21
23,5,251.0,131.0,24,30
23,6,158.0,321.5,24,29
23,7,101.0,248.0,20,26
23,8,373.0,440.5,18,21
23,9,432.0,83.0,28,28
23,10,318.0,417.5,22,29
23,11,208.0,211.5,32,33
23,12,83.5,68.0,35,32
23,13,410.0,415.5,22,25
23,14,235.0,513.0,24,30
23,15,79.5,203.5,21,27
23,16,343.0,359.0,22,34
23,17,212.5,274.0,23,18
23,18,376.0,293.5,18,19
23,19,401.0,538.5,36,41
23,20,383.5,138.5,25,27
23,21,274.0,106.0,26,22
23,22,20.0,201.0,26,26
23,23,130.5,610.0,23,32
23,24,539.5,20.5,19,31
23,25,87.5,68.5,43,43
23,26,233.5,170.0,21,24
23,27,398.5,189.5,21,31
23,28,418.5,108.0,21,28
23,29,113.0,275.5,24,25
23,30,273.5,159.5,21,29
23,31,55.0,398.0,20,24
23,32,246.5,270.5,23,27
23,33,259.5,196.0,19,20
23,34,254.5,221.0,17,22
23,35,605.5,419.0,27,30
23,36,248.0,345.5,18,23
23,37,261.0,97.0,16,24
23,38,126.0,565.5,18,29
23,39,248.0,293.0,20,24
23,40,483.0,223.0,18,24
23,41,557.0,45.5,22,29
23,43,555.0,146.0,18,24
23,44,550.0,476.5,20,21
23,45,415.0,545.0,20,22
23,46,197.0,584.0,22,28
23,48,261.5,368.5,21,21
23,50,611.5,69.5,17,27
23,52,563.5,127.5,15,23
23,53,277.5,15.0,19,22
23,63,457.5,565.5,19,25
23,65,537.5,173.0,19,22
23,70,523.0,320.0,24,30
23,71,319.0,69.5,22,27
23,74,137.0,635.0,22,10
23,81,568.0,190.5,22,25
23,82,4.0,620.0,8,26
23,83,584.5,512.5,21,29
23,86,398.5,153.0,21,26
23,91,30.5,552.0,27,32
23,69,147.5,297.0,25,28
23,84,110.5,320.0,21,26
23,87,85.5,487.5,19,19
23,90,629.5,111.5,17,23
23,93,542.0,347.5,26,29
23,42,415.0,573.0,20,24
23,77,619.0,123.0,16,24
23,89,202.5,294.0,23,22
23,79,300.0,246.5,22,19
24,0,236.0,177.5,54,57
24,1,347.5,440.5,81,97
24,2,364.0,418.0,20,22
24,3,356.0,312.0,24,26
24,4,311.0,198.5,22,21
24,5,252.0,131.0,24,30
24,6,158.5,322.0,25,30
24,7,102.0,248.0,20,26
24,8,373.0,441.5,18,21
24,9,432.5,83.5,27,29
24,10,318.0,418.0,22,30
24,11,209.0,211.5,32,33
24,12,83.0,68.0,36,32
24,13,410.0,416.5,22,25
24,14,235.0,513.0,26,30
24,15,80.5,204.0,21,28
24,16,343.0,359.5,22,35
24,17,213.5,274.0,23,18
24,18,377.0,294.0,18,20
24,19,400.5,539.0,37,42
24,20,383.5,139.0,23,28
24,21,275.0,106.0,26,22
24,22,20.5,201.0,25,26
24,23,130.0,609.0,24,32
24,24,540.5,21.5,19,31
24,25,88.0,68.5,42,43
24,26,234.5,170.0,21,24
24,27,399.5,190.0,21,30
24,28,419.0,108.5,22,29
24,29,113.5,275.5,23,25
24,30,273.5,159.5,19,29
24,31,55.0,398.0,20,24
24,32,247.0,270.5,22,27
24,33,260.5,196.0,19,20
24,34,255.5,221.0,17,22
24,35,605.5,420.0,27,30
24,36,248.5,345.5,19,23
24,37,262.0,97.0,16,24
24,38,126.0,565.5,18,29
24,39,249.0,293.0,20,24
24,40,483.5,223.5,17,25
24,41,558.0,46.0,22,28
24,43,555.5,146.5,17,23
24,44,549.5,477.5,21,21
24,45,414.0,546.0,20,22
24,46,196.0,584.0,22,28
24,48,261.5,368.5,21,21
24,50,612.5,69.5,19,27
24,52,564.5,127.5,15,23
24,53,278.5,14.5,19,23
24,63,457.0,566.0,20,26
24,65,538.0,173.0,18,22
24,70,523.0,320.5,24,29
24,71,320.0,70.0,22,28
24,74,137.0,635.5,22,9
24,81,567.5,191.0,21,24
24,82,3.5,621.5,7,27
24,83,582.5,512.0,21,30
24,86,397.5,151.5,21,27
24,91,28.0,551.5,26,31
24,69,147.0,295.0,24,28
24,84,112.0,319.5,22,27
24,87,83.5,488.5,19,19
24,90,630.0,109.5,18,25
24,93,540.0,350.0,26,28
24,42,414.0,578.0,20,24
24,77,617.0,126.0,18,24
24,79,220.5,278.0,23,18
25,0,235.5,177.0,53,56
25,1,346.5,440.5,81,97
25,2,363.5,418.0,19,22
25,3,355.0,312.0,24,26
25,4,310.0,198.5,22,21
25,5,251.0,131.0,24,30
25,6,158.5,321.5,25,29
25,7,101.0,248.0,20,26
25,8,372.0,441.5,18,21
25,9,432.0,83.0,28,30
25,10,317.0,418.0,22,30
25,11,208.0,211.5,32,33
25,12,83.0,68.0,36,32
25,13,409.0,416.0,22,24
25,14,234.5,513.0,25,30
25,15,79.5,203.5,21,27
25,16,342.0,359.5,22,35
25,17,212.5,273.5,23,17
25,18,376.0,294.0,18,20
25,19,400.5,539.0,37,42
25,20,383.5,139.0,25,28
25,21,274.0,106.0,26,22
25,22,20.0,201.0,26,26
25,23,130.5,608.5,23,31
25,24,539.5,21.5,19,31
25,25,88.0,68.5,44,43
25,26,234.0,170.0,20,24
25,27,399.0,190.0,22,30
25,28,418.5,108.0,21,28
25,29,113.0,276.0,24,26
25,30,273.0,159.5,20,29
25,31,55.0,398.5,18,23
25,32,246.0,270.5,22,27
25,33,259.5,196.0,19,20
25,34,254.5,221.0,17,22
25,35,604.5,420.0,27,30
25,36,248.0,345.5,18,23
25,37,261.0,97.0,16,24
25,38,126.5,565.5,17,29
25,39,248.0,293.0,20,24
25,40,483.0,223.5,18,25
25,41,557.0,46.0,22,28
25,43,555.0,146.5,18,23
25,44,549.0,477.5,20,21
25,45,413.0,547.0,20,22
25,46,196.0,584.0,22,28
25,48,261.0,368.0,20,20
25,50,612.0,69.0,18,28
25,52,565.0,126.5,16,23
25,53,277.5,14.5,19,23
25,63,457.0,566.0,20,24
25,65,537.5,173.5,19,21
25,70,523.0,320.0,24,28
25,71,319.5,70.5,23,27
25,74,137.0,635.0,22,10
25,81,567.0,192.5,22,23
25,82,2.5,622.5,5,29
25,83,580.5,514.5,21,29
25,86,394.0,155.5,22,27
25,91,25.0,553.0,24,28
25,69,147.5,292.5,23,27
25,84,112.5,318.5,21,25
25,87,78.5,487.0,19,18
25,90,632.5,110.5,15,25
25,93,539.5,352.0,25,28
25,42,412.5,581.0,19,24
25,77,615.0,129.0,18,24
25,89,423.5,270.0,21,22
26,0,235.5,177.0,53,56
26,1,346.5,440.5,81,97
26,2,363.5,418.0,19,22
26,3,355.0,312.0,24,26
26,4,310.0,198.5,22,21
26,5,251.0,131.0,24,30
26,6,158.5,321.5,25,29
26,7,101.0,248.0,20,26
26,8,372.0,441.5,18,21
26,9,432.5,82.5,27,31
26,10,317.0,418.0,22,30
26,11,208.0,211.5,32,33
26,12,83.5,68.0,37,32
26,13,409.0,415.5,22,23
26,14,234.0,513.0,24,30
26,15,79.5,203.5,21,27
26,16,342.0,359.5,22,35
26,17,212.5,273.0,23,16
26,18,376.0,293.5,18,21
26,19,400.5,539.5,37,41
26,20,383.5,139.0,25,28
26,21,274.0,106.0,26,22
26,22,20.5,201.0,27,26
26,23,130.5,608.5,23,31
26,24,539.5,21.5,19,31
26,25,88.0,68.5,44,43
26,26,234.0,170.0,20,24
26,27,399.0,190.0,22,30
26,28,419.0,107.5,20,27
26,29,113.0,276.0,24,26
26,30,273.0,159.5,20,29
26,31,55.0,398.5,18,23
26,32,246.0,270.5,22,27
26,33,259.5,196.5,19,19
26,34,254.0,221.0,18,22
26,35,604.5,420.0,27,30
26,36,248.0,345.5,18,23
26,37,261.0,97.0,16,24
26,38,126.5,565.5,17,29
26,39,248.0,292.5,20,23
26,40,483.0,223.5,18,25
26,41,556.5,46.5,21,29
26,43,555.5,146.0,19,22
26,44,549.0,477.5,20,21
26,45,413.0,547.0,20,22
26,46,196.0,583.5,22,27
26,48,261.0,367.5,20,19
26,50,612.0,68.5,18,27
26,52,565.0,126.5,16,23
26,53,277.5,14.5,19,23
26,63,457.0,565.5,20,25
26,65,537.0,174.0,18,22
26,70,523.0,319.5,24,29
26,71,319.5,70.5,23,27
26,74,137.0,635.0,22,10
26,81,567.0,193.0,22,24
26,82,3.0,622.0,6,28
26,83,580.0,515.5,22,29
26,86,389.0,160.5,20,25
26,91,22.0,552.5,24,29
26,69,147.5,291.0,23,26
26,84,112.0,320.0,20,22
26,87,75.0,485.5,18,19
26,90,634.5,109.0,11,24
26,93,538.5,355.0,25,28
26,42,410.0,579.0,20,24
26,77,616.0,131.0,18,24
26,89,487.0,262.5,20,21
27,0,235.5,176.5,53,55
27,1,347.5,440.5,81,97
27,2,364.5,418.0,19,22
27,3,356.0,312.0,24,26
27,4,310.0,198.5,22,21
27,5,251.0,131.0,24,30
27,6,158.5,322.0,23,28
27,7,102.0,248.0,20,26
27,8,373.0,441.5,18,21
27,9,433.0,82.5,26,29
27,10,318.0,418.0,22,30
27,11,208.0,211.5,32,33
27,12,83.0,68.0,36,32
27,13,410.0,415.0,22,24
27,14,234.5,513.0,23,30
27,15,79.5,203.0,21,26
27,16,343.0,359.5,22,35
27,17,213.0,273.0,22,16
27,18,377.0,293.5,18,21
27,19,401.0,539.5,36,41
27,20,384.0,139.5,26,29
27,21,274.0,106.0,26,22
27,22,20.0,201.0,26,26
27,23,131.5,608.5,23,31
27,24,539.5,20.5,19,31
27,25,88.0,68.5,44,43
27,26,234.0,170.0,20,24
27,27,399.0,190.0,22,30
27,28,418.5,107.0,21,28
27,29,114.0,276.5,24,25
27,30,273.0,159.5,20,29
27,31,55.0,398.5,18,23
27,32,246.5,270.5,21,27
27,33,259.5,196.5,19,19
27,34,254.0,221.0,18,22
27,35,605.0,419.0,28,30
27,36,249.0,345.5,18,23
27,37,261.0,97.0,16,24
27,38,127.0,565.5,18,29
27,39,249.0,292.5,20,23
27,40,484.0,223.0,18,24
27,41,556.5,45.5,21,29
27,43,555.5,146.0,19,24
27,44,550.0,476.5,20,21
27,45,413.0,547.5,20,23
27,46,197.0,583.5,22,27
27,48,261.5,367.5,21,19
27,50,612.0,69.5,18,27
27,52,565.0,126.0,16,24
27,53,277.5,15.0,19,22
27,63,456.0,564.5,20,25
27,65,537.0,173.0,18,22
27,70,522.5,318.5,23,29
27,71,319.5,70.5,23,27
27,74,138.0,634.5,22,11
27,81,567.0,192.0,22,24
27,82,3.0,622.5,6,27
27,83,577.0,516.5,24,31
27,86,385.5,161.0,19,24
27,91,20.5,554.5,25,29
27,69,146.0,289.0,24,26
27,84,115.0,324.0,20,20
27,87,73.0,483.0,20,20
27,90,635.5,104.0,9,24
27,93,538.5,358.0,25,28
27,42,405.5,575.0,21,24
27,77,617.0,132.5,18,23
27,89,551.5,254.5,19,21
28,0,236.0,176.0,54,56
28,1,347.5,439.5,81,97
28,2,364.5,417.0,19,22
28,3,356.0,311.0,24,26
28,4,311.0,197.5,22,21
28,5,251.5,130.0,23,30
28,6,158.0,322.0,22,30
28,7,102.0,247.0,20,26
28,8,373.0,440.5,18,21
28,9,433.0,82.5,28,29
28,10,318.0,417.0,22,30
28,11,209.0,210.5,32,33
28,12,83.0,67.0,34,32
28,13,410.0,415.0,22,24
28,14,234.5,512.0,23,30
28,15,80.5,202.5,21,27
28,16,343.0,358.5,22,35
28,17,213.0,273.0,22,18
28,18,377.0,293.0,18,20
28,19,401.5,539.0,37,42
28,20,384.5,139.0,25,30
28,21,275.0,105.0,26,22
28,22,20.0,200.0,24,26
28,23,131.5,608.5,23,31
28,24,540.5,20.5,19,31
28,25,88.5,67.5,43,43
28,26,234.0,169.0,22,24
28,27,399.5,189.0,21,30
28,28,418.5,107.5,23,27
28,29,113.5,276.5,23,25
28,30,274.0,158.5,20,29
28,31,55.0,397.5,20,23
28,32,246.5,269.5,21,27
28,33,260.5,196.0,19,18
28,34,254.5,220.0,19,22
28,35,604.5,419.0,29,30
28,36,249.0,344.5,18,23
28,37,262.0,96.0,16,24
28,38,126.5,564.5,19,29
28,39,249.0,292.0,20,24
28,40,484.0,222.5,18,25
28,41,557.0,45.5,20,29
28,43,555.5,146.5,19,25
28,44,550.0,476.5,20,21
28,45,413.0,547.0,20,22
28,46,197.0,583.0,22,28
28,48,262.0,367.0,20,20
28,50,613.0,70.5,18,27
28,52,565.0,126.0,16,24
28,53,278.0,14.5,18,21
28,63,455.0,564.5,20,25
28,65,537.5,173.0,17,22
28,70,521.5,318.5,23,29
28,71,319.5,70.5,23,27
28,74,138.0,634.0,22,10
28,81,568.0,191.0,22,24
28,82,3.0,623.0,6,28
28,83,572.5,518.0,23,30
28,86,382.5,160.0,19,24
28,91,18.0,557.5,26,31
28,69,143.5,285.0,25,24
28,84,119.5,324.0,19,22
28,87,71.5,473.5,17,19
28,90,636.5,100.0,7,24
28,93,544.0,359.0,26,30
28,42,408.0,568.5,20,23
28,77,618.5,134.0,17,22
28,79,213.5,283.5,23,19
29,0,236.0,176.0,54,56
29,1,346.5,439.5,81,97
29,2,363.5,418.0,19,22
29,3,355.0,311.5,24,25
29,4,311.0,197.5,22,21
29,5,251.5,130.0,23,30
29,6,158.5,320.5,21,29
29,7,102.0,247.0,20,26
29,8,372.0,441.5,18,21
29,9,433.0,83.0,28,30
29,10,317.0,417.0,22,30
29,11,209.0,210.5,32,33
29,12,83.0,67.0,34,32
29,13,409.0,415.5,22,23
29,14,234.0,512.0,24,30
29,15,80.5,202.5,21,27
29,16,342.0,359.0,22,34
29,17,213.0,273.5,22,19
29,18,376.0,293.5,18,21
29,19,402.5,538.5,37,43
29,20,384.5,139.0,25,30
29,21,275.0,105.0,26,22
29,22,20.5,200.0,25,26
29,23,131.0,608.5,22,31
29,24,540.5,21.5,19,31
29,25,88.5,67.5,43,43
29,26,234.0,169.0,22,24
29,27,399.0,190.0,20,30
29,28,418.5,108.5,23,27
29,29,113.0,276.5,22,25
29,30,274.0,158.5,20,29
29,31,54.5,397.5,19,23
29,32,247.0,269.5,22,27
29,33,260.5,196.0,19,18
29,34,254.5,220.0,19,22
29,35,604.0,419.5,28,31
29,36,248.0,344.5,18,23
29,37,261.5,96.0,17,24
29,38,126.0,564.5,18,29
29,39,248.0,292.0,20,24
29,40,484.0,223.5,18,25
29,41,557.0,45.5,20,31
29,43,555.5,146.5,19,23
29,44,549.0,477.5,20,21
29,45,413.0,546.5,20,23
29,46,196.0,583.0,22,28
29,48,261.5,366.5,19,21
29,50,612.5,70.5,17,27
29,52,566.0,125.5,16,23
29,53,277.5,14.5,17,21
29,63,454.0,566.0,20,26
29,65,538.0,174.0,18,22
29,70,520.0,317.5,24,29
29,71,318.5,70.5,23,29
29,74,137.0,634.0,22,10
29,81,569.0,190.0,22,24
29,83,569.0,519.5,24,29
29,86,380.0,160.0,18,24
29,91,16.0,562.0,24,30
29,69,138.5,282.0,25,24
29,84,124.0,321.0,20,22
29,87,68.5,467.5,17,19
29,90,638.0,96.5,4,23
29,93,551.0,359.0,26,30
29,42,410.0,560.0,20,24
29,77,616.0,137.0,16,24
29,79,200.5,288.5,23,19
29,64,213.5,282.5,23,19
30,0,235.5,176.0,55,56
30,1,346.5,440.5,81,97
30,2,363.5,418.0,19,22
30,3,355.0,312.0,24,26
30,4,311.0,198.5,22,21
30,5,252.0,130.5,24,29
30,6,158.5,320.5,21,29
30,7,101.0,247.0,20,26
30,8,372.0,441.5,18,21
30,9,432.5,83.0,29,30
30,10,317.0,417.5,22,29
30,11,208.0,210.5,32,33
30,12,83.5,67.0,35,32
30,13,409.0,416.0,22,24
30,14,234.0,512.0,24,30
30,15,80.5,202.5,21,27
30,16,342.0,360.0,22,34
30,17,213.0,273.5,24,19
30,18,376.0,294.0,18,20
30,19,402.5,539.0,37,44
30,20,384.5,139.0,27,32
30,21,275.0,105.0,26,22
30,22,20.5,200.0,25,26
30,23,130.5,608.5,23,31
30,24,540.5,21.5,19,31
30,25,88.5,67.5,43,43
30,26,234.0,169.0,22,24
30,27,398.0,190.5,20,29
30,28,418.5,109.0,23,28
30,29,112.5,276.5,23,25
30,30,274.0,158.5,20,29
30,31,54.0,397.0,18,22
30,32,246.0,269.5,22,27
30,33,260.5,195.5,19,19
30,34,254.0,220.0,18,22
30,35,604.0,419.5,28,31
30,36,248.0,344.5,18,23
30,37,261.5,96.0,17,24
30,38,126.0,564.5,18,29
30,39,247.5,292.0,19,24
30,40,483.0,223.0,18,26
30,41,557.5,45.5,21,31
30,43,556.5,146.0,19,24
30,44,548.5,477.5,19,21
30,45,413.5,546.0,21,24
30,46,196.0,583.0,22,28
30,48,261.5,366.5,19,21
30,50,612.5,69.5,17,27
30,52,566.0,125.0,16,24
30,53,278.0,14.5,18,21
30,63,454.0,567.0,20,26
30,65,538.0,174.0,18,22
30,70,520.0,317.0,24,30
30,71,317.5,70.0,23,28
30,74,137.0,634.0,22,10
30,81,569.5,190.0,21,24
30,83,567.0,521.5,24,29
30,86,376.5,160.0,17,24
30,91,12.5,562.5,23,29
30,69,137.0,279.5,24,25
30,84,125.0,317.5,20,23
30,87,66.0,465.5,16,19
30,93,555.5,361.5,27,31
30,42,406.5,555.5,21,27
30,77,613.5,141.0,17,24
30,79,187.0,294.5,24,19
30,64,212.5,283.5,23,19
31,0,235.0,177.0,54,56
31,1,347.5,440.5,81,97
31,2,364.5,418.0,19,22
31,3,355.0,312.0,24,26
31,4,310.0,198.5,22,21
31,5,251.5,131.0,25,30
31,6,158.5,320.5,21,29
31,7,101.0,248.0,20,26
31,8,373.0,441.5,18,21
31,9,432.0,82.5,28,31
31,10,318.0,418.0,22,30
31,11,208.0,211.5,32,33
31,12,83.0,68.0,36,32
31,13,410.0,416.0,22,24
31,14,235.0,513.0,24,30
31,15,79.5,203.5,21,27
31,16,343.0,360.0,22,34
31,17,213.0,274.0,24,18
31,18,376.0,294.0,18,20
31,19,402.0,539.0,38,44
31,20,383.5,139.0,27,32
31,21,274.0,106.0,26,22
31,22,20.0,201.0,26,26
31,23,131.0,609.5,24,31
31,24,539.5,20.5,19,31
31,25,87.5,68.5,43,43
31,26,233.5,170.0,21,24
31,27,397.5,190.0,21,30
31,28,418.0,109.0,22,28
31,29,112.5,275.5,23,25
31,30,273.0,159.5,20,29
31,31,54.0,397.5,20,23
31,32,246.0,270.5,22,27
31,33,259.5,195.5,19,21
31,34,254.0,221.0,18,22
31,35,604.5,420.0,29,30
31,36,248.0,345.5,18,23
31,37,261.0,97.0,16,24
31,38,127.0,565.5,18,29
31,39,247.5,293.0,19,24
31,40,483.0,222.0,18,26
31,41,556.5,45.0,21,30
31,43,555.5,145.0,19,24
31,44,549.0,476.5,18,21
31,45,414.0,546.0,20,24
31,46,197.0,584.0,22,28
31,48,262.0,367.0,20,22
31,50,612.0,69.0,18,26
31,52,566.0,124.0,16,24
31,53,277.5,15.0,19,22
31,63,453.5,567.5,19,25
31,65,537.0,173.0,18,22
31,70,520.5,317.0,25,30
31,71,315.5,67.0,21,28
31,74,138.0,635.0,22,10
31,81,569.5,190.5,21,25
31,83,565.0,523.5,24,29
31,91,11.5,562.5,23,31
31,69,137.0,277.5,24,27
31,84,126.5,314.5,21,23
31,87,63.5,462.0,17,20
31,93,556.0,363.5,26,31
31,42,404.5,555.5,21,27
31,77,613.0,147.0,18,24
31,64,213.0,283.5,22,19
31,60,68.5,402.5,19,21
32,0,235.0,177.0,54,56
32,1,347.5,440.5,81,97
32,2,364.5,418.0,19,22
32,3,356.0,312.0,24,26
32,4,310.0,198.5,22,21
32,5,250.5,131.0,25,30
32,6,159.0,320.5,22,29
32,7,102.0,248.0,20,26
32,8,373.0,441.5,18,21
32,9,432.0,82.5,28,31
32,10,318.0,418.0,22,30
32,11,208.0,211.5,32,33
32,12,83.0,68.0,36,32
32,13,410.0,416.5,22,25
32,14,235.0,513.0,24,30
32,15,79.5,203.5,21,27
32,16,343.0,360.0,22,34
32,17,213.5,274.0,23,18
32,18,377.0,294.0,18,20
32,19,401.0,538.5,38,43
32,20,381.5,139.0,27,32
32,21,274.0,106.0,26,22
32,22,20.0,201.0,26,26
32,23,130.5,609.5,25,31
32,24,539.5,20.5,19,31
32,25,88.5,68.5,43,43
32,26,233.5,170.0,21,24
32,27,397.5,189.5,21,29
32,28,418.0,109.0,22,28
32,29,112.0,275.0,24,26
32,30,273.0,159.5,20,29
32,31,55.0,398.5,20,23
32,32,247.0,270.5,22,27
32,33,259.5,195.5,19,21
32,34,254.5,221.0,17,22
32,35,605.0,419.0,28,30
32,36,249.0,345.5,18,23
32,37,261.5,97.0,15,24
32,38,127.0,565.5,18,29
32,39,248.0,293.5,18,25
32,40,483.0,222.0,18,26
32,41,556.5,45.0,21,30
32,43,554.5,145.0,19,24
32,44,549.5,476.5,19,21
32,45,414.0,545.5,20,23
32,46,197.0,584.0,22,28
32,48,261.0,367.0,20,22
32,50,612.5,69.5,19,27
32,52,566.5,123.0,15,24
32,53,278.0,15.0,20,22
32,63,453.5,568.5,19,25
32,65,537.0,173.0,18,22
32,70,520.5,317.0,25,30
32,71,313.5,65.0,21,28
32,74,138.0,635.0,22,10
32,81,569.5,191.5,21,25
32,83,563.0,524.5,22,29
32,91,10.5,563.0,21,30
32,69,136.0,277.0,24,26
32,84,127.5,313.5,21,23
32,87,61.0,458.0,16,20
32,93,554.5,364.5,27,29
32,42,400.5,561.0,21,26
32,77,614.0,149.5,18,23
32,64,213.5,283.5,23,19
32,60,67.5,408.0,19,20
32,86,193.0,349.0,18,22
33,0,235.0,177.0,54,56
33,1,347.5,440.5,81,97
33,2,364.5,418.0,19,22
33,3,356.0,312.0,24,26
33,4,310.0,198.5,22,21
33,5,250.0,131.0,24,30
33,6,158.5,320.5,23,29
33,7,101.0,248.0,20,26
33,8,373.0,441.5,18,21
33,9,432.0,82.5,28,31
33,10,318.0,418.0,22,30
33,11,208.0,211.5,32,33
33,12,82.5,68.0,35,32
33,13,410.0,416.0,22,24
33,14,235.0,513.0,24,30
33,15,79.5,203.5,21,27
33,16,343.0,360.0,22,34
33,17,213.0,274.0,24,18
33,18,377.0,294.0,18,20
33,19,400.5,538.5,37,41
33,20,382.5,138.5,27,31
33,21,274.0,106.0,26,22
33,22,19.5,201.0,25,26
33,23,130.5,609.5,25,31
33,24,539.5,21.5,19,31
33,25,89.5,69.0,43,44
33,26,233.5,170.0,21,24
33,27,397.5,189.0,21,30
33,28,418.0,109.5,22,27
33,29,112.0,275.5,24,27
33,30,273.0,159.5,20,29
33,31,55.0,399.5,20,23
33,32,246.0,270.5,22,27
33,33,259.5,195.5,19,21
33,34,255.0,221.0,16,22
33,35,605.0,418.5,28,31
33,36,249.0,345.5,18,23
33,37,261.0,97.5,16,23
33,38,127.0,565.0,18,28
33,39,248.0,293.5,18,25
33,40,483.0,222.5,18,27
33,41,556.5,45.5,21,31
33,43,554.5,145.0,19,24
33,44,550.0,477.5,20,21
33,45,413.5,545.5,19,23
33,46,197.0,584.0,22,28
33,48,260.0,367.5,20,21
33,50,612.0,70.0,18,26
33,52,566.0,123.0,14,24
33,53,278.0,15.0,20,22
33,63,452.5,569.5,19,25
33,65,537.0,174.0,18,22
33,70,520.0,317.5,26,29
33,71,311.5,63.5,21,27
33,74,138.0,635.0,22,10
33,81,569.0,192.0,20,24
33,83,560.5,523.5,21,29
33,91,10.0,564.0,20,30
33,69,135.5,276.0,23,26
33,84,130.0,314.5,22,25
33,93,553.0,365.5,26,29
33,42,397.5,568.0,21,24
33,77,612.5,151.0,17,24
33,64,214.0,283.5,22,19
33,60,66.5,414.5,19,21
33,86,139.0,404.0,18,22
33,79,127.0,398.0,20,20
34,0,236.0,176.0,54,56
34,1,347.5,439.5,81,97
34,2,364.5,417.0,19,22
34,3,356.0,311.0,24,26
34,4,311.0,198.0,22,22
34,5,250.0,131.0,24,28
34,6,158.0,320.5,24,29
34,7,102.0,247.0,20,26
34,8,373.0,440.5,18,21
34,9,433.0,82.0,28,30
34,10,318.0,417.0,22,30
34,11,209.0,210.5,32,33
34,12,82.5,67.0,35,32
34,13,410.0,415.5,22,25
34,14,235.0,512.0,24,30
34,15,80.5,202.5,21,27
34,16,343.0,359.0,22,34
34,17,213.5,273.0,23,18
34,18,377.0,293.0,18,20
34,19,401.0,539.5,38,43
34,20,382.5,138.0,27,30
34,21,275.0,105.0,26,22
34,22,20.0,201.0,24,26
34,23,131.0,608.5,24,31
34,24,539.5,20.5,19,31
34,25,89.5,68.0,43,44
34,26,234.5,169.0,21,24
34,27,398.0,188.0,22,30
34,28,419.0,108.5,22,27
34,29,112.5,275.5,23,25
34,30,274.0,158.5,20,29
34,31,55.0,399.5,20,25
34,32,246.5,269.5,23,27
34,33,260.5,195.0,19,20
34,34,255.5,220.0,17,22
34,35,605.0,418.5,28,31
34,36,249.0,344.5,18,23
34,37,261.0,98.0,18,24
34,38,127.0,564.5,18,29
34,39,248.5,293.5,19,25
34,40,484.0,222.5,18,25
34,41,557.0,45.0,22,30
34,43,554.5,145.5,19,25
34,44,550.0,476.5,20,21
34,45,413.5,546.0,19,24
34,46,197.0,583.5,22,27
34,48,260.0,366.5,20,21
34,50,612.0,69.0,18,26
34,52,566.5,123.0,15,24
34,53,277.5,14.0,19,22
34,63,452.5,568.0,19,26
34,65,538.0,173.0,18,22
34,70,521.5,319.5,25,29
34,71,309.0,60.0,20,28
34,74,138.0,634.0,22,10
34,81,567.5,192.0,21,24
34,83,557.0,530.5,24,31
34,91,7.5,570.5,15,33
34,69,131.5,270.0,23,28
34,84,134.0,308.0,22,24
34,93,546.0,364.5,26,29
34,42,395.0,573.0,20,22
34,77,611.5,153.0,17,24
34,64,214.5,282.5,23,19
34,86,85.0,458.5,18,21
34,79,109.0,425.0,20,20
34,47,66.0,416.5,20,21
34,89,593.5,207.5,19,23
34,87,245.5,282.0,21,22
35,0,236.0,176.0,54,56
35,1,347.5,439.5,81,97
35,2,364.5,417.0,19,22
35,3,356.0,310.5,24,25
35,4,311.0,198.0,22,22
35,5,250.0,131.0,24,28
35,6,158.0,321.0,24,28
35,7,102.0,247.0,20,26
35,8,373.0,440.5,18,21
35,9,433.5,81.0,27,30
35,10,318.0,417.0,22,30
35,11,209.0,210.5,32,33
35,12,82.0,67.0,36,32
35,13,410.0,415.5,22,25
35,14,234.5,512.0,23,30
35,15,80.5,202.5,21,27
35,16,343.0,359.0,22,34
35,17,213.5,273.0,23,18
35,18,377.0,293.0,18,20
35,19,400.5,540.5,39,43
35,20,382.5,137.5,25,29
35,21,275.0,105.0,26,22
35,22,20.0,200.5,24,27
35,23,131.5,608.5,23,31
35,24,540.5,20.5,19,31
35,25,89.0,67.5,44,43
35,26,234.5,169.0,21,24
35,27,398.0,187.5,22,31
35,28,419.0,107.5,22,27
35,29,113.0,276.0,24,24
35,30,274.0,158.5,20,29
35,31,55.5,399.5,19,25
35,32,246.5,269.5,23,27
35,33,260.5,195.0,19,20
35,34,255.5,220.0,17,22
35,35,605.0,418.5,28,31
35,36,249.0,344.5,18,23
35,37,261.0,98.0,18,24
35,38,126.0,565.5,18,29
35,39,248.5,294.0,19,24
35,40,484.0,223.0,18,24
35,41,557.5,45.0,21,30
35,43,554.5,146.0,19,26
35,44,550.0,476.5,20,21
35,45,413.5,546.5,19,25
35,46,196.5,583.5,23,27
35,48,260.0,366.5,20,21
35,50,612.0,68.5,18,27
35,52,566.0,123.0,14,24
35,53,277.5,14.0,17,22
35,63,452.0,567.5,20,27
35,65,537.5,173.0,19,22
35,70,521.5,320.5,25,29
35,71,307.5,58.5,21,27
35,74,138.0,634.0,22,10
35,81,566.0,191.5,22,25
35,83,554.5,532.0,23,32
35,91,6.0,577.0,12,30
35,69,129.5,267.0,23,28
35,84,136.0,304.5,22,25
35,93,544.0,363.5,26,29
35,42,391.5,578.0,19,20
35,77,610.5,156.0,17,24
35,64,214.5,282.5,23,19
35,79,91.0,452.0,20,20
35,47,78.0,417.0,20,20
35,89,597.5,200.5,19,23
35,87,298.0,229.5,22,23
35,51,356.0,154.5,18,27
35,61,423.0,570.0,22,24
35,55,293.5,217.0,23,22
35,60,60.5,479.5,17,21
36,0,235.0,176.0,54,56
36,1,346.5,439.5,81,97
36,2,363.5,417.0,19,22
36,3,355.0,311.0,24,26
36,4,310.0,198.0,22,22
36,5,250.0,131.0,24,28
36,6,157.5,321.5,23,29
36,7,101.0,247.0,20,26
36,8,372.0,441.5,18,21
36,9,433.5,81.0,27,30
36,10,317.0,417.0,22,30
36,11,208.0,210.5,32,33
36,12,82.5,67.0,35,32
36,13,409.0,416.5,22,25
36,14,234.0,512.0,24,30
36,15,79.5,202.5,21,27
36,16,342.0,359.0,22,34
36,17,212.5,273.0,23,18
36,18,376.0,294.0,18,20
36,19,401.0,540.5,38,43
36,20,383.0,138.5,24,29
36,21,274.0,105.0,26,22
36,22,19.5,200.5,25,27
36,23,132.5,608.5,23,31
36,24,540.0,21.5,18,31
36,25,88.0,67.5,44,43
36,26,234.0,169.0,20,24
36,27,397.5,187.0,21,30
36,28,418.0,108.0,22,28
36,29,112.5,276.0,23,24
36,30,274.0,158.5,22,29
36,31,55.5,397.0,21,26
36,32,246.5,269.5,21,27
36,33,259.5,195.0,19,20
36,34,255.0,220.0,16,22
36,35,604.0,419.0,28,32
36,36,248.0,344.5,18,23
36,37,260.5,98.0,17,24
36,38,125.0,566.5,18,29
36,39,247.5,293.0,19,24
36,40,483.0,223.5,18,25
36,41,557.5,46.0,21,30
36,43,554.5,146.0,19,24
36,44,549.5,477.5,21,21
36,45,413.0,547.0,20,24
36,46,195.5,583.0,23,28
36,48,260.0,366.5,20,21
36,50,612.0,68.5,18,27
36,52,565.5,123.5,15,23
36,53,278.0,14.0,18,22
36,63,451.5,567.0,19,26
36,65,536.5,174.0,19,22
36,70,521.5,319.5,25,29
36,71,307.5,58.5,21,27
36,74,137.0,634.0,22,10
36,81,564.5,190.5,21,25
36,83,552.5,535.5,23,31
36,91,4.5,583.0,9,30
36,69,127.5,265.5,23,27
36,84,136.0,298.0,20,26
36,93,543.5,360.0,27,30
36,64,214.5,282.5,23,19
36,47,90.0,417.5,20,21
36,89,601.0,193.5,18,23
36,87,350.5,177.0,23,24
36,51,362.5,159.0,23,24
36,61,429.5,547.0,21,24
36,55,301.0,213.0,22,22
36,60,58.0,500.0,18,20
36,57,481.5,127.0,21,24
36,86,61.0,478.5,18,21
37,0,236.0,176.0,54,56
37,1,347.5,439.5,81,97
37,2,364.5,417.0,19,22
37,3,356.0,311.0,24,26
37,4,311.0,198.5,22,23
37,5,250.5,131.0,23,28
37,6,156.5,321.5,23,29
37,7,102.0,247.0,20,26
37,8,373.0,440.5,18,21
37,9,433.5,81.0,29,30
37,10,318.0,417.0,22,30
37,11,209.0,210.5,32,33
37,12,82.5,67.0,35,32
37,13,410.0,416.0,22,26
37,14,234.5,512.5,23,31
37,15,80.5,202.5,21,27
37,16,343.0,359.0,22,34
37,17,213.5,273.0,23,18
37,18,377.0,293.0,18,20
37,19,401.5,539.0,37,42
37,20,383.0,139.0,24,28
37,21,275.0,105.0,26,22
37,22,20.0,200.5,24,27
37,23,132.5,608.0,23,30
37,24,540.0,20.5,18,31
37,25,87.5,68.0,43,44
37,26,234.5,169.0,21,24
37,27,398.0,187.0,20,30
37,28,419.0,109.0,22,28
37,29,112.5,276.0,23,24
37,30,274.5,158.5,21,29
37,31,54.5,395.0,21,26
37,32,246.5,270.0,23,26
37,33,260.5,195.0,19,20
37,34,255.5,220.0,17,22
37,35,605.0,418.5,28,31
37,36,249.0,344.5,18,23
37,37,261.5,97.0,17,24
37,38,125.0,566.0,18,28
37,39,248.5,292.5,19,25
37,40,484.0,223.0,18,24
37,41,557.5,45.0,21,30
37,43,555.0,145.5,18,25
37,44,550.0,476.5,20,21
37,45,414.0,546.0,20,24
37,46,195.5,583.0,23,28
37,48,261.0,367.0,20,20
37,50,611.0,68.0,18,28
37,52,566.0,122.5,16,23
37,53,278.0,14.0,18,22
37,63,451.5,566.5,19,25
37,65,537.5,173.0,19,22
37,70,522.0,319.5,24,29
37,71,308.5,60.5,21,27
37,74,138.0,634.0,22,10
37,81,563.5,190.0,21,24
37,83,548.5,538.5,23,31
37,91,3.0,589.0,6,28
37,69,123.5,259.5,21,27
37,84,141.0,298.5,22,25
37,93,543.5,358.0,27,30
37,64,214.5,282.5,23,19
37,89,609.0,183.5,16,23
37,51,369.5,163.5,27,21
37,61,436.5,524.0,21,24
37,55,308.0,209.5,22,23
37,60,55.5,520.0,17,20
37,57,488.0,129.0,20,24
37,86,32.0,506.5,18,21
37,76,487.5,107.0,17,26
37,58,410.5,571.0,21,22
37,42,201.0,511.0,18,20
37,77,585.0,248.5,20,27
38,0,235.5,177.0,55,56
38,1,347.5,440.5,81,97
38,2,364.5,418.0,19,22
38,3,357.0,312.0,24,26
38,4,311.0,197.5,22,19
38,5,255.0,131.0,24,30
38,6,164.5,322.0,23,30
38,7,103.5,248.0,21,26
38,8,373.0,441.5,18,21
38,9,437.0,83.0,28,30
38,10,319.0,415.0,22,30
38,11,212.5,210.5,31,33
38,12,87.5,69.5,35,31
38,13,411.0,416.5,22,25
38,14,235.0,511.5,24,31
38,15,81.0,203.5,20,27
38,16,343.0,359.5,22,35
38,17,213.5,274.0,23,18
38,18,378.0,294.0,18,20
38,19,401.5,539.0,37,42
38,20,387.5,141.0,25,24
38,21,275.5,106.0,27,22
38,22,20.5,200.5,25,27
38,23,136.0,610.5,22,29
38,24,541.5,20.0,19,32
38,25,89.0,69.0,42,44
38,26,234.5,170.0,21,24
38,27,402.5,191.5,21,31
38,28,420.0,107.5,22,27
38,29,116.0,276.0,24,26
38,30,274.0,160.0,20,30
38,31,56.0,399.0,22,30
38,32,248.5,269.5,23,27
38,33,262.0,197.0,20,18
38,34,255.0,221.0,18,22
38,35,605.5,418.5,27,31
38,36,253.0,344.0,18,24
38,37,262.0,94.0,16,22
38,38,130.0,564.0,18,30
38,39,252.0,294.5,20,23
38,40,487.0,222.5,20,25
38,41,558.5,46.5,21,29
38,43,557.5,143.0,19,24
38,44,548.5,477.5,19,21
38,45,419.0,546.0,20,22
38,46,199.0,584.0,22,28
38,48,258.5,367.0,21,22
38,50,614.5,72.0,19,28
38,52,566.5,127.5,15,23
38,53,278.5,14.5,19,23
38,63,452.0,567.5,18,25
38,65,539.0,174.0,18,22
38,70,523.0,319.5,24,29
38,71,310.5,61.5,21,27
38,74,142.0,636.5,20,7
38,81,564.5,191.0,21,24
38,83,545.5,542.0,23,32
38,69,121.5,255.5,21,27
38,84,145.5,296.5,23,25
38,93,544.0,357.0,28,30
38,64,215.0,283.5,22,19
38,89,616.5,175.5,15,23
38,51,378.0,168.5,30,19
38,57,495.0,132.0,20,24
38,86,4.5,534.0,17,20
38,76,482.0,112.5,18,25
38,58,414.0,557.0,22,22
38,42,145.5,494.0,19,20
38,77,579.0,277.5,20,27
38,62,209.0,617.5,20,25
38,56,514.5,583.0,21,24
38,68,611.5,117.0,17,26
38,67,314.5,479.0,25,30
38,73,74.5,232.5,21,29
38,92,336.5,413.5,21,21
38,75,547.5,421.0,15,28
38,78,609.5,173.0,15,22
38,80,330.0,475.0,22,26
38,72,609.0,149.0,20,28
38,59,622.0,212.5,18,23
38,49,474.0,94.5,20,27
38,47,222.0,465.0,22,24
38,87,469.0,176.5,24,23
39,0,235.0,176.5,54,55
39,1,347.0,440.0,80,98
39,2,363.5,417.0,19,22
39,3,356.0,311.5,24,25
39,4,310.0,197.5,22,21
39,5,252.0,130.0,24,30
39,6,167.0,322.5,24,31
39,7,102.5,247.0,21,26
39,8,372.0,440.5,18,21
39,9,434.0,82.0,28,30
39,10,318.0,416.5,22,31
39,11,209.5,210.5,31,33
39,12,83.5,68.0,35,32
39,13,410.0,415.5,22,25
39,14,234.0,512.5,24,31
39,15,79.5,203.5,21,27
39,16,342.0,359.5,22,35
39,17,212.5,273.0,23,18
39,18,376.0,294.0,18,20
39,19,400.5,539.0,37,42
39,20,384.5,139.0,25,26
39,21,274.0,105.0,26,22
39,22,20.0,201.0,26,26
39,23,133.0,609.5,22,31
39,24,540.0,20.5,18,31
39,25,87.5,68.0,43,44
39,26,233.5,169.0,21,24
39,27,399.0,189.0,20,30
39,28,418.0,109.0,22,28
39,29,113.5,276.0,23,26
39,30,273.0,159.5,20,29
39,31,54.0,396.5,22,27
39,32,246.5,269.5,23,27
39,33,260.5,196.0,19,20
39,34,254.5,221.0,17,22
39,35,604.5,418.5,27,31
39,36,250.0,344.0,18,24
39,37,261.0,95.5,16,23
39,38,127.5,565.0,19,30
39,39,249.0,293.5,20,25
39,40,484.5,222.5,19,25
39,41,557.5,45.5,21,29
39,43,554.5,144.0,19,24
39,44,549.0,477.0,20,22
39,45,420.5,545.0,19,20
39,46,196.0,583.5,22,29
39,48,259.5,367.0,21,22
39,50,612.0,68.5,18,29
39,52,566.5,124.5,15,23
39,53,277.0,14.5,20,23
39,63,451.5,566.5,17,25
39,65,538.0,174.0,18,22
39,70,521.5,318.5,23,29
39,71,309.5,62.0,21,26
39,74,144.0,636.5,18,5
39,81,564.0,190.5,22,25
39,83,545.0,535.0,22,30
39,69,120.0,258.0,22,28
39,84,145.0,301.5,22,25
39,93,544.5,356.5,27,31
39,64,213.0,283.0,22,20
39,89,620.0,166.5,14,23
39,76,473.5,116.5,17,25
39,58,414.5,545.0,21,24
39,42,88.5,477.0,19,20
39,77,569.5,317.0,21,24
39,62,209.0,617.5,20,25
39,56,508.5,574.5,21,25
39,68,607.0,123.0,18,26
39,67,326.0,476.5,24,31
39,73,90.5,222.5,21,29
39,92,348.5,408.0,21,22
39,75,523.5,427.5,15,27
39,78,583.0,196.5,16,21
39,80,329.0,452.0,24,26
39,72,602.0,164.5,20,27
39,59,606.5,234.0,19,24
39,49,460.0,98.0,20,26
39,47,262.0,478.0,22,26
39,87,523.5,154.5,25,23
39,54,387.0,203.0,18,28
39,85,485.0,133.5,18,25
39,79,106.5,568.5,21,15
39,61,202.5,501.0,19,22
39,55,510.5,175.0,19,24
39,60,248.5,521.5,19,23
40,0,235.0,176.5,54,55
40,1,346.5,440.0,81,98
40,2,363.5,417.0,19,22
40,3,356.0,311.5,24,25
40,4,310.0,198.0,22,22
40,5,251.0,130.5,24,31
40,6,171.0,323.0,24,30
40,7,102.0,248.0,20,26
40,8,372.0,440.5,18,21
40,9,433.0,82.0,28,30
40,10,317.0,417.0,22,30
40,11,208.5,210.5,31,33
40,12,82.5,68.0,35,32
40,13,409.5,415.5,23,25
40,14,233.5,512.5,25,31
40,15,79.5,203.0,21,28
40,16,342.0,359.0,22,36
40,17,212.5,274.0,23,18
40,18,376.0,294.0,18,20
40,19,399.5,539.0,37,42
40,20,383.5,139.5,25,29
40,21,274.0,105.0,26,22
40,22,20.0,201.0,26,26
40,23,132.5,609.5,23,31
40,24,540.5,20.5,19,31
40,25,87.5,68.5,43,43
40,26,233.5,169.0,21,24
40,27,398.0,188.0,20,30
40,28,418.0,110.0,22,28
40,29,112.0,276.5,24,27
40,30,273.5,159.5,21,29
40,31,53.5,395.5,21,25
40,32,246.0,269.5,24,27
40,33,260.5,196.0,19,20
40,34,254.5,221.0,17,22
40,35,604.0,418.5,28,31
40,36,249.0,344.0,18,24
40,37,261.5,96.0,15,24
40,38,126.0,565.5,18,29
40,39,248.0,293.5,20,25
40,40,484.0,222.5,18,25
40,41,557.5,45.5,21,29
40,43,554.0,145.0,20,24
40,44,549.0,477.5,20,23
40,45,423.5,544.5,19,19
40,46,196.0,584.0,22,28
40,48,260.0,367.5,20,23
40,50,612.0,67.0,18,28
40,52,566.5,123.5,15,23
40,53,276.5,14.5,19,23
40,63,450.5,567.0,17,24
40,65,537.5,174.0,17,22
40,70,521.5,318.0,23,28
40,71,310.5,64.5,21,27
40,74,146.0,637.5,16,3
40,81,564.0,191.5,22,25
40,83,541.5,539.0,23,32
40,69,117.5,258.0,23,28
40,84,153.5,299.5,21,25
40,93,543.5,355.0,27,30
40,64,212.5,283.5,21,21
40,58,415.5,532.5,21,25
40,77,561.5,351.5,21,23
40,62,209.0,618.0,20,24
40,56,502.5,567.0,21,24
40,68,603.5,130.0,19,26
40,67,337.5,475.0,23,30
40,73,108.5,213.5,21,29
40,92,361.0,403.0,22,22
40,75,500.0,435.5,16,27
40,78,557.5,221.5,17,21
40,80,329.0,430.5,24,27
40,72,597.0,181.0,20,28
40,59,592.5,256.0,19,24
40,49,447.0,102.0,20,26
40,47,303.0,490.5,24,27
40,87,580.0,133.5,26,23
40,54,368.5,230.0,19,28
40,85,473.5,142.5,19,25
40,79,106.5,597.5,21,13
40,61,142.0,484.5,18,21
40,55,570.0,164.0,18,24
40,60,305.0,530.5,20,23
40,66,498.0,586.0,20,26
40,88,476.5,138.0,19,24
40,82,221.5,581.5,15,25
40,91,82.5,610.5,19,19
40,51,238.5,256.5,23,27
40,57,612.5,182.0,17,22
40,86,59.5,462.5,17,21
41,0,235.5,176.5,55,57
41,1,347.0,440.0,82,96
41,2,364.5,418.0,19,22
41,3,355.0,311.0,24,26
41,4,311.0,198.5,22,21
41,5,250.0,130.5,24,31
41,7,101.5,247.5,19,25
41,8,373.0,441.5,18,21
41,9,432.5,81.0,29,30
41,10,317.0,418.0,22,30
41,11,207.5,211.5,31,33
41,12,81.5,67.0,35,32
41,13,409.0,416.5,22,25
41,14,234.0,513.5,26,31
41,15,80.5,202.0,21,28
41,16,343.0,359.0,22,34
41,17,213.5,274.5,23,17
41,18,377.0,293.0,18,20
41,19,400.0,539.5,38,43
41,20,382.5,139.0,25,30
41,21,275.0,106.0,26,22
41,22,20.5,200.0,25,26
41,23,132.0,609.0,22,32
41,24,540.5,21.5,19,31
41,25,88.5,68.0,43,42
41,26,234.5,170.0,21,24
41,27,397.0,187.0,20,30
41,28,418.5,110.5,23,29
41,29,111.0,276.5,24,27
41,30,274.5,158.5,21,29
41,31,53.0,395.0,20,24
41,32,245.5,270.5,23,27
41,33,259.5,195.0,19,20
41,34,255.5,220.0,17,22
41,35,604.5,419.5,29,31
41,36,248.0,345.0,18,24
41,37,262.0,97.0,16,24
41,38,125.0,566.5,18,29
41,39,247.0,292.5,20,25
41,40,483.0,223.5,18,25
41,41,556.5,45.0,21,30
41,43,553.5,146.0,19,24
41,44,550.0,478.0,20,22
41,46,195.0,583.5,22,27
41,48,261.0,368.0,20,22
41,50,611.0,66.5,18,27
41,52,566.5,122.5,15,23
41,53,276.5,14.5,19,21
41,63,449.5,566.5,17,25
41,65,538.0,174.0,18,22
41,70,520.5,317.0,23,28
41,71,311.0,66.5,22,27
41,81,564.5,192.0,23,26
41,83,538.5,542.0,23,32
41,69,115.5,257.5,25,29
41,84,157.0,300.0,22,26
41,93,541.5,354.5,27,29
41,58,417.5,520.0,21,26
41,77,553.5,386.5,21,23
41,54,350.5,257.0,19,28
41,85,461.5,151.0,19,24
41,79,106.5,626.5,21,13
41,61,82.5,468.0,17,20
41,55,629.0,152.5,16,25
41,60,362.0,539.0,20,24
41,66,491.5,577.0,19,26
41,88,463.0,152.5,20,25
41,82,243.5,577.5,15,25
41,91,101.5,618.0,21,16
41,51,204.5,282.5,23,29
41,57,647.0,197.0,16,22
41,86,60.0,451.0,16,20
41,90,477.5,137.0,17,24
41,89,613.0,189.0,16,24
41,76,365.0,396.5,20,25
41,42,120.5,382.5,21,25
41,94,414.0,546.0,20,24
41,95,138.0,635.0,22,10
42,0,235.0,177.0,56,58
42,1,347.0,440.0,82,96
42,2,364.5,418.0,19,22
42,3,355.0,311.5,24,27
42,4,311.0,198.5,22,21
42,5,250.0,131.0,24,32
42,7,101.0,247.5,20,25
42,8,373.0,441.5,18,21
42,9,433.0,81.0,28,30
42,10,317.0,418.0,22,30
42,11,207.5,211.5,31,33
42,12,81.5,67.0,35,32
42,13,409.5,416.5,23,25
42,14,234.0,513.5,26,31
42,15,80.5,202.0,21,28
42,16,343.0,359.5,22,33
42,17,213.5,274.5,23,17
42,18,377.0,293.0,18,20
42,19,401.0,539.5,38,43
42,20,382.5,139.0,25,30
42,21,275.0,106.0,26,22
42,22,20.5,200.0,25,26
42,23,132.0,608.5,22,31
42,24,540.5,21.5,19,31
42,25,88.0,68.0,42,42
42,26,234.5,170.0,21,24
42,27,396.5,187.0,21,30
42,28,418.5,110.0,23,28
42,29,111.0,275.5,24,27
42,30,274.5,158.5,21,29
42,31,53.0,397.0,20,26
42,32,245.5,270.5,23,27
42,33,259.5,195.0,19,20
42,34,255.5,220.0,17,22
42,35,604.0,419.5,28,31
42,36,248.0,345.0,18,24
42,37,262.0,97.0,16,24
42,38,125.0,566.5,18,29
42,39,247.0,292.5,20,25
42,40,483.0,223.5,18,25
42,41,556.5,45.5,21,31
42,43,553.5,146.0,19,24
42,44,550.0,478.0,20,22
42,46,195.0,583.5,22,27
42,48,261.0,368.0,20,22
42,50,611.0,67.0,18,28
42,52,566.5,122.5,15,23
42,53,277.0,14.5,18,21
42,63,448.5,564.0,17,26
42,65,538.0,174.0,18,22
42,70,520.5,317.0,23,28
42,71,311.0,67.5,22,27
42,81,565.0,192.0,22,26
42,83,536.5,544.0,23,32
42,69,113.0,252.0,24,28
42,84,164.5,300.0,21,26
42,93,534.0,357.5,26,29
42,66,485.5,569.0,19,26
42,88,450.0,167.0,20,24
42,82,265.0,573.5,16,25
42,91,120.0,624.5,22,13
42,51,170.0,309.0,22,30
42,57,681.5,211.0,15,22
42,86,61.5,439.5,17,19
42,90,462.0,141.5,18,25
42,89,614.5,196.0,15,22
42,76,332.5,472.5,21,25
42,42,107.5,347.5,21,27
42,94,413.0,546.0,20,24
42,95,137.0,635.0,22,10
42,6,286.0,459.0,22,28
42,56,194.5,492.0,19,22
42,80,188.5,343.5,23,29
43,0,235.0,177.0,56,58
43,1,347.0,440.0,82,96
43,2,364.5,418.0,19,22
43,3,355.0,311.5,24,27
43,4,311.0,199.0,22,22
43,5,250.0,131.5,24,31
43,7,100.5,247.0,21,26
43,8,373.0,441.5,18,21
43,9,433.0,81.0,28,30
43,10,317.0,418.0,22,30
43,11,207.5,211.5,31,33
43,12,81.5,67.0,35,32
43,13,410.0,416.5,24,25
43,14,234.0,513.5,26,31
43,15,80.5,202.0,21,28
43,16,343.0,359.5,22,33
43,17,213.5,274.5,23,17
43,18,377.0,293.0,18,20
43,19,401.5,540.0,37,42
43,20,382.0,139.5,26,31
43,21,275.0,106.0,26,22
43,22,20.5,200.0,25,26
43,23,132.0,608.5,22,31
43,24,540.5,21.5,19,31
43,25,87.5,68.0,41,42
43,26,234.5,170.0,21,24
43,27,396.5,187.0,21,30
43,28,418.5,110.0,23,28
43,29,112.0,275.0,24,26
43,30,274.5,158.5,21,29
43,31,53.0,397.0,20,26
43,32,245.5,270.5,23,27
43,33,259.5,194.5,19,19
43,34,255.5,220.0,17,22
43,35,603.5,419.5,27,31
43,36,248.0,345.0,18,24
43,37,261.5,97.5,17,23
43,38,125.0,566.5,18,29
43,39,247.0,292.5,20,25
43,40,483.0,223.5,18,25
43,41,556.5,45.5,21,31
43,43,553.5,146.5,19,23
43,44,550.0,478.0,20,22
43,46,195.0,583.5,22,27
43,48,261.0,368.0,20,22
43,50,611.0,67.0,18,28
43,52,567.0,122.5,16,23
43,53,277.0,14.5,18,21
43,63,448.0,564.0,18,26
43,65,538.0,174.0,18,22
43,70,520.5,317.0,23,28
43,71,312.0,68.0,22,28
43,81,565.0,193.0,22,26
43,83,536.0,546.5,22,31
43,69,111.0,250.0,24,28
43,84,167.5,299.0,21,26
43,93,529.5,360.0,27,30
43,86,63.5,428.0,17,20
43,90,445.5,146.5,19,25
43,89,616.5,202.0,13,22
43,76,300.0,549.5,22,25
43,42,95.0,312.5,22,29
43,94,413.0,546.5,20,25
43,95,137.5,634.0,21,10
43,6,321.0,498.5,22,27
43,56,110.5,468.5,19,21
43,80,150.5,309.5,23,29
43,68,459.5,397.5,21,25
43,85,234.5,258.0,23,28
43,61,60.0,466.0,18,20
44,0,235.0,177.5,56,57
44,1,347.5,440.0,81,96
44,2,364.5,418.0,19,22
44,3,356.0,311.5,24,27
44,4,311.0,199.0,22,22
44,5,250.0,131.5,24,31
44,7,100.5,246.0,21,26
44,8,373.0,441.5,18,21
44,9,432.5,81.0,29,30
44,10,318.0,418.0,22,30
44,11,207.5,211.5,31,33
44,12,81.5,67.5,35,33
44,13,410.5,415.5,23,25
44,14,234.5,513.5,25,31
44,15,80.5,202.5,21,29
44,16,343.0,359.5,22,33
44,17,213.5,274.5,23,17
44,18,377.0,293.0,18,20
44,19,401.0,539.0,38,42
44,20,381.5,140.0,25,32
44,21,274.5,106.0,25,22
44,22,20.5,201.0,25,26
44,23,133.0,608.0,22,30
44,24,539.5,21.0,19,30
44,25,87.0,68.5,42,43
44,26,234.5,170.0,21,24
44,27,396.5,187.0,21,30
44,28,418.5,109.5,21,27
44,29,113.0,275.0,24,26
44,30,274.0,158.5,20,29
44,31,52.5,397.0,21,26
44,32,245.5,270.5,23,27
44,33,259.5,195.0,19,20
44,34,255.5,221.0,17,22
44,35,604.0,418.5,26,31
44,36,248.0,345.0,18,24
44,37,261.0,97.5,18,23
44,38,125.0,566.5,18,29
44,39,247.0,292.5,20,25
44,40,483.0,223.5,18,25
44,41,556.5,45.5,21,31
44,43,553.5,146.0,19,22
44,44,550.0,477.5,20,21
44,46,196.0,584.0,22,28
44,48,261.0,368.0,20,22
44,50,611.0,66.5,18,29
44,52,567.5,122.5,15,23
44,53,276.5,14.5,19,21
44,63,448.5,566.0,17,26
44,65,537.0,173.0,18,22
44,70,521.0,316.5,22,29
44,71,312.0,68.0,22,28
44,81,565.0,192.5,22,25
44,83,533.5,548.0,23,32
44,69,111.5,248.5,23,29
44,84,169.0,301.0,20,24
44,93,526.5,362.0,27,30
44,89,610.0,204.0,16,24
44,94,414.0,545.5,20,25
44,95,138.5,635.0,21,10
44,6,356.0,537.5,22,27
44,56,26.0,445.0,18,20
44,80,113.0,276.0,24,30
44,68,427.5,457.5,21,25
44,85,168.5,291.0,23,28
44,61,29.5,458.0,17,20
44,78,461.0,423.5,18,23
44,88,230.0,259.0,22,28
44,51,95.5,407.5,19,23
45,0,235.5,177.0,55,56
45,1,348.0,440.5,80,97
45,2,364.5,418.0,19,22
45,3,357.0,312.0,24,26
45,4,311.0,197.5,22,19
45,5,255.0,131.0,24,30
45,7,103.0,247.0,20,26
45,8,373.0,441.5,18,21
45,9,437.0,83.0,28,30
45,10,319.0,415.5,22,31
45,11,212.0,210.5,32,33
45,12,87.0,69.5,36,31
45,13,411.5,416.5,23,25
45,14,234.5,511.5,25,31
45,15,81.5,204.0,21,28
45,16,343.0,360.0,22,34
45,17,213.5,274.0,23,18
45,18,378.0,294.0,18,20
45,19,401.0,539.0,38,42
45,20,386.5,141.5,25,25
45,21,275.5,106.0,27,22
45,22,21.0,200.5,26,27
45,23,136.5,611.0,21,30
45,24,541.5,20.0,19,32
45,25,89.0,69.0,42,44
45,26,234.5,169.5,21,25
45,27,402.5,191.5,21,31
45,28,420.0,107.5,22,27
45,29,116.0,275.0,24,26
45,30,274.0,160.0,20,30
45,31,55.5,400.5,23,31
45,32,249.0,269.5,24,27
45,33,262.0,197.5,20,19
45,34,255.0,221.0,18,22
45,35,605.5,419.0,27,30
45,36,253.0,344.0,18,24
45,37,262.0,94.0,16,22
45,38,131.0,564.0,18,30
45,39,252.0,294.5,20,23
45,40,487.0,222.5,20,25
45,41,558.5,46.5,21,29
45,43,557.5,143.5,19,23
45,44,549.0,477.0,18,20
45,46,199.0,584.0,22,28
45,48,258.5,367.0,21,22
45,50,615.5,72.0,19,28
45,52,566.5,127.5,15,23
45,53,278.5,14.0,19,24
45,63,449.5,567.0,17,26
45,65,539.0,174.0,18,22
45,70,522.5,317.5,23,29
45,71,313.0,69.0,22,28
45,81,566.0,192.5,22,25
45,83,532.0,550.5,22,33
45,69,112.5,246.0,23,30
45,84,172.5,302.0,21,24
45,93,524.0,365.0,28,30
45,89,610.0,209.0,16,24
45,94,418.5,546.0,19,22
45,95,141.5,636.5,19,7
45,68,396.0,518.0,22,26
45,85,103.0,324.0,24,30
45,61,1.0,450.5,16,19
45,78,437.5,467.5,19,23
45,88,166.0,291.0,24,30
45,51,60.0,447.0,18,22
45,64,214.0,283.5,22,21
45,62,209.5,629.5,17,19
45,67,530.5,449.0,23,30
45,73,76.0,130.5,22,35
45,92,584.5,321.5,21,23
45,72,597.0,215.5,18,23
45,59,496.5,440.0,21,26
45,47,489.5,292.0,21,26
45,87,568.0,187.0,24,24
45,58,484.0,342.5,24,23
45,77,432.0,393.0,22,26
45,60,429.5,540.5,19,27
45,66,252.5,416.5,23,27
45,57,576.5,275.5,21,23
45,90,277.5,291.5,25,27
45,42,267.0,174.0,22,28
46,0,234.5,176.5,55,55
46,1,347.0,439.5,80,97
46,2,363.5,417.0,19,22
46,3,356.0,312.0,24,26
46,4,310.0,198.0,22,22
46,5,251.0,130.5,24,31
46,7,101.5,247.0,21,26
46,8,372.0,440.5,18,21
46,9,434.0,81.5,28,31
46,10,317.0,417.0,22,30
46,11,209.0,210.5,32,33
46,12,83.0,68.0,36,32
46,13,410.0,415.5,24,25
46,14,234.5,512.5,25,31
46,15,79.5,203.0,21,28
46,16,342.0,359.5,22,35
46,17,212.5,273.5,23,17
46,18,376.0,294.0,18,20
46,19,400.0,539.0,38,42
46,20,383.5,140.5,25,29
46,21,274.0,105.0,26,22
46,22,19.5,201.0,25,26
46,23,133.5,609.0,21,30
46,24,539.5,20.5,19,31
46,25,87.5,68.5,41,43
46,26,233.5,169.0,21,24
46,27,398.5,189.5,21,31
46,28,418.0,108.5,22,27
46,29,113.0,275.5,24,25
46,30,273.5,159.0,21,30
46,31,53.5,399.0,21,28
46,32,246.5,269.5,23,27
46,33,260.5,195.5,19,19
46,34,254.0,221.0,18,22
46,35,604.0,417.5,28,31
46,36,250.0,344.5,18,23
46,37,261.0,95.5,16,23
46,38,133.0,563.0,18,30
46,39,249.0,293.0,20,24
46,40,484.0,222.5,18,25
46,41,557.5,46.0,21,30
46,43,554.0,144.0,20,24
46,44,549.0,477.0,20,20
46,46,196.0,583.5,22,27
46,48,259.5,366.5,21,21
46,50,612.0,68.0,18,28
46,52,566.0,125.0,16,24
46,53,277.5,14.5,19,23
46,63,447.5,565.0,17,26
46,65,538.0,173.0,18,22
46,70,521.5,317.5,23,29
46,71,312.0,69.5,22,27
46,81,564.0,191.5,22,25
46,83,523.0,550.0,24,30
46,69,107.0,237.0,22,28
46,84,174.0,302.5,20,23
46,93,516.0,372.5,26,29
46,89,613.5,219.0,15,22
46,94,420.5,545.0,19,20
46,95,139.0,635.0,20,8
46,78,412.0,510.5,20,23
46,88,99.5,322.0,25,30
46,51,23.5,487.5,17,21
46,64,213.0,283.0,22,20
46,62,209.5,631.0,17,18
46,67,562.0,443.0,22,30
46,73,72.0,115.5,22,35
46,92,621.0,306.5,20,23
46,72,595.0,223.0,18,22
46,59,477.5,473.0,21,26
46,47,526.0,255.5,22,27
46,87,568.0,194.5,24,23
46,58,497.0,302.0,24,22
46,77,404.0,399.5,22,27
46,60,451.0,541.0,18,26
46,66,199.5,381.0,23,28
46,57,558.0,294.0,22,22
46,90,222.5,334.0,27,28
46,42,311.5,118.5,23,29
46,74,292.5,587.0,19,16
46,75,277.5,553.0,17,28
46,49,238.5,213.5,23,29
46,54,101.5,406.5,19,25
46,91,263.0,583.5,20,19
46,86,214.0,277.0,20,24
47,0,234.5,177.0,55,56
47,1,346.5,439.5,81,97
47,2,363.5,417.0,19,22
47,3,356.0,312.0,24,26
47,4,310.0,198.0,22,22
47,5,251.0,130.5,24,31
47,7,101.5,248.0,21,26
47,8,372.0,440.5,18,21
47,9,434.0,81.0,28,32
47,10,317.0,417.0,22,30
47,11,208.5,210.5,31,33
47,12,82.0,68.0,36,32
47,13,409.5,415.5,23,25
47,14,233.5,513.0,25,30
47,15,79.5,203.0,21,28
47,16,342.0,359.5,22,35
47,17,213.0,273.5,22,17
47,18,376.0,294.0,18,20
47,19,400.0,539.0,38,44
47,20,383.0,140.5,26,31
47,21,274.0,105.0,26,22
47,22,20.0,200.5,26,27
47,23,133.0,609.0,22,30
47,24,539.5,20.5,19,31
47,25,87.5,68.5,41,43
47,26,233.5,169.0,21,24
47,27,397.5,188.5,21,31
47,28,418.0,109.0,22,28
47,29,112.0,275.5,24,25
47,30,274.0,158.5,20,31
47,31,53.5,398.0,21,28
47,32,246.5,269.5,23,27
47,33,260.5,195.5,19,19
47,34,254.0,221.0,18,22
47,35,603.5,417.5,29,31
47,36,249.0,344.5,18,23
47,37,261.5,96.5,15,23
47,38,136.0,561.5,18,31
47,39,248.0,293.0,20,24
47,40,483.0,222.5,18,25
47,41,557.5,46.0,21,30
47,43,554.0,146.0,20,24
47,44,549.0,477.5,20,19
47,46,196.0,583.5,22,27
47,48,260.0,367.0,20,22
47,50,612.0,67.0,18,28
47,52,566.0,124.0,16,24
47,53,277.5,14.5,19,23
47,63,446.5,564.0,17,26
47,65,537.0,173.0,18,22
47,70,521.5,318.0,23,30
47,71,312.0,70.0,22,28
47,81,563.0,190.5,22,25
47,83,519.5,550.5,23,31
47,69,104.5,234.0,21,28
47,93,511.0,373.5,26,29
47,89,613.5,226.0,15,22
47,94,423.5,544.5,19,19
47,95,138.0,634.5,22,9
47,64,213.0,283.0,22,20
47,62,209.0,632.5,16,17
47,67,595.0,439.0,22,30
47,73,70.0,100.0,22,36
47,92,659.0,292.0,20,24
47,72,593.5,231.5,17,21
47,59,459.0,507.0,22,26
47,47,563.5,219.0,21,26
47,87,569.0,203.0,24,24
47,58,510.5,262.5,25,21
47,77,376.5,406.5,23,27
47,60,473.5,542.5,19,27
47,66,147.0,345.0,24,28
47,57,540.0,313.5,22,23
47,90,167.5,376.0,29,28
47,42,358.0,62.5,24,29
47,74,317.0,578.0,20,18
47,75,242.0,570.0,18,28
47,49,206.0,230.0,24,30
47,54,58.0,436.0,20,24
47,91,296.0,576.0,20,20
47,86,250.5,237.5,21,25
47,79,256.0,585.5,20,19
47,82,361.5,324.0,21,26
47,6,394.0,549.0,20,26
47,80,156.0,322.0,22,30
47,68,221.5,560.0,19,28
47,85,90.0,417.0,20,24
47,61,130.0,359.5,20,23
48,0,235.5,176.5,55,57
48,1,347.0,440.5,82,97
48,2,364.5,418.0,19,22
48,3,355.0,311.0,24,26
48,4,311.0,199.0,22,22
48,5,250.0,131.5,24,31
48,7,100.5,247.0,21,26
48,8,373.0,441.5,18,21
48,9,433.0,80.5,28,31
48,10,317.0,418.0,22,30
48,11,207.5,211.5,31,33
48,12,81.0,67.0,36,32
48,13,410.0,416.0,22,24
48,14,233.5,514.0,25,30
48,15,79.5,202.0,21,28
48,16,343.0,358.5,22,35
48,17,214.0,274.5,22,17
48,18,376.0,293.0,18,20
48,19,400.0,538.5,38,43
48,20,382.5,136.5,25,33
48,21,275.0,106.0,26,22
48,22,20.5,200.0,25,26
48,23,132.0,608.0,22,30
48,24,540.0,21.5,18,31
48,25,87.5,67.5,43,43
48,26,234.5,170.0,21,24
48,27,396.5,187.5,21,31
48,28,419.0,110.0,22,28
48,29,112.0,275.0,24,24
48,30,274.5,158.5,19,29
48,31,53.0,397.0,22,28
48,32,245.5,270.5,23,27
48,33,259.5,195.0,19,20
48,34,254.5,220.0,19,22
48,35,602.5,417.5,29,31
48,36,248.0,345.5,18,23
48,37,261.5,97.5,17,23
48,39,247.0,292.5,20,25
48,40,482.0,223.5,18,25
48,41,556.5,45.0,21,30
48,43,553.0,146.5,20,23
48,44,550.0,477.5,20,21
48,46,195.0,583.5,22,29
48,48,261.0,368.0,20,22
48,50,611.0,66.0,18,28
48,52,566.5,123.0,17,24
48,53,276.5,14.5,19,21
48,63,446.5,564.5,17,27
48,65,537.0,173.0,18,22
48,70,521.0,318.0,24,30
48,71,311.0,71.0,22,28
48,81,563.0,191.0,22,24
48,83,512.0,555.5,24,31
48,69,100.5,228.5,23,29
48,93,505.5,376.0,27,30
48,89,613.5,233.0,15,22
48,95,137.0,634.5,22,11
48,74,341.0,570.0,20,20
48,75,207.0,588.0,18,28
48,49,174.5,247.0,25,30
48,54,14.5,465.0,19,24
48,91,329.0,568.0,20,20
48,86,286.5,198.0,21,26
48,79,280.0,579.5,20,19
48,82,382.0,281.0,22,26
48,6,413.0,561.5,20,25
48,80,156.5,322.0,23,30
48,68,157.0,597.5,18,29
48,85,60.0,457.5,18,23
48,61,157.5,329.5,21,23
48,45,520.5,372.5,19,23
48,55,501.5,384.5,19,25
48,76,338.0,322.5,22,25
48,56,195.5,234.0,19,24
48,84,178.5,304.0,21,24
48,78,355.0,541.0,18,26
48,88,83.0,410.0,20,24
48,51,96.0,526.5,18,25
49,0,235.5,176.5,55,57
49,1,347.5,440.5,81,97
49,2,364.5,418.0,19,22
49,3,355.0,310.5,24,25
49,4,311.0,199.0,22,22
49,5,250.0,131.5,24,31
49,7,101.0,247.0,20,26
49,8,373.0,441.5,18,21
49,9,433.0,80.5,28,31
49,10,318.0,418.0,22,30
49,11,207.5,211.5,31,33
49,12,81.5,67.0,35,32
49,13,411.0,416.0,22,24
49,14,234.5,514.0,25,30
49,15,80.5,203.0,21,28
49,16,343.0,358.5,22,35
49,17,214.0,274.0,22,16
49,18,377.0,294.0,18,20
49,19,401.0,538.0,38,42
49,20,381.5,136.5,25,33
49,21,275.0,106.0,26,22
49,22,20.5,200.5,25,25
49,23,132.0,608.0,22,30
49,24,539.5,21.5,17,31
49,25,87.5,67.5,43,43
49,26,234.5,170.0,21,24
49,27,396.5,188.0,21,30
49,28,419.0,110.0,22,28
49,29,111.5,274.0,23,26
49,30,274.5,158.5,19,29
49,31,53.5,397.0,21,28
49,32,245.5,270.5,23,27
49,33,259.5,195.0,19,20
49,34,255.0,220.0,18,22
49,35,601.5,417.0,27,30
49,36,248.0,345.5,18,23
49,37,261.5,98.0,17,24
49,39,247.0,293.0,20,26
49,40,482.5,223.5,17,25
49,41,556.5,45.5,21,31
49,43,552.5,146.0,19,24
49,44,549.5,477.5,19,21
49,46,195.0,583.5,22,29
49,48,261.0,367.5,20,21
49,50,611.0,66.0,18,28
49,52,567.0,122.0,16,24
49,53,276.5,14.5,19,21
49,63,445.5,564.5,17,27
49,65,536.5,173.5,19,21
49,70,520.5,317.0,25,30
49,71,311.0,72.0,22,28
49,81,562.5,191.0,21,24
49,83,507.0,549.5,22,29
49,69,95.5,220.0,21,28
49,93,502.0,384.0,24,28
49,89,614.5,240.5,15,23
49,95,137.5,634.5,21,11
49,79,304.0,574.0,20,20
49,82,401.5,238.5,23,27
49,6,431.0,574.5,20,25
49,80,156.5,322.0,23,30
49,68,92.5,634.5,17,29
49,85,29.5,498.5,17,21
49,61,185.0,299.0,22,24
49,45,533.5,349.5,19,23
49,55,480.5,418.5,19,25
49,76,342.5,285.5,21,25
49,56,219.0,186.0,20,24
49,84,181.5,305.5,21,25
49,78,328.0,567.5,18,27
49,88,52.5,449.0,19,22
49,51,103.5,554.0,17,26
49,38,413.5,366.5,17,27
49,64,203.0,299.5,20,21
49,67,398.5,268.5,21,27
49,73,210.5,87.5,21,29
49,72,587.0,320.5,18,23
49,59,366.5,537.0,19,26
49,77,150.5,463.5,21,23
49,57,468.5,462.5,21,23
49,90,168.5,489.5,21,29
50,0,236.0,176.5,54,55
50,1,347.5,440.5,81,97
50,2,364.5,418.0,19,22
50,3,355.0,311.0,24,24
50,4,311.0,199.0,22,22
50,5,250.0,131.0,24,30
50,7,100.0,248.0,20,26
50,8,373.0,441.5,18,21
50,9,433.0,80.5,28,31
50,10,318.0,418.0,22,30
50,11,207.5,211.5,31,33
50,12,81.5,67.0,35,32
50,13,411.0,416.0,22,24
50,14,235.0,514.0,24,30
50,15,80.5,204.0,21,28
50,16,343.0,359.0,22,36
50,17,214.0,273.5,22,15
50,18,377.0,294.0,18,20
50,19,401.5,539.0,37,42
50,20,381.0,137.0,26,32
50,21,275.0,106.0,26,22
50,22,20.0,201.0,24,26
50,23,132.0,608.0,22,30
50,24,539.5,21.5,17,31
50,25,88.0,68.0,42,42
50,26,234.5,170.0,21,24
50,27,396.0,188.0,20,30
50,28,419.0,109.5,22,27
50,29,111.5,273.0,23,26
50,30,275.0,158.0,20,28
50,31,54.0,397.0,22,28
50,32,245.5,270.5,23,27
50,33,259.5,194.0,19,20
50,34,255.0,221.0,18,22
50,35,600.5,417.0,27,30
50,36,248.0,345.5,18,23
50,37,261.0,98.0,18,24
50,39,247.0,292.5,20,25
50,40,482.5,223.5,17,25
50,41,557.5,46.0,21,30
50,43,552.5,146.0,19,24
50,44,549.5,478.0,19,20
50,46,195.0,584.0,22,28
50,48,261.0,367.5,20,21
50,50,611.0,66.0,18,28
50,52,567.0,122.0,16,24
50,53,277.5,15.0,19,22
50,63,444.5,564.0,17,28
50,65,536.5,173.0,19,20
50,70,520.0,316.5,24,29
50,81,561.5,191.0,21,24
50,83,505.5,551.0,21,28
50,69,96.5,216.5,21,27
50,93,499.0,388.5,26,29
50,95,137.5,634.5,21,11
50,80,156.0,322.0,24,30
50,45,546.5,326.5,19,25
50,55,459.0,453.5,20,25
50,76,347.5,249.5,21,25
50,56,242.5,137.5,19,25
50,84,183.5,306.5,21,25
50,78,301.0,594.5,18,27
50,88,21.0,488.5,18,21
50,51,111.5,582.0,17,26
50,38,495.0,310.0,16,26
50,64,197.5,310.5,19,21
50,67,355.5,217.5,21,25
50,73,250.5,78.0,21,28
50,72,585.0,349.5,18,23
50,59,331.5,560.5,19,27
50,77,72.5,483.0,19,22
50,57,439.5,515.0,21,24
50,90,147.0,540.5,20,29
50,60,538.5,438.0,19,26
50,66,244.0,170.0,22,28
50,74,413.0,547.0,20,24
50,75,125.0,566.5,18,29
50,49,265.0,451.5,20,27
50,54,42.0,476.5,18,21
50,91,327.0,308.5,20,25
51,0,236.0,176.0,54,56
51,1,346.5,440.5,81,97
51,2,364.0,418.0,18,22
51,3,355.0,311.0,24,24
51,4,311.0,199.0,22,22
51,5,250.0,130.5,24,29
51,7,99.5,249.0,21,26
51,8,372.0,441.5,18,21
51,9,433.5,81.0,29,32
51,10,317.0,418.0,22,30
51,11,207.0,211.5,32,33
51,12,82.0,67.0,34,32
51,13,410.5,416.0,21,24
51,14,234.5,514.0,23,30
51,15,80.5,204.0,21,28
51,16,343.0,359.0,22,36
51,17,214.0,273.5,22,15
51,18,377.0,293.5,18,19
51,19,402.0,540.0,38,42
51,20,380.5,137.0,25,32
51,21,275.0,106.0,26,22
51,22,20.0,200.0,24,26
51,23,132.0,608.5,22,29
51,24,539.5,21.5,17,31
51,25,88.0,67.5,42,43
51,26,234.5,170.0,21,24
51,27,396.0,188.5,20,29
51,28,419.0,109.0,22,26
51,29,112.0,273.5,22,25
51,30,275.0,158.0,20,30
51,31,54.0,397.5,22,29
51,32,245.0,270.5,22,27
51,33,260.0,194.0,18,20
51,34,255.0,220.0,18,22
51,35,600.0,416.0,26,30
51,36,248.0,345.5,18,23
51,37,261.0,98.0,18,24
51,39,247.0,292.0,20,24
51,40,483.0,224.0,16,24
51,41,557.5,46.0,21,30
51,43,552.5,146.0,19,24
51,44,548.5,478.0,19,20
51,46,195.0,583.5,22,29
51,48,261.0,367.0,20,20
51,50,611.0,66.0,18,28
51,52,567.0,122.0,16,24
51,53,277.5,14.5,19,21
51,63,444.5,563.5,17,27
51,65,536.5,173.0,19,20
51,70,520.0,316.5,24,29
51,81,561.5,190.0,21,24
51,83,505.0,552.0,22,28
51,69,98.5,215.0,21,28
51,93,496.0,391.0,26,30
51,95,138.0,634.0,20,10
51,80,155.5,321.0,25,30
51,38,577.0,253.5,16,25
51,64,197.5,315.5,19,21
51,67,312.0,166.0,20,24
51,73,290.5,68.0,21,26
51,72,585.5,372.0,21,26
51,59,297.0,583.5,18,27
51,77,-5.0,502.5,18,21
51,57,411.0,567.0,22,24
51,90,125.5,592.0,19,30
51,60,560.0,413.0,20,26
51,66,254.5,117.0,21,28
51,74,444.0,536.0,20,26
51,75,86.0,568.5,18,29
51,49,277.0,517.5,20,27
51,54,31.5,492.0,17,20
51,91,340.0,228.5,20,27
51,71,200.0,367.0,20,28
51,89,449.0,414.0,16,24
51,82,309.5,96.5,21,27
51,6,414.0,547.0,20,24
51,68,66.0,514.5,18,25
51,61,255.5,205.5,21,25
52,0,235.5,177.0,55,56
52,1,348.0,440.5,80,97
52,2,364.5,418.0,19,22
52,3,357.0,312.0,24,26
52,4,311.0,198.0,22,20
52,5,255.0,130.5,24,29
52,7,103.0,248.0,20,26
52,8,373.0,441.5,18,21
52,9,437.0,83.0,28,30
52,10,318.5,415.5,23,31
52,11,212.0,210.5,32,33
52,12,87.0,69.0,36,32
52,13,411.5,416.0,23,24
52,14,235.0,511.5,24,31
52,15,81.5,204.0,21,28
52,16,343.0,359.5,22,35
52,17,213.5,273.5,23,17
52,18,378.0,294.0,18,20
52,19,402.0,540.0,38,42
52,20,386.5,140.5,25,25
52,21,275.5,106.0,27,22
52,22,20.5,200.5,25,27
52,23,136.5,611.5,21,29
52,24,541.0,20.5,18,31
52,25,89.0,69.0,42,44
52,26,234.5,170.0,21,24
52,27,402.5,192.5,21,31
52,28,420.0,107.5,22,27
52,29,116.0,275.0,24,26
52,30,274.0,159.5,20,29
52,31,55.5,399.5,23,31
52,32,248.5,269.0,23,26
52,33,262.0,197.5,20,19
52,34,255.0,221.0,18,22
52,35,604.0,417.0,26,30
52,36,253.0,344.0,18,24
52,37,262.0,94.5,16,23
52,39,252.0,294.5,20,23
52,40,486.5,222.5,19,25
52,41,558.5,46.5,21,29
52,43,557.0,143.0,18,24
52,44,548.5,477.5,19,21
52,46,199.0,584.0,22,28
52,48,258.5,366.5,21,21
52,50,615.5,71.0,19,28
52,52,566.5,127.5,15,23
52,53,278.5,14.5,19,23
52,63,445.0,564.0,18,26
52,65,538.5,173.5,19,21
52,70,522.0,317.5,24,29
52,81,563.0,191.0,22,24
52,83,504.0,553.0,22,28
52,69,100.5,213.0,21,28
52,93,494.5,395.5,27,31
52,95,138.5,634.0,21,10
52,80,164.0,322.0,24,30
52,64,197.0,322.5,18,21
52,72,586.0,398.0,22,28
52,60,583.0,389.5,20,25
52,66,266.0,65.0,20,28
52,74,476.0,527.0,20,28
52,75,48.5,569.5,19,29
52,49,290.5,583.5,19,27
52,54,22.0,507.5,16,19
52,91,354.5,149.0,19,28
52,71,168.5,452.5,19,29
52,89,402.5,467.5,17,25
52,82,292.5,37.5,21,27
52,6,419.5,545.5,19,21
52,68,33.0,492.5,18,23
52,61,289.5,165.5,21,25
52,94,446.5,541.5,19,25
52,92,597.5,279.0,19,22
52,47,312.0,143.5,22,29
52,87,592.5,184.5,23,25
52,58,537.0,189.0,26,22
52,86,453.0,258.0,22,24
52,79,499.0,409.0,20,26
52,85,95.5,529.0,17,26
52,45,608.5,195.5,19,25
52,55,287.5,596.0,19,22
52,76,329.5,102.5,23,27
52,56,439.0,291.0,20,30
52,84,269.0,388.5,22,27
52,78,280.5,445.5,23,27
52,51,293.0,552.0,20,28
53,0,235.0,177.0,54,54
53,1,347.5,439.5,79,97
53,2,363.5,417.0,19,22
53,3,358.0,313.0,24,26
53,4,310.0,197.0,22,20
53,5,256.0,130.0,24,30
53,7,104.0,248.0,20,26
53,8,372.0,440.5,18,21
53,9,438.0,84.0,28,30
53,10,318.5,414.5,23,31
53,11,213.5,209.5,31,33
53,12,88.0,70.0,36,32
53,13,411.0,415.5,24,25
53,14,234.0,511.0,24,30
53,15,81.5,204.5,21,27
53,16,342.5,359.5,21,33
53,17,212.5,273.5,23,19
53,18,378.0,295.0,18,20
53,19,402.0,540.0,38,42
53,20,389.0,141.5,24,21
53,21,274.5,105.0,27,22
53,22,20.0,201.5,26,27
53,23,136.0,613.5,22,29
53,24,541.0,19.5,20,31
53,25,89.5,70.0,43,44
53,26,233.5,169.0,21,24
53,27,405.5,194.0,21,30
53,28,420.0,106.5,22,27
53,29,117.0,276.0,24,26
53,30,273.0,160.5,20,29
53,31,56.5,401.5,23,33
53,32,249.5,268.0,23,26
53,33,263.0,198.5,20,19
53,34,254.0,222.0,18,22
53,35,605.5,417.5,27,29
53,36,254.5,341.5,17,23
53,37,261.5,93.0,15,22
53,39,253.0,295.5,20,23
53,40,488.5,221.5,21,25
53,41,559.0,47.0,20,28
53,43,558.0,140.5,18,23
53,44,547.5,476.5,19,21
53,46,199.0,584.5,22,29
53,48,258.0,365.5,22,21
53,50,615.5,74.0,19,28
53,52,566.0,129.5,16,23
53,53,278.5,13.5,21,23
53,63,444.5,563.5,19,25
53,65,539.0,173.5,20,21
53,70,522.0,317.5,24,29
53,81,562.0,191.0,22,24
53,83,502.5,553.5,21,29
53,69,101.0,210.0,20,28
53,93,491.5,399.0,27,32
53,95,139.0,634.0,20,10
53,80,167.5,323.0,23,30
53,64,195.5,328.5,17,21
53,72,585.5,424.0,23,30
53,66,277.5,15.0,19,24
53,71,136.5,537.5,19,29
53,89,355.5,520.0,17,26
53,82,274.5,-20.5,21,27
53,6,421.0,544.5,20,21
53,68,0.5,471.0,17,22
53,61,322.0,126.0,22,26
53,94,451.0,541.0,18,26
53,92,591.0,275.0,18,22
53,47,271.0,126.0,22,30
53,87,590.5,179.5,23,25
53,58,543.0,172.0,26,22
53,86,494.0,264.0,22,24
53,79,552.0,368.0,20,26
53,85,104.5,546.5,17,27
53,45,631.5,148.0,19,24
53,55,229.0,651.5,20,21
53,76,326.0,44.5,24,27
53,56,505.5,316.5,21,31
53,84,295.5,413.5,23,27
53,78,263.5,411.0,23,28
53,51,350.5,554.0,21,28
53,62,380.5,550.5,19,23
53,42,315.5,39.0,21,24
53,88,250.5,511.0,21,24
53,38,616.5,170.5,19,25
53,67,326.0,116.5,22,25
53,73,461.0,166.0,20,24
53,59,215.0,552.0,18,28
53,77,57.0,284.5,20,29
53,57,298.0,581.5,22,25
53,90,328.5,545.0,17,28
53,96,539.5,191.5,25,21
53,97,568.5,331.0,21,22
53,98,349.5,463.5,23,25
54,0,234.5,177.0,55,56
54,1,347.0,439.5,80,97
54,2,363.5,417.0,19,22
54,3,356.0,312.0,24,26
54,4,310.0,198.0,22,22
54,5,252.0,130.5,24,31
54,7,101.5,247.0,19,26
54,8,372.0,440.5,18,21
54,9,434.0,82.0,28,30
54,10,317.0,416.0,22,30
54,11,209.5,210.5,31,33
54,12,83.0,68.0,36,32
54,13,410.5,415.5,23,25
54,14,233.5,513.0,25,30
54,15,80.5,202.5,21,27
54,16,342.0,359.0,22,34
54,17,212.0,273.5,22,17
54,18,377.0,294.0,18,20
54,19,401.5,539.5,37,41
54,20,389.0,142.0,24,18
54,21,274.0,105.0,26,22
54,22,19.5,201.0,25,26
54,23,133.0,610.0,22,30
54,24,539.0,20.5,18,31
54,25,87.5,69.0,43,44
54,26,233.5,169.0,21,24
54,27,406.0,195.0,22,30
54,28,418.0,108.5,22,27
54,29,111.0,276.0,24,26
54,30,274.0,159.5,20,29
54,31,53.0,399.0,22,30
54,32,246.5,269.5,23,27
54,33,260.5,196.0,19,20
54,34,254.0,221.0,18,22
54,35,601.5,416.5,27,29
54,36,254.5,339.5,17,23
54,37,261.0,96.0,16,24
54,39,248.5,293.0,19,24
54,40,484.0,222.5,18,25
54,41,557.0,45.5,20,29
54,43,557.0,137.5,18,23
54,44,548.5,477.0,19,20
54,46,196.0,584.0,22,28
54,48,259.5,366.5,21,21
54,50,612.0,68.5,18,29
54,52,564.0,130.5,16,23
54,53,277.0,14.0,20,22
54,63,443.0,563.5,18,27
54,65,537.0,172.5,18,21
54,70,520.0,316.5,24,29
54,81,561.0,192.0,22,24
54,83,498.5,559.5,23,29
54,69,91.0,211.0,24,28
54,95,138.0,634.0,20,10
54,80,169.5,324.0,23,30
54,66,286.0,-36.0,18,22
54,6,423.0,542.5,20,19
54,94,455.0,539.0,18,28
54,92,582.5,269.0,17,22
54,47,228.0,108.0,22,30
54,87,587.5,172.5,21,25
54,58,552.5,146.0,19,24
54,86,533.0,269.0,22,24
54,79,604.0,326.0,20,28
54,85,112.5,564.5,17,27
54,45,653.0,99.5,20,25
54,55,170.5,707.5,21,21
54,76,320.0,-13.5,24,27
54,56,571.5,340.5,21,33
54,84,320.5,438.5,23,27
54,78,245.5,376.0,25,28
54,51,413.0,547.5,20,27
54,62,407.0,537.0,20,24
54,42,306.5,34.0,21,24
54,88,299.5,526.5,21,25
54,38,658.5,121.0,19,24
54,67,310.5,80.5,23,25
54,73,526.5,191.0,19,22
54,59,176.0,551.5,18,29
54,77,43.5,227.5,21,31
54,57,252.0,606.0,22,26
54,90,380.0,550.0,16,28
54,96,537.5,190.5,25,21
54,97,566.5,329.0,21,22
54,98,348.5,462.5,23,25
54,60,575.5,221.0,17,24
54,74,541.5,598.5,19,17
54,75,124.0,567.5,18,29
54,49,338.0,542.0,18,26
54,54,26.0,471.5,18,21
54,91,302.0,95.5,22,27
54,99,397.0,189.0,20,30
54,100,382.0,137.5,26,33
54,101,249.0,346.0,18,24
54,102,156.5,322.0,23,30
54,103,214.0,283.5,22,19
54,104,296.0,147.5,24,27
54,105,203.5,318.5,19,23
54,106,492.0,385.5,24,29
55,0,234.5,177.5,55,57
55,1,346.5,440.5,81,97
55,2,363.5,418.0,19,22
55,3,355.0,312.0,24,26
55,4,310.0,199.0,22,22
55,5,250.0,131.0,24,30
55,7,101.5,247.0,19,26
55,8,372.0,441.5,18,21
55,9,433.5,81.5,27,31
55,10,317.5,417.5,21,29
55,11,209.0,211.0,32,34
55,12,82.0,68.0,36,32
55,13,410.5,414.5,23,25
55,14,233.5,513.5,25,29
55,15,80.0,201.5,20,27
55,16,342.5,360.0,21,34
55,17,212.0,274.0,22,16
55,18,377.0,294.0,18,20
55,19,401.5,540.0,37,42
55,20,391.5,144.0,23,14
55,21,274.0,106.0,26,22
55,22,20.0,200.0,26,26
55,23,132.0,609.0,22,30
55,24,539.0,21.5,18,31
55,25,88.0,69.0,44,44
55,26,233.5,169.0,21,24
55,27,409.0,196.0,22,30
55,28,418.0,110.0,22,28
55,29,109.0,276.0,24,26
55,30,274.0,159.5,20,29
55,31,52.0,398.5,22,29
55,32,246.0,270.5,24,27
55,33,259.5,196.0,19,20
55,34,254.0,221.0,18,22
55,35,599.5,417.0,27,30
55,36,256.0,337.5,16,23
55,37,261.0,97.0,16,24
55,39,246.5,293.0,19,24
55,40,483.0,222.5,18,25
55,41,556.5,45.5,21,29
55,43,558.0,135.5,18,23
55,44,549.5,477.0,21,20
55,46,195.0,583.5,22,29
55,48,260.5,367.5,21,21
55,50,611.0,67.0,18,28
55,52,563.0,132.0,16,22
55,53,277.5,15.0,19,22
55,63,442.5,564.0,17,28
55,65,537.0,173.0,18,22
55,70,519.0,317.0,24,30
55,81,560.5,192.5,21,25
55,83,498.0,562.5,24,29
55,69,89.0,210.0,24,28
55,95,137.5,634.0,21,12
55,80,173.5,325.0,23,30
55,66,297.5,-87.5,17,19
55,6,425.5,541.0,19,18
55,87,586.0,167.5,20,25
55,58,565.0,123.0,16,24
55,51,473.0,545.5,20,25
55,62,434.0,524.5,20,25
55,42,299.5,29.5,19,23
55,88,348.5,542.0,21,24
55,38,702.5,73.0,21,24
55,67,297.5,45.5,23,25
55,73,593.5,216.5,19,21
55,59,137.5,551.5,17,29
55,77,31.0,169.5,20,33
55,57,207.0,631.0,22,28
55,90,433.0,556.0,16,28
55,96,537.5,190.5,25,21
55,97,566.5,330.0,21,22
55,98,348.5,462.5,23,25
55,60,582.5,161.0,17,24
55,74,573.5,616.5,19,13
55,75,127.0,566.5,18,29
55,49,357.0,555.5,18,25
55,54,23.5,462.0,17,22
55,91,292.0,47.5,22,27
55,99,397.0,188.5,20,29
55,100,382.0,137.0,26,32
55,101,249.0,346.0,18,24
55,102,156.5,322.0,23,30
55,103,214.0,283.5,22,19
55,104,293.0,147.5,22,27
55,105,205.5,319.0,19,22
55,106,491.0,385.5,24,29
55,93,446.0,484.0,22,28
55,64,428.5,356.5,19,23
55,72,611.0,529.5,18,15
55,71,413.5,379.5,15,25
55,89,338.0,543.5,18,27
55,68,189.0,229.0,20,26
55,61,453.5,146.5,19,25
56,0,235.5,177.0,55,58
56,1,347.0,440.5,82,97
56,2,364.5,418.0,19,22
56,3,355.0,311.0,24,26
56,4,311.0,199.0,22,22
56,5,250.0,131.0,24,30
56,7,101.0,247.0,18,26
56,8,373.0,441.5,18,21
56,9,432.5,80.5,27,31
56,10,317.5,418.0,21,30
56,11,208.0,211.5,32,33
56,12,81.0,67.0,36,32
56,13,410.5,414.5,21,25
56,14,234.0,514.0,26,30
56,15,80.0,202.0,20,28
56,16,343.0,360.0,22,34
56,17,212.5,274.0,21,16
56,18,376.0,293.0,18,20
56,19,401.5,539.5,39,41
56,21,275.0,106.0,26,22
56,22,20.5,200.0,25,26
56,23,132.0,608.0,22,30
56,24,540.0,21.5,18,31
56,25,88.5,68.0,43,44
56,26,234.5,170.0,21,24
56,28,418.5,110.0,21,28
56,29,109.5,276.0,23,26
56,30,274.5,158.5,19,29
56,31,52.0,398.5,22,29
56,32,245.5,270.5,23,27
56,33,259.5,195.0,19,20
56,34,255.0,220.0,18,22
56,35,598.5,417.0,27,30
56,37,261.5,98.0,17,24
56,39,246.5,292.0,19,24
56,40,482.5,223.5,17,25
56,41,557.5,45.5,21,31
56,44,550.0,478.0,20,20
56,46,195.0,583.0,22,28
56,48,260.5,368.0,21,22
56,50,611.0,66.0,18,28
56,53,277.5,15.0,19,22
56,63,442.5,564.0,17,28
56,65,537.0,173.0,18,22
56,70,519.0,317.5,24,29
56,81,560.5,192.5,21,25
56,83,496.5,563.0,25,30
56,69,86.5,208.5,23,29
56,95,137.5,633.5,21,11
56,58,576.0,100.5,12,25
56,51,534.0,543.5,20,25
56,60,589.0,101.5,16,23
56,74,606.0,634.5,18,11
56,75,126.0,566.5,18,29
56,49,376.5,569.5,17,25
56,54,22.0,455.5,18,21
56,91,282.0,0.5,22,27
56,99,397.0,187.5,20,29
56,100,382.0,136.0,26,32
56,101,248.0,345.0,18,24
56,102,155.5,321.0,23,30
56,103,213.0,282.5,22,19
56,104,292.0,147.5,22,25
56,105,208.0,321.5,20,23
56,106,487.5,386.0,27,30
56,93,432.5,509.5,21,27
56,64,495.0,367.0,20,24
56,72,618.5,571.0,17,12
56,71,484.0,366.5,14,23
56,89,313.5,571.5,19,27
56,68,233.5,147.5,21,25
56,61,506.5,137.0,19,24
56,94,552.5,369.0,15,24
56,92,415.5,140.5,19,25
56,86,569.5,366.0,21,24
56,85,255.0,553.0,18,28
56,45,585.0,142.0,18,24
56,76,467.5,116.5,21,25
56,84,377.5,505.5,21,27
57,0,235.5,177.0,55,58
57,1,347.0,440.5,82,97
57,2,364.5,418.0,19,22
57,3,355.0,311.0,24,26
57,4,311.0,199.0,22,22
57,5,250.0,130.5,24,29
57,7,100.5,247.0,19,26
57,8,373.0,441.5,18,21
57,9,432.5,80.0,27,30
57,10,317.5,418.0,21,30
57,11,208.0,211.5,32,33
57,12,81.5,67.0,35,32
57,13,411.0,414.5,22,25
57,14,234.5,514.0,25,30
57,15,79.5,202.0,21,28
57,16,343.0,360.0,22,34
57,17,213.0,274.0,22,16
57,18,376.0,293.0,18,20
57,19,402.0,538.5,38,41
57,21,275.0,106.0,26,22
57,22,20.5,200.0,25,26
57,23,132.0,608.0,22,30
57,24,539.5,21.5,17,31
57,25,88.5,68.0,43,44
57,26,234.5,170.0,21,24
57,28,418.0,110.0,20,28
57,29,109.5,275.0,23,26
57,30,275.0,158.5,20,29
57,31,52.0,399.0,22,30
57,32,245.5,270.5,23,27
57,33,259.5,195.0,19,20
57,34,255.0,220.0,18,22
57,35,598.5,417.5,27,29
57,37,261.0,98.0,18,24
57,39,246.5,291.5,19,25
57,40,482.0,223.5,18,25
57,41,557.0,45.5,22,31
57,44,550.0,478.0,20,20
57,46,195.0,583.0,22,28
57,48,260.5,367.5,21,21
57,50,611.0,66.0,18,28
57,53,277.0,14.5,18,21
57,63,442.5,564.0,17,28
57,65,537.0,173.0,20,22
57,70,519.0,317.0,24,28
57,81,560.5,193.0,21,24
57,83,495.0,563.0,24,30
57,69,84.0,207.0,24,30
57,95,137.5,634.0,21,10
57,58,587.0,78.5,8,25
57,75,125.0,566.5,18,29
57,54,18.5,455.0,19,20
57,99,396.0,187.5,20,29
57,100,381.5,136.0,25,32
57,101,248.0,345.0,18,24
57,102,155.0,321.0,24,30
57,103,213.0,282.5,22,19
57,104,293.5,152.0,23,26
57,105,208.0,322.0,20,24
57,106,486.0,384.5,26,29
57,93,413.0,545.5,20,27
57,64,561.5,378.0,19,24
57,72,626.0,612.5,16,9
57,71,555.0,353.0,12,22
57,89,289.5,600.0,19,28
57,68,277.5,66.0,21,26
57,61,566.0,123.0,16,24
57,94,582.0,319.0,14,24
57,92,364.0,100.5,20,25
57,86,597.0,396.5,20,23
57,85,300.5,557.0,19,28
57,45,573.5,136.0,17,24
57,76,511.0,132.5,20,25
57,84,405.0,535.5,20,27
57,52,558.5,139.0,17,24
57,80,419.5,358.5,21,25
57,97,407.5,170.5,21,25
57,98,340.5,515.5,21,25
58,0,235.5,177.0,55,58
58,1,347.5,440.5,81,97
58,2,364.5,418.0,19,22
58,3,355.0,311.0,24,26
58,4,311.0,199.5,22,23
58,5,249.5,130.5,23,29
58,7,100.5,248.0,19,26
58,8,373.0,441.5,18,21
58,9,432.5,80.0,27,30
58,10,318.0,418.0,22,30
58,11,208.0,211.5,32,33
58,12,81.5,67.0,35,32
58,13,411.5,414.5,23,25
58,14,234.5,514.0,25,30
58,15,79.5,202.5,23,29
58,16,343.0,360.0,22,34
58,17,213.0,274.5,22,17
58,18,376.0,293.0,18,20
58,19,402.0,538.5,38,41
58,21,275.0,106.0,26,22
58,22,20.5,200.0,25,26
58,23,132.0,608.0,22,30
58,24,539.5,21.5,17,31
58,25,88.5,68.0,43,44
58,26,234.5,170.0,21,24
58,28,418.0,110.0,20,28
58,29,109.5,275.0,23,26
58,30,275.0,158.5,20,29
58,31,51.5,398.5,23,31
58,32,245.5,271.0,23,26
58,33,259.5,195.0,19,20
58,34,255.0,220.0,18,22
58,35,598.5,416.5,27,31
58,37,261.0,97.5,18,23
58,39,246.5,291.5,19,25
58,40,482.5,223.5,17,25
58,41,557.0,45.5,22,31
58,44,550.0,477.5,20,21
58,46,195.0,583.0,22,28
58,48,261.0,367.5,20,21
58,50,611.0,66.0,18,28
58,53,276.5,15.0,19,22
58,63,442.0,564.5,18,27
58,65,536.5,172.5,19,21
58,70,519.0,317.0,24,28
58,81,560.5,192.0,21,24
58,83,493.5,563.5,23,31
58,69,80.0,202.5,22,29
58,95,137.0,635.0,20,10
58,75,125.0,567.0,18,30
58,54,15.0,456.5,18,19
58,99,396.0,187.5,20,29
58,100,381.5,136.0,25,32
58,101,249.0,346.0,18,24
58,102,155.0,321.5,24,31
58,104,294.0,155.0,22,26
58,105,209.0,318.0,20,24
58,106,485.0,385.0,26,30
58,93,396.5,577.5,19,27
58,61,622.0,111.0,14,24
58,94,612.5,269.0,13,24
58,92,312.0,61.0,20,26
58,86,624.0,427.5,20,23
58,85,346.5,560.5,19,29
58,45,565.5,123.0,15,24
58,76,553.5,146.5,19,23
58,84,432.5,566.0,21,26
58,52,557.0,142.0,18,24
58,80,492.0,368.5,20,25
58,97,368.0,131.0,20,26
58,98,339.0,528.5,20,25
58,62,560.5,425.5,21,27
58,96,400.5,117.5,23,25
58,51,415.0,546.0,20,26
58,49,336.5,550.5,19,25
59,0,235.5,177.5,55,57
59,1,346.5,440.5,81,97
59,2,363.5,418.0,19,22
59,3,355.0,312.0,24,26
59,4,311.0,199.0,22,22
59,5,249.5,130.5,23,29
59,7,100.5,248.0,19,26
59,8,372.0,441.5,18,21
59,9,433.0,80.0,28,30
59,10,317.0,418.0,22,30
59,11,207.5,211.5,31,33
59,12,82.0,67.0,34,32
59,13,411.0,415.5,24,25
59,14,233.5,514.0,25,30
59,15,79.0,202.0,22,28
59,16,342.5,360.0,23,34
59,17,213.0,274.0,22,18
59,18,376.0,294.0,18,20
59,19,401.5,539.0,37,42
59,21,274.5,106.0,27,22
59,22,20.5,200.5,25,25
59,23,132.0,608.0,22,30
59,24,540.0,21.5,18,31
59,25,88.5,68.5,43,43
59,26,234.5,170.0,21,24
59,28,418.0,110.0,20,28
59,29,110.0,275.5,22,27
59,30,275.0,158.5,20,29
59,31,51.5,399.0,23,32
59,32,245.5,271.0,23,26
59,33,259.5,195.0,19,20
59,34,255.0,221.0,18,22
59,35,598.5,417.0,27,30
59,37,261.0,97.0,18,22
59,39,246.5,292.0,19,26
59,40,482.5,224.0,17,24
59,41,557.0,46.0,22,30
59,44,550.0,477.5,20,21
59,46,195.0,584.0,22,28
59,48,261.0,367.0,20,20
59,50,611.0,66.0,18,28
59,53,277.5,15.0,19,22
59,63,442.0,564.0,18,26
59,65,536.0,172.0,18,22
59,70,519.0,317.0,24,30
59,81,560.5,192.5,21,25
59,83,489.0,565.0,24,32
59,69,76.5,199.5,21,29
59,95,137.0,635.0,20,10
59,75,124.0,566.5,18,31
59,54,11.0,456.5,18,19
59,99,396.0,188.5,20,29
59,100,381.0,137.0,26,32
59,101,248.0,346.0,18,24
59,102,155.0,322.0,24,30
59,104,294.0,158.0,22,24
59,105,217.5,318.5,19,21
59,106,476.0,388.5,28,29
59,93,379.5,609.0,17,26
59,61,678.5,99.5,13,23
59,45,556.0,114.0,14,24
59,76,596.0,161.0,18,22
59,52,553.5,145.0,19,24
59,80,564.5,378.5,19,23
59,97,328.0,91.0,20,26
59,98,336.5,541.5,19,25
59,62,598.5,398.5,21,27
59,96,373.0,103.0,22,26
59,51,411.0,547.0,20,26
59,49,331.5,550.5,19,25
59,36,454.0,298.5,16,23
59,43,562.0,131.0,16,24
59,87,424.5,114.5,21,27
59,88,510.5,455.5,21,25
59,57,103.0,528.0,20,22
60,0,235.5,176.5,55,57
60,1,346.5,439.5,81,97
60,2,363.5,417.0,19,22
60,3,356.0,311.0,24,26
60,4,311.0,198.0,22,22
60,5,249.0,130.0,24,30
60,7,100.5,247.0,21,26
60,8,372.0,440.5,18,21
60,9,434.0,80.0,28,30
60,10,317.0,417.0,22,30
60,11,208.0,210.5,30,33
60,12,82.5,67.0,35,32
60,13,411.0,414.5,24,25
60,14,234.0,513.0,24,30
60,15,78.5,202.5,21,27
60,16,342.0,359.0,22,34
60,17,213.0,273.0,22,18
60,18,377.0,293.0,18,20
60,19,401.0,539.0,38,42
60,21,274.5,105.0,27,22
60,22,20.5,200.0,25,26
60,23,132.5,608.0,21,30
60,24,540.0,20.5,18,31
60,25,88.5,67.5,43,43
60,26,234.5,169.0,21,24
60,28,418.0,109.0,20,28
60,29,110.5,275.0,23,26
60,30,275.0,158.0,20,28
60,31,52.0,398.5,24,31
60,32,246.5,270.5,23,25
60,33,260.5,194.0,19,20
60,34,255.0,220.0,18,22
60,35,598.5,416.5,27,29
60,37,261.5,97.0,17,24
60,39,247.5,291.5,19,25
60,40,483.0,223.0,18,24
60,41,557.5,45.5,21,29
60,44,549.0,477.0,20,20
60,46,196.0,583.0,22,28
60,48,260.5,366.5,19,21
60,50,612.0,67.0,18,28
60,53,277.5,14.0,19,22
60,63,441.0,563.5,18,25
60,65,536.5,172.0,17,22
60,70,518.5,316.0,25,30
60,81,560.5,192.5,23,25
60,83,486.0,565.5,24,31
60,69,73.5,196.5,21,29
60,95,137.5,634.5,19,9
60,75,124.0,566.0,18,30
60,54,8.5,456.0,17,18
60,99,397.0,188.5,20,31
60,100,381.5,137.0,27,34
60,101,248.5,345.0,17,24
60,102,154.5,322.0,23,30
60,104,294.0,161.0,22,24
60,105,220.0,317.0,18,22
60,106,471.0,387.5,26,29
60,45,546.5,104.0,13,24
60,76,638.5,176.5,17,21
60,52,552.5,146.0,19,24
60,62,636.0,371.0,22,28
60,96,345.0,88.5,22,25
60,51,412.0,547.5,20,25
60,49,327.5,550.5,19,25
60,36,495.5,290.0,15,22
60,43,565.0,124.5,16,25
60,87,391.0,103.0,22,28
60,88,552.0,440.0,20,26
60,57,74.0,510.0,20,22
60,78,272.5,208.0,23,28
60,73,589.5,255.5,17,23
60,59,68.0,513.5,18,23
60,103,139.0,231.0,22,26
60,86,587.5,390.5,19,25
61,0,236.0,177.0,54,56
61,1,347.0,440.0,80,98
61,2,364.5,418.0,19,22
61,3,357.0,312.0,24,26
61,4,311.0,197.5,22,19
61,5,254.5,131.0,25,30
61,7,103.0,247.0,20,26
61,8,373.0,441.5,18,21
61,9,436.5,83.0,27,30
61,10,318.0,415.0,22,30
61,11,212.5,210.0,31,32
61,12,87.5,69.5,35,31
61,13,411.5,415.5,23,25
61,14,234.5,511.0,25,30
61,15,80.5,203.5,21,27
61,16,343.0,360.0,22,34
61,17,213.5,273.0,23,18
61,18,378.0,294.0,18,20
61,19,401.5,539.5,37,41
61,21,276.0,106.0,26,22
61,22,20.5,200.5,25,27
61,23,136.5,611.5,21,29
61,24,541.0,20.5,18,31
61,25,89.5,68.0,43,44
61,26,234.5,169.5,21,23
61,28,419.5,107.5,21,27
61,29,115.0,275.0,24,26
61,30,274.0,159.5,20,29
61,31,55.5,400.5,23,33
61,32,248.5,269.5,23,27
61,33,262.0,197.5,20,19
61,34,255.0,221.0,18,22
61,35,603.5,417.5,27,29
61,37,262.0,94.5,16,23
61,39,251.5,294.5,19,23
61,40,486.5,221.5,19,25
61,41,559.0,46.5,20,29
61,44,548.5,477.5,19,21
61,46,199.0,584.0,22,28
61,48,258.0,366.5,20,21
61,50,615.5,71.0,19,28
61,53,278.5,15.0,19,22
61,63,441.0,564.0,16,26
61,65,538.0,173.0,18,22
61,70,519.0,317.0,24,30
61,81,562.0,193.0,22,26
61,83,483.0,567.0,24,30
61,95,138.0,634.0,20,10
61,75,130.5,563.5,17,29
61,99,402.5,192.5,21,31
61,100,387.0,140.5,26,25
61,101,252.5,343.5,17,25
61,102,164.0,322.5,24,29
61,105,224.5,315.5,19,21
61,106,467.0,388.5,26,29
61,52,556.5,143.0,19,24
61,51,418.5,546.5,19,21
61,36,538.5,282.0,15,22
61,43,566.5,127.0,15,24
61,87,359.5,91.0,21,28
61,88,595.0,425.0,20,26
61,57,46.0,491.5,20,21
61,78,278.5,180.0,23,28
61,73,595.0,265.5,16,23
61,59,53.5,506.5,19,21
61,103,125.5,220.0,21,26
61,86,588.0,393.0,18,26
61,56,495.5,495.0,19,30
61,20,508.5,236.0,21,22
61,27,485.0,273.5,22,25
61,6,513.0,383.5,18,21
61,67,340.0,83.5,24,27
61,77,78.0,138.0,22,32
61,90,500.5,480.5,19,29
61,71,600.5,213.5,19,23
61,68,435.0,133.0,24,24
61,94,610.5,209.0,17,22
61,92,314.5,284.5,23,27
61,85,377.5,543.5,21,27
61,93,286.0,593.5,20,25
61,97,261.0,256.0,24,28
62,0,234.0,177.0,54,56
62,1,347.0,439.5,80,97
62,2,363.5,417.0,19,22
62,3,356.0,311.5,24,25
62,4,310.0,198.0,22,22
62,5,251.0,130.0,24,30
62,7,101.0,248.0,20,26
62,8,372.0,440.5,18,21
62,9,433.5,81.0,27,30
62,10,318.0,417.0,22,30
62,11,208.5,210.5,31,33
62,12,83.0,68.0,36,32
62,13,410.5,415.5,23,25
62,14,234.0,513.0,24,30
62,15,79.5,203.0,21,28
62,16,342.0,359.0,22,34
62,17,212.0,273.0,22,18
62,18,376.0,294.0,18,20
62,19,401.5,539.0,37,42
62,21,274.0,105.0,26,22
62,22,19.5,201.5,25,27
62,23,134.0,609.5,22,29
62,24,539.5,20.5,19,31
62,25,87.0,68.5,42,43
62,26,233.5,169.0,21,24
62,28,418.0,108.5,22,27
62,29,112.0,275.5,24,27
62,30,273.5,159.0,21,28
62,31,52.5,400.0,23,30
62,32,246.5,270.0,23,26
62,33,260.5,195.5,19,19
62,34,254.5,221.0,17,22
62,35,601.5,416.0,27,30
62,37,261.0,96.5,16,23
62,39,248.5,292.5,19,23
62,40,484.0,222.5,18,25
62,41,557.0,46.0,20,30
62,44,549.0,476.5,20,21
62,46,196.0,584.0,22,28
62,48,259.0,366.5,20,21
62,50,612.0,68.0,18,28
62,53,276.5,14.5,19,23
62,63,440.5,563.0,17,26
62,65,536.0,172.5,18,21
62,70,518.0,316.0,24,30
62,81,560.0,192.0,22,26
62,83,484.0,566.0,22,28
62,95,138.0,635.0,20,10
62,75,133.5,562.5,17,29
62,99,398.0,189.5,20,29
62,100,382.5,138.0,25,30
62,101,249.0,345.0,18,24
62,102,157.5,322.0,23,30
62,105,221.5,313.0,19,22
62,106,469.5,383.5,25,29
62,52,553.5,144.0,19,24
62,51,415.0,546.5,20,23
62,43,566.0,123.0,14,24
62,57,20.0,477.0,16,18
62,78,280.5,152.0,23,28
62,73,597.0,273.0,16,22
62,59,37.0,500.0,18,20
62,103,109.5,210.0,21,28
62,86,588.0,396.5,18,25
62,56,481.0,515.5,18,29
62,20,525.5,250.0,21,24
62,27,496.5,285.5,21,25
62,6,526.0,356.5,18,21
62,67,345.0,89.5,24,27
62,77,83.5,133.0,21,32
62,90,511.5,466.5,19,29
62,71,619.0,180.0,20,24
62,68,473.0,135.0,24,24
62,94,615.0,180.0,18,22
62,92,301.0,330.0,24,28
62,85,396.5,539.0,21,26
62,93,251.5,601.5,19,25
62,97,222.5,281.5,25,29
62,104,192.5,401.0,19,28
62,96,301.0,67.0,22,28
63,0,234.5,177.0,55,56
63,1,346.5,440.0,81,98
63,2,363.5,418.0,19,22
63,3,356.0,311.0,24,24
63,4,310.0,198.5,22,21
63,5,250.0,131.0,24,30
63,7,100.0,248.0,20,26
63,8,372.0,441.5,18,21
63,9,433.5,81.0,27,30
63,10,317.0,417.0,22,30
63,11,208.5,210.5,31,33
63,12,81.5,68.0,35,32
63,13,410.5,415.5,23,25
63,14,234.0,513.0,24,30
63,15,80.0,203.0,22,28
63,16,342.0,359.0,22,36
63,17,212.0,272.5,22,17
63,18,376.0,294.0,18,20
63,19,402.0,540.0,36,42
63,21,274.5,106.0,25,22
63,22,20.0,201.5,26,27
63,23,133.0,609.0,22,30
63,24,539.5,20.5,19,31
63,25,87.0,68.5,42,43
63,26,233.5,169.5,21,23
63,28,418.0,109.0,22,28
63,29,111.0,275.5,24,27
63,30,274.0,159.0,20,28
63,31,52.5,399.0,23,30
63,32,246.0,270.0,22,26
63,33,260.5,195.0,19,20
63,34,254.5,221.0,17,22
63,35,600.5,415.5,27,31
63,37,261.5,97.0,15,24
63,39,247.5,292.0,19,24
63,40,483.0,223.0,18,24
63,41,557.0,46.0,20,30
63,44,549.0,477.0,20,20
63,46,195.5,584.0,21,28
63,48,260.0,366.5,20,21
63,50,612.0,67.0,18,28
63,53,276.5,15.5,19,23
63,63,440.0,564.0,18,26
63,65,536.0,173.0,18,22
63,70,518.0,317.0,24,30
63,81,559.0,192.0,22,26
63,83,482.5,570.0,23,28
63,95,138.0,635.0,22,10
63,75,137.0,561.0,16,28
63,99,397.0,188.0,20,30
63,100,381.5,137.0,25,32
63,101,248.0,345.5,18,23
63,102,155.5,322.0,23,30
63,105,224.0,309.0,20,24
63,106,466.0,381.5,26,29
63,52,553.5,145.5,19,25
63,51,414.0,547.0,20,24
63,43,566.5,122.0,15,24
63,57,-6.5,460.5,13,17
63,73,604.0,278.0,14,24
63,86,588.0,404.5,20,25
63,56,467.0,537.0,18,28
63,20,544.5,265.5,21,25
63,27,508.5,298.0,21,24
63,6,540.5,331.0,17,22
63,67,351.0,95.0,24,28
63,77,90.5,127.0,21,32
63,90,522.5,454.0,19,30
63,71,639.5,148.0,21,24
63,68,512.0,137.0,24,24
63,94,621.5,152.0,19,22
63,92,287.5,376.0,25,28
63,85,415.5,535.0,23,26
63,93,217.0,610.5,20,25
63,97,185.5,307.0,25,30
63,104,163.5,472.0,19,28
63,96,276.5,54.5,21,29
63,55,105.5,549.0,17,20
63,89,219.0,557.0,18,28
63,49,326.5,554.0,19,24
63,87,301.0,68.5,22,29
64,0,235.5,177.0,55,58
64,1,347.0,440.5,82,97
64,2,364.5,418.0,19,22
64,3,355.0,310.5,24,25
64,4,311.0,199.0,22,22
64,5,249.0,131.0,24,30
64,7,99.0,248.0,20,26
64,8,373.0,441.5,18,21
64,9,433.0,80.5,28,31
64,10,318.0,418.0,22,30
64,11,207.5,211.5,31,33
64,12,81.5,67.0,35,32
64,13,411.5,414.5,23,25
64,14,234.5,514.0,25,30
64,15,79.5,203.5,21,29
64,16,343.0,359.0,22,36
64,17,213.0,273.5,22,17
64,18,377.0,293.0,18,20
64,19,401.5,540.0,37,42
64,21,275.0,106.0,26,22
64,22,21.0,201.0,26,28
64,23,132.0,608.0,22,30
64,24,540.0,21.5,18,31
64,25,87.5,68.0,41,42
64,26,234.5,170.0,21,24
64,28,418.0,110.0,20,28
64,29,110.0,275.5,24,27
64,30,274.5,158.5,19,27
64,31,51.5,398.5,23,29
64,32,245.0,271.0,22,26
64,33,259.5,194.0,19,20
64,34,255.0,220.5,18,21
64,35,599.5,414.5,27,31
64,37,261.5,98.0,17,24
64,39,246.5,291.5,19,25
64,40,482.0,223.5,18,25
64,41,557.5,45.5,21,31
64,44,550.0,478.0,20,20
64,46,194.5,583.0,21,28
64,48,260.5,367.5,21,21
64,50,611.0,66.5,18,29
64,53,277.5,15.0,19,22
64,63,439.0,564.5,18,25
64,65,537.0,173.5,18,23
64,70,518.5,316.5,23,29
64,81,559.5,193.0,21,24
64,83,480.5,572.5,23,29
64,95,138.5,635.0,21,10
64,99,396.0,187.0,20,30
64,100,381.0,137.0,26,34
64,101,247.0,346.0,18,24
64,102,154.5,321.0,23,30
64,105,226.0,314.0,20,24
64,106,463.5,382.5,27,31
64,52,552.5,146.5,19,25
64,51,413.0,547.5,20,25
64,43,567.0,122.5,16,25
64,57,-33.5,443.5,13,15
64,73,605.5,280.5,15,23
64,86,588.0,407.5,20,25
64,104,134.0,542.5,18,29
64,96,252.5,42.0,21,30
64,55,104.5,523.5,17,19
64,89,207.0,551.0,18,28
64,49,323.0,559.0,18,24
64,87,271.0,56.5,22,29
64,47,49.5,317.5,19,25
64,98,216.0,559.5,18,27
64,45,414.5,91.5,19,27
65,0,235.5,177.0,55,58
65,1,347.5,440.5,81,97
65,2,364.5,418.0,19,22
65,3,355.0,310.5,24,25
65,4,311.0,199.0,22,22
65,5,249.0,131.0,24,30
65,7,99.5,247.5,21,25
65,8,372.5,441.5,19,21
65,9,433.0,80.5,28,31
65,10,318.0,419.0,22,30
65,11,207.5,211.5,31,33
65,12,81.5,67.0,35,32
65,13,411.5,414.5,23,25
65,14,234.0,514.0,26,30
65,15,79.5,203.5,21,29
65,16,343.0,359.0,22,36
65,17,213.5,274.0,23,18
65,18,377.0,293.0,18,20
65,19,401.0,540.0,36,42
65,21,275.0,106.0,26,22
65,22,21.0,201.0,26,28
65,23,132.0,607.5,22,31
65,24,540.0,21.5,18,31
65,25,87.5,67.5,41,43
65,26,234.5,170.0,21,24
65,28,418.0,110.0,20,28
65,29,109.0,276.0,24,26
65,30,274.5,157.5,19,27
65,31,51.5,398.0,23,30
65,32,245.0,271.0,22,26
65,33,259.5,195.0,19,20
65,34,255.0,220.5,18,21
65,35,599.0,418.0,28,30
65,37,262.0,98.0,18,24
65,39,246.5,291.5,19,25
65,40,482.0,223.5,18,25
65,41,557.5,45.5,21,31
65,44,550.0,478.0,20,20
65,46,194.5,583.0,21,28
65,48,260.5,367.5,21,21
65,50,611.0,66.5,18,29
65,53,277.5,14.5,19,21
65,63,439.0,564.0,18,24
65,65,537.0,173.0,18,24
65,70,518.5,316.0,23,28
65,81,560.0,194.0,20,24
65,83,479.5,572.0,23,30
65,95,138.5,635.0,21,10
65,99,396.0,187.0,20,30
65,100,381.0,137.0,26,34
65,101,247.0,346.0,18,24
65,102,154.0,321.0,24,30
65,105,228.0,321.5,20,25
65,106,461.0,382.5,28,31
65,52,552.5,146.0,19,24
65,51,413.0,547.5,20,27
65,43,566.0,122.5,16,25
65,73,604.5,282.0,15,24
65,86,590.5,408.5,23,25
65,55,103.0,498.0,16,20
65,89,195.0,544.0,18,28
65,49,325.0,567.5,20,25
65,87,241.0,45.0,22,30
65,47,33.5,342.5,19,25
65,98,196.5,565.0,19,28
65,45,386.0,88.0,20,28
65,78,301.0,68.5,22,29
65,103,81.0,191.0,22,30
65,75,181.0,395.5,20,23
65,56,202.5,506.5,17,23
65,97,167.5,493.5,21,29
66,0,235.0,177.0,54,58
66,1,347.0,440.5,82,97
66,2,364.5,418.0,19,22
66,3,355.0,310.5,24,25
66,4,311.0,199.0,22,22
66,5,249.0,131.0,24,30
66,7,100.0,247.0,20,26
66,8,372.5,441.5,19,21
66,9,433.5,80.5,29,31
66,10,317.0,419.0,22,30
66,11,207.5,211.5,31,33
66,12,81.5,67.0,35,32
66,13,412.5,415.0,23,26
66,14,234.0,514.0,26,30
66,15,80.0,202.5,22,29
66,16,343.0,359.0,22,36
66,17,213.5,273.5,23,17
66,18,377.0,294.0,18,20
66,19,400.5,540.5,37,41
66,21,275.0,106.0,26,22
66,22,21.0,200.5,26,27
66,23,132.0,608.0,22,30
66,24,540.0,21.5,18,31
66,25,88.0,67.5,42,43
66,26,234.5,170.0,21,24
66,28,418.5,110.0,21,28
66,29,109.0,276.0,24,26
66,30,274.0,157.0,18,28
66,31,51.5,398.0,23,30
66,32,245.0,271.0,22,26
66,33,259.0,195.5,20,21
66,34,254.5,220.5,19,21
66,35,598.0,419.0,28,30
66,37,262.0,98.0,18,24
66,39,246.5,292.0,19,26
66,40,482.0,223.5,18,25
66,41,557.5,45.5,21,31
66,44,550.0,478.0,20,20
66,46,194.5,583.0,21,28
66,48,260.5,367.5,21,21
66,50,611.0,66.5,18,29
66,53,277.5,14.5,19,21
66,63,439.0,563.5,18,23
66,65,537.0,173.0,18,24
66,70,517.5,316.0,23,28
66,81,560.5,194.0,21,24
66,83,478.5,572.5,23,29
66,95,138.0,635.0,22,10
66,99,396.0,187.0,20,30
66,100,381.0,137.0,26,34
66,101,247.0,346.0,18,24
66,102,154.0,321.5,24,29
66,105,229.0,326.0,20,24
66,106,460.0,383.5,28,33
66,52,552.5,146.0,19,24
66,51,413.0,548.0,20,26
66,43,565.5,122.0,17,24
66,73,604.5,284.5,15,25
66,86,592.0,411.5,24,25
66,49,326.0,572.0,20,24
66,47,18.5,367.0,19,24
66,98,177.0,571.0,18,28
66,45,356.5,84.0,21,28
66,78,307.5,40.5,21,29
66,103,74.0,187.0,22,30
66,75,195.0,347.5,22,21
66,56,120.5,506.5,17,21
66,97,147.5,559.5,21,29
66,71,424.0,116.5,22,27
66,93,97.5,545.5,19,21
66,104,124.0,567.5,18,29
66,96,248.5,196.5,21,23
67,0,234.5,177.0,53,58
67,1,347.0,440.5,82,97
67,2,363.5,418.0,19,22
67,3,355.0,310.5,24,25
67,4,311.0,199.0,22,22
67,5,249.0,130.0,24,30
67,7,101.0,247.0,20,26
67,8,372.0,441.5,18,21
67,9,433.0,80.0,28,30
67,10,317.0,419.0,22,30
67,11,207.5,211.5,31,33
67,12,80.5,67.0,35,32
67,13,412.5,415.0,23,26
67,14,233.5,514.0,25,30
67,15,80.5,203.0,21,28
67,16,343.0,359.0,22,36
67,17,213.5,272.5,23,17
67,18,376.0,293.0,18,20
67,19,400.5,540.0,37,42
67,21,275.0,106.0,26,22
67,22,21.0,200.0,26,26
67,23,132.0,608.0,22,30
67,24,540.0,21.5,18,31
67,25,88.0,67.5,42,43
67,26,234.5,169.5,21,25
67,28,418.5,110.0,21,28
67,29,109.0,275.5,24,25
67,30,274.0,157.0,18,28
67,31,52.0,398.0,24,30
67,32,245.0,271.0,22,26
67,33,259.5,195.0,19,20
67,34,255.0,220.0,18,22
67,35,597.5,420.0,27,28
67,37,261.5,98.0,19,24
67,39,246.5,292.0,19,26
67,40,482.0,223.5,18,25
67,41,557.5,46.0,21,30
67,44,550.0,478.0,20,20
67,46,194.0,583.0,22,28
67,48,260.5,367.5,21,21
67,50,611.0,66.5,18,29
67,53,277.5,14.5,19,21
67,63,438.0,563.5,18,23
67,65,537.0,172.5,18,23
67,70,517.0,316.0,24,28
67,81,560.0,194.0,22,24
67,83,477.5,572.5,23,29
67,95,137.5,634.0,21,10
67,99,395.5,187.0,21,30
67,100,381.0,137.0,26,34
67,101,247.0,345.5,18,25
67,102,154.0,322.0,24,28
67,105,233.0,327.0,20,24
67,106,458.5,387.0,29,32
67,52,552.5,145.0,19,24
67,51,413.0,547.0,20,26
67,43,565.0,122.0,16,24
67,73,604.0,289.0,16,24
67,86,594.5,412.0,25,28
67,49,323.5,573.0,21,26
67,78,313.5,13.0,21,28
67,103,73.0,189.0,22,28
67,75,209.5,299.5,23,19
67,56,39.0,506.5,16,19
67,97,127.5,626.5,19,29
67,71,376.5,100.5,23,29
67,93,59.0,531.5,18,21
67,104,109.0,603.5,18,29
67,96,237.5,237.5,23,21
67,59,128.0,367.0,20,18
67,92,210.5,514.0,21,28
67,89,60.0,523.5,18,25
67,87,301.0,69.5,22,29
68,0,234.0,176.5,54,57
68,1,346.5,439.5,81,97
68,2,363.5,417.0,19,22
68,3,355.0,310.5,24,25
68,4,310.0,198.0,22,22
68,5,249.0,130.0,24,30
68,7,101.0,247.0,20,26
68,8,372.5,440.5,17,21
68,9,433.0,80.0,28,30
68,10,317.0,419.0,22,30
68,11,208.0,210.5,32,33
68,12,80.5,67.0,35,32
68,13,412.0,414.5,22,25
68,14,233.5,513.0,25,30
68,15,80.5,203.5,21,27
68,16,342.0,358.5,22,35
68,17,213.0,273.0,24,18
68,18,376.0,293.0,18,20
68,19,400.5,540.5,37,43
68,21,274.0,105.0,26,22
68,22,20.0,200.0,26,26
68,23,132.0,608.5,22,29
68,24,539.0,20.5,18,31
68,25,87.5,67.5,43,43
68,26,234.5,169.0,19,24
68,28,417.5,109.0,21,28
68,29,109.0,275.0,24,26
68,30,273.5,157.0,19,28
68,31,52.0,398.5,24,31
68,32,245.0,270.0,22,26
68,33,259.5,194.0,19,20
68,34,254.5,220.0,17,22
68,35,596.5,421.0,27,28
68,37,261.5,98.0,19,22
68,39,246.0,291.0,20,26
68,40,482.0,223.0,18,24
68,41,556.5,45.0,21,30
68,44,549.0,477.0,20,20
68,46,194.0,583.0,22,28
68,48,259.5,366.5,21,21
68,50,611.0,66.5,18,27
68,53,276.5,14.0,19,22
68,63,438.5,563.5,19,25
68,65,536.0,172.0,18,22
68,70,517.0,315.5,24,29
68,81,560.0,194.5,22,25
68,83,475.5,570.5,23,29
68,95,137.5,634.0,21,10
68,99,395.5,187.5,21,31
68,100,381.0,136.5,26,33
68,101,247.0,346.5,18,25
68,102,154.0,321.5,24,29
68,105,235.5,327.5,19,25
68,106,457.0,389.5,28,31
68,52,552.5,145.0,19,24
68,51,413.0,546.5,20,25
68,43,565.0,122.0,16,24
68,73,603.5,293.0,15,24
68,86,597.0,416.0,26,30
68,49,318.5,572.5,21,25
68,103,72.0,189.0,22,28
68,71,330.0,84.5,24,29
68,93,21.0,518.0,18,20
68,104,94.5,639.0,19,30
68,96,226.5,279.0,23,20
68,59,142.5,342.5,21,17
68,92,192.0,551.0,20,28
68,89,16.0,515.0,18,24
68,87,303.0,70.0,22,30
68,47,17.5,492.5,17,21
68,98,124.0,567.5,18,29
68,45,249.0,196.5,22,23
69,0,234.0,176.0,54,56
69,1,346.5,439.5,81,97
69,2,363.5,417.0,19,22
69,3,355.0,310.5,24,25
69,4,310.0,198.0,22,22
69,5,249.0,130.0,24,30
69,7,101.0,247.0,20,26
69,8,372.5,440.5,17,21
69,9,433.0,80.0,28,30
69,10,317.0,418.0,22,30
69,11,208.0,210.5,32,33
69,12,81.0,67.0,36,32
69,13,411.5,415.0,21,24
69,14,233.5,513.0,25,30
69,15,79.5,203.5,21,27
69,16,342.0,358.5,22,35
69,17,212.5,273.0,23,18
69,18,376.0,293.0,18,20
69,19,400.5,540.0,37,42
69,21,274.0,105.0,26,22
69,22,20.0,200.0,26,26
69,23,132.5,608.0,21,30
69,24,539.0,20.5,18,31
69,25,87.5,67.5,43,43
69,26,234.5,169.0,19,24
69,28,417.5,109.0,21,28
69,29,109.0,275.0,24,26
69,30,273.0,156.0,20,28
69,31,51.5,398.5,25,31
69,32,245.0,270.0,22,26
69,33,260.0,194.0,18,20
69,34,254.5,220.0,17,22
69,35,594.5,419.5,25,29
69,37,261.0,98.0,18,22
69,39,246.0,291.0,20,26
69,40,482.0,223.0,18,24
69,41,556.5,45.0,21,30
69,44,549.0,477.0,20,20
69,46,194.5,583.0,23,28
69,48,259.5,366.5,21,21
69,50,611.0,66.5,18,27
69,53,276.5,14.5,19,23
69,63,438.5,564.0,19,24
69,65,536.0,172.0,18,22
69,70,517.0,315.5,24,29
69,81,559.5,194.5,21,25
69,83,472.5,569.5,23,29
69,95,137.5,634.0,21,10
69,99,396.0,187.5,20,31
69,100,381.0,136.5,26,33
69,101,247.0,347.0,18,24
69,102,154.0,322.0,24,30
69,105,237.5,323.5,19,25
69,106,454.0,389.5,26,29
69,52,552.5,145.0,19,24
69,51,414.0,546.5,20,25
69,43,565.0,122.0,16,24
69,73,604.0,297.0,16,24
69,86,598.5,418.5,27,31
69,49,315.0,566.5,20,25
69,103,70.0,185.5,22,29
69,59,157.5,318.0,21,18
69,92,173.5,587.0,19,28
69,89,-27.0,505.5,18,23
69,87,301.0,71.0,22,30
69,47,10.5,538.5,15,19
69,98,100.0,568.5,18,29
69,45,205.5,228.5,23,21
69,78,284.5,131.5,21,25
69,75,214.5,282.5,23,19
69,56,14.0,491.0,16,20
69,97,123.0,568.0,18,30
70,0,234.0,176.0,54,56
70,1,346.5,439.5,81,97
70,2,363.5,417.0,19,22
70,3,355.0,310.5,24,25
70,4,310.0,198.0,22,22
70,5,249.0,130.0,24,30
70,7,101.0,247.0,20,26
70,8,372.5,440.5,17,21
70,9,433.0,80.0,28,30
70,10,317.0,418.0,22,30
70,11,208.0,210.5,32,33
70,12,81.0,67.0,36,32
70,13,411.0,415.0,22,24
70,14,233.5,513.0,25,30
70,15,78.5,203.0,21,28
70,16,342.0,358.5,22,35
70,17,212.5,273.5,23,19
70,18,376.0,293.0,18,20
70,19,400.5,539.0,37,42
70,21,274.0,105.0,26,22
70,22,20.0,200.0,26,26
70,23,132.0,607.5,22,31
70,24,539.0,20.5,18,31
70,25,87.5,67.5,43,43
70,26,234.0,169.0,20,24
70,28,417.5,109.0,21,28
70,29,110.0,275.0,24,26
70,30,273.0,156.0,20,28
70,31,50.5,398.0,25,32
70,32,245.5,270.0,23,26
70,33,259.5,194.0,17,20
70,34,255.0,220.0,16,22
70,35,593.5,419.0,23,28
70,37,261.0,98.0,18,22
70,39,246.0,290.5,20,25
70,40,482.0,223.5,18,25
70,41,556.0,44.5,20,29
70,44,549.0,477.0,20,20
70,46,194.0,583.0,22,28
70,48,259.5,366.5,21,21
70,50,611.0,66.5,18,27
70,53,276.5,14.5,19,23
70,63,439.0,564.0,18,24
70,65,536.0,172.0,18,22
70,70,517.0,315.5,24,29
70,81,558.5,194.5,21,25
70,83,469.0,569.5,22,29
70,95,137.0,634.0,22,10
70,99,397.0,187.5,20,31
70,100,381.5,136.5,25,33
70,101,247.5,347.0,17,24
70,102,155.0,322.5,24,31
70,105,243.5,320.5,19,23
70,106,449.5,388.5,27,27
70,52,552.5,145.5,19,25
70,51,413.5,546.5,19,25
70,43,565.5,122.0,17,24
70,73,603.0,302.0,20,24
70,86,599.5,416.5,27,33
70,49,311.5,563.5,19,25
70,103,66.0,180.5,22,29
70,87,297.0,69.0,22,28
70,47,4.0,584.5,14,17
70,98,76.0,569.0,18,30
70,45,162.0,260.0,24,20
70,78,278.5,155.0,21,24
70,75,221.0,258.0,24,18
70,56,-25.0,486.0,16,20
70,97,114.5,577.0,17,30
70,71,249.0,196.5,22,23
70,104,52.5,527.0,13,26
70,96,160.0,453.5,20,25
71,0,235.0,176.5,54,55
71,1,347.5,439.5,81,97
71,2,364.5,417.0,19,22
71,3,356.0,311.5,24,25
71,4,311.0,198.5,22,21
71,5,250.0,131.0,24,30
71,7,100.5,247.0,19,28
71,8,373.0,440.5,18,21
71,9,434.0,80.0,28,30
71,10,318.0,418.0,22,30
71,11,208.0,211.5,30,33
71,12,81.5,68.0,35,32
71,13,412.0,414.5,22,25
71,14,234.5,514.0,25,30
71,15,78.5,203.0,21,28
71,16,343.0,359.0,22,34
71,17,213.5,274.0,23,18
71,18,377.0,293.0,18,20
71,19,401.5,539.0,37,42
71,21,274.0,106.0,28,22
71,22,20.5,201.0,25,26
71,23,133.0,608.5,22,31
71,24,540.0,20.5,18,31
71,25,88.5,68.5,43,43
71,26,233.5,170.0,21,24
71,28,418.5,109.0,21,28
71,29,110.0,276.0,24,26
71,30,272.5,156.0,19,28
71,31,50.5,398.5,25,33
71,32,246.0,271.0,22,26
71,33,259.0,194.0,18,20
71,34,255.0,220.5,18,23
71,35,594.0,427.0,24,26
71,37,262.0,98.5,18,23
71,39,246.5,290.5,21,25
71,40,483.0,224.5,18,25
71,41,556.5,44.5,21,29
71,44,550.0,477.0,20,20
71,46,195.0,584.0,22,28
71,48,260.5,367.5,21,21
71,50,612.0,66.0,18,28
71,53,277.5,15.0,19,22
71,63,439.0,563.5,18,23
71,65,537.0,172.0,18,22
71,70,517.5,315.5,23,29
71,81,558.5,195.5,21,25
71,83,466.5,570.0,23,28
71,95,137.5,635.0,23,10
71,99,396.5,187.5,21,29
71,100,382.0,137.0,26,32
71,101,248.0,346.5,18,23
71,102,155.0,323.0,24,30
71,105,248.5,320.0,19,22
71,106,446.5,389.0,27,28
71,52,553.5,145.5,19,25
71,51,414.0,546.5,20,25
71,43,566.5,122.0,17,24
71,73,606.0,304.0,20,24
71,86,600.5,415.5,25,31
71,49,308.0,560.5,18,25
71,103,63.5,177.5,23,29
71,87,294.0,67.5,22,27
71,78,272.0,179.5,20,23
71,75,228.0,234.0,24,18
71,56,-65.0,481.5,16,19
71,97,105.0,585.5,16,29
71,71,206.0,224.0,22,22
71,104,34.0,507.5,12,25
71,96,135.5,522.5,19,27
71,93,12.0,495.5,12,21
71,92,124.0,567.5,18,29
72,0,235.0,176.5,54,55
72,1,346.5,440.5,81,97
72,2,363.5,418.0,19,22
72,3,355.0,311.5,24,25
72,4,310.0,199.0,22,22
72,5,249.5,130.5,25,31
72,7,100.0,247.0,20,28
72,8,372.0,441.5,18,21
72,9,433.5,81.0,27,30
72,10,317.0,418.5,22,31
72,11,207.5,211.5,31,33
72,12,81.5,68.0,35,32
72,13,411.5,415.0,23,26
72,14,234.0,514.0,24,30
72,15,78.5,203.0,21,28
72,16,342.0,359.5,22,35
72,17,212.5,274.0,23,18
72,18,376.0,294.0,18,20
72,19,401.5,539.0,39,42
72,21,274.0,106.5,28,23
72,22,19.5,201.0,25,26
72,23,132.5,609.0,23,30
72,24,540.0,21.5,18,31
72,25,88.5,68.5,43,43
72,26,233.5,170.0,21,24
72,28,418.5,110.0,21,28
72,29,110.0,276.0,24,26
72,30,273.5,157.0,19,28
72,31,50.5,398.5,25,33
72,32,245.5,271.5,23,27
72,33,260.0,193.5,20,23
72,34,254.5,221.0,17,22
72,35,592.5,434.0,23,26
72,37,261.5,99.0,17,24
72,39,246.0,292.0,20,26
72,40,482.0,224.5,18,25
72,41,556.5,45.0,21,28
72,44,549.0,478.0,20,20
72,46,194.0,584.0,22,28
72,48,259.5,367.5,21,21
72,50,612.0,67.0,18,28
72,53,277.5,14.5,19,21
72,63,438.5,562.5,19,23
72,65,536.0,173.0,18,22
72,70,516.5,316.0,23,30
72,81,558.5,195.5,21,25
72,83,462.0,576.0,22,30
72,95,137.5,635.0,21,10
72,99,396.5,187.5,21,29
72,100,382.0,137.5,26,33
72,101,247.0,346.5,18,23
72,102,155.0,323.0,24,30
72,105,253.5,321.5,17,23
72,106,442.0,392.5,28,29
72,52,553.5,146.0,19,24
72,51,413.0,547.5,20,25
72,43,566.0,123.0,16,24
72,73,606.5,314.0,17,24
72,86,600.5,416.0,25,30
72,103,57.5,171.5,23,29
72,87,289.5,64.5,21,27
72,71,162.5,251.0,23,20
72,104,15.5,487.0,11,24
72,96,111.0,591.0,18,28
72,93,0.0,487.0,10,22
72,92,101.5,577.0,17,30
72,98,123.0,567.5,18,29
73,0,235.0,177.0,54,56
73,1,346.5,440.5,81,97
73,2,363.5,418.0,19,22
73,3,355.0,311.5,24,25
73,4,311.0,199.0,22,22
73,5,248.5,130.0,25,32
73,7,100.0,247.0,20,26
73,8,372.0,441.5,18,21
73,9,433.0,81.0,26,30
73,10,317.0,419.0,22,30
73,11,208.0,211.5,30,33
73,12,81.5,67.0,35,32
73,13,411.5,415.0,23,26
73,14,234.5,514.0,23,30
73,15,79.0,202.5,20,27
73,16,342.0,359.5,22,35
73,17,213.0,274.0,22,18
73,18,376.0,294.0,18,20
73,19,401.0,539.0,38,42
73,21,274.5,107.0,27,22
73,22,20.0,200.5,24,25
73,23,132.5,609.0,23,30
73,24,540.0,21.5,18,31
73,25,88.0,67.5,42,43
73,26,234.0,170.0,22,24
73,28,418.5,110.0,21,28
73,29,109.0,275.0,24,26
73,30,273.5,158.0,19,28
73,31,50.5,398.0,25,32
73,32,244.5,271.5,23,27
73,33,260.5,193.5,21,23
73,34,254.5,221.0,17,22
73,35,592.0,439.0,22,26
73,37,262.0,99.0,18,24
73,39,246.0,292.0,20,26
73,40,482.5,224.0,17,24
73,41,556.5,45.0,21,28
73,44,549.0,478.0,20,20
73,46,194.0,584.0,22,28
73,48,260.0,367.5,20,21
73,50,611.5,67.0,17,28
73,53,277.5,14.5,19,21
73,63,438.0,561.5,20,23
73,65,537.0,173.0,18,22
73,70,516.0,316.0,24,30
73,81,558.5,195.0,21,24
73,83,459.5,578.5,21,29
73,95,138.0,635.0,20,10
73,99,396.0,187.5,22,29
73,100,382.0,137.5,26,33
73,101,246.0,346.5,18,23
73,102,154.0,323.0,24,30
73,105,255.5,321.5,19,25
73,106,438.5,397.0,27,28
73,52,553.5,145.5,19,23
73,51,413.0,547.5,20,25
73,43,566.0,123.0,16,24
73,73,608.0,319.0,16,24
73,86,600.5,416.5,25,29
73,103,55.0,168.5,22,27
73,87,288.0,63.5,20,27
73,93,-12.0,477.5,10,23
73,92,79.0,586.0,16,30
73,98,125.0,566.5,18,29
74,0,234.5,176.5,53,57
74,1,347.5,439.5,81,97
74,2,364.5,417.0,19,22
74,3,356.0,311.5,24,27
74,4,310.0,198.0,22,22
74,5,248.0,129.5,24,31
74,7,100.0,247.5,20,25
74,8,372.5,440.5,19,21
74,9,432.5,80.0,27,30
74,10,318.0,418.5,22,29
74,11,207.5,210.5,31,33
74,12,81.0,66.5,36,31
74,13,411.5,415.0,21,24
74,14,235.0,513.0,24,30
74,15,79.0,202.5,20,27
74,16,343.0,359.0,22,34
74,17,213.5,274.0,23,16
74,18,377.0,293.0,18,20
74,19,401.5,539.0,37,42
74,21,274.5,107.0,25,22
74,22,20.0,201.0,26,26
74,23,132.5,608.5,21,29
74,24,539.0,20.5,18,31
74,25,87.0,68.0,42,44
74,26,234.5,169.0,21,24
74,28,418.0,109.0,22,28
74,29,109.5,275.0,25,26
74,30,273.0,158.0,20,28
74,31,51.0,397.5,24,31
74,32,244.5,271.0,23,28
74,33,261.0,195.5,20,21
74,34,255.0,220.5,16,21
74,35,597.5,441.5,23,25
74,37,261.0,98.5,18,25
74,39,247.0,292.0,20,26
74,40,483.0,223.0,16,24
74,41,557.0,44.5,20,29
74,44,549.0,477.0,18,20
74,46,195.0,583.0,22,28
74,48,260.5,366.5,21,21
74,50,610.5,66.5,17,27
74,53,276.5,14.0,19,22
74,63,438.0,560.0,20,22
74,65,536.0,172.0,18,22
74,70,516.0,315.5,24,29
74,81,558.5,195.5,21,25
74,83,455.0,576.0,22,28
74,95,138.0,634.0,20,10
74,99,395.5,188.0,21,28
74,100,381.0,137.0,26,32
74,101,246.0,347.0,18,24
74,102,154.0,322.0,22,30
74,105,258.5,328.0,19,26
74,106,433.5,397.5,27,29
74,52,552.5,146.0,19,22
74,51,414.0,546.5,20,25
74,43,565.0,122.0,16,24
74,73,606.5,323.0,15,24
74,86,598.0,417.0,24,28
74,103,51.5,169.0,23,28
74,87,288.5,64.5,21,27
74,98,124.0,566.5,18,29
75,0,235.0,177.0,54,58
75,1,346.5,440.5,81,97
75,2,363.5,418.0,19,22
75,3,355.0,312.0,24,26
75,4,311.0,199.0,22,22
75,5,247.5,129.5,25,31
75,7,101.0,247.5,20,25
75,8,371.5,441.5,19,21
75,9,433.0,81.0,26,30
75,10,317.0,419.0,22,30
75,11,208.0,210.5,32,33
75,12,81.0,66.5,34,31
75,13,411.0,415.5,22,25
75,14,234.5,513.0,23,30
75,15,79.5,202.5,21,27
75,16,342.0,359.0,22,36
75,17,213.5,273.5,23,17
75,18,377.0,294.0,18,20
75,19,401.0,539.5,38,43
75,21,275.0,106.5,26,23
75,22,20.5,200.5,25,25
75,23,132.0,608.5,22,29
75,24,540.0,21.5,18,31
75,25,88.0,68.0,42,44
75,26,235.0,169.0,20,24
75,28,418.0,110.0,20,28
75,29,108.5,275.0,25,26
75,30,272.5,158.5,19,29
75,31,50.0,397.0,24,32
75,32,243.5,271.5,23,27
75,33,260.0,194.5,20,21
75,34,255.5,220.5,17,21
75,35,601.0,445.5,24,25
75,37,261.0,98.5,16,25
75,39,247.5,292.0,19,26
75,40,483.5,223.5,17,23
75,41,557.0,45.5,20,29
75,44,549.0,477.0,20,22
75,46,194.0,583.0,22,28
75,48,260.0,366.5,20,21
75,50,611.0,66.5,16,29
75,53,277.5,14.5,19,21
75,63,437.5,559.5,19,23
75,65,537.0,173.0,18,22
75,70,516.0,316.0,24,28
75,81,558.5,196.5,23,25
75,83,451.5,573.5,21,27
75,95,138.5,634.0,21,10
75,99,396.0,188.5,22,29
75,100,382.0,138.0,26,32
75,101,246.0,347.5,18,23
75,102,153.5,322.0,23,30
75,105,261.5,331.0,19,24
75,106,431.0,401.0,26,30
75,52,553.5,146.0,19,22
75,51,413.0,547.5,20,25
75,43,565.5,123.0,15,24
75,73,606.0,325.5,14,25
75,86,596.5,417.0,25,30
75,103,50.5,170.5,23,29
75,87,287.5,64.5,21,27
75,98,124.0,566.5,18,29
75,49,299.0,564.0,20,26
76,0,235.0,176.5,54,57
76,1,346.5,440.5,81,97
76,2,364.5,418.0,19,22
76,3,356.0,311.5,24,25
76,4,311.0,198.0,22,22
76,5,248.0,130.5,24,31
76,7,101.0,247.5,20,25
76,8,371.5,441.5,19,21
76,9,433.0,81.0,26,30
76,10,318.0,418.5,22,29
76,11,208.0,210.5,32,33
76,12,81.0,66.5,34,31
76,13,412.0,415.0,22,26
76,14,234.0,513.5,24,31
76,15,79.5,202.0,21,26
76,16,343.0,359.0,22,34
76,17,213.0,273.0,24,18
76,18,377.0,294.0,18,20
76,19,401.5,539.0,39,44
76,21,274.5,105.5,27,23
76,22,20.5,200.0,25,26
76,23,132.0,608.0,22,30
76,24,540.0,21.5,18,31
76,25,88.5,68.0,43,44
76,26,235.0,169.0,20,24
76,28,418.0,110.0,20,28
76,29,108.0,275.5,24,25
76,30,273.5,158.0,21,30
76,31,50.0,397.0,24,32
76,32,243.5,272.0,23,26
76,33,259.0,192.5,20,19
76,34,255.5,220.0,17,22
76,35,604.0,449.0,24,24
76,37,261.0,98.5,16,25
76,39,246.5,291.5,19,25
76,40,483.0,223.5,18,23
76,41,557.0,45.5,20,29
76,44,549.0,477.0,20,22
76,46,194.0,583.0,22,28
76,48,260.0,367.0,22,22
76,50,611.0,67.0,16,28
76,53,277.5,14.0,19,22
76,63,437.5,559.0,19,22
76,65,537.0,173.0,18,22
76,70,515.5,315.5,23,29
76,81,558.5,196.5,23,25
76,83,448.0,576.0,22,28
76,95,138.5,634.0,21,10
76,99,396.0,189.0,22,30
76,100,382.0,138.0,26,32
76,101,246.0,347.5,18,23
76,102,154.0,322.0,22,30
76,105,268.0,331.5,18,23
76,106,429.0,406.5,26,29
76,52,553.5,145.5,19,23
76,51,413.0,547.5,20,25
76,43,565.5,123.0,15,24
76,73,606.0,329.0,14,26
76,86,596.0,417.5,26,31
76,103,47.0,167.5,22,29
76,87,287.0,63.5,20,27
76,98,124.0,566.5,18,29
76,49,296.5,565.0,21,26
77,0,235.0,177.0,56,56
77,1,346.5,440.5,81,97
77,2,363.5,418.0,19,22
77,3,355.0,311.0,24,24
77,4,310.0,199.0,22,22
77,5,248.0,131.5,24,31
77,7,100.0,248.0,20,26
77,8,371.5,441.5,19,21
77,9,432.5,81.0,27,30
77,10,317.0,419.0,22,30
77,11,207.5,211.5,31,33
77,12,80.5,67.5,35,31
77,13,412.0,415.0,24,26
77,14,233.5,514.5,25,31
77,15,79.0,202.0,20,26
77,16,342.0,360.0,22,34
77,17,212.5,273.5,23,19
77,18,376.0,294.0,18,20
77,19,401.5,539.5,39,43
77,21,273.5,105.0,27,22
77,22,19.5,200.5,25,27
77,23,132.5,608.0,23,32
77,24,539.0,21.5,18,31
77,25,88.0,68.5,44,43
77,26,234.0,169.0,20,22
77,28,417.5,110.0,21,28
77,29,109.0,276.0,24,26
77,30,274.5,157.0,21,30
77,31,50.0,397.5,24,33
77,32,243.5,271.5,23,27
77,33,258.5,191.5,19,19
77,34,255.0,221.0,16,22
77,37,260.5,99.0,17,24
77,39,245.5,291.5,19,25
77,40,482.0,223.5,18,23
77,41,557.0,45.5,20,29
77,44,549.5,477.5,21,21
77,46,194.0,584.0,22,28
77,48,259.5,368.0,21,22
77,50,610.5,67.0,17,28
77,53,276.5,15.0,19,22
77,63,437.0,558.5,20,21
77,65,536.0,173.0,18,22
77,70,515.5,315.0,23,30
77,81,558.0,197.5,22,25
77,83,446.0,576.5,22,27
77,95,138.0,635.0,22,10
77,99,395.5,189.0,21,30
77,100,381.0,138.0,26,32
77,101,246.0,347.5,18,23
77,102,153.5,323.0,23,30
77,105,269.0,332.5,18,23
77,106,428.5,410.0,25,28
77,52,552.5,145.5,19,25
77,51,413.0,547.5,20,25
77,43,565.0,123.0,16,24
77,73,605.0,333.0,14,26
77,86,596.5,416.5,27,31
77,103,45.0,164.0,22,28
77,87,286.5,62.5,21,27
77,98,123.0,567.5,18,29
77,49,294.0,565.0,20,26
78,0,234.5,176.5,55,55
78,1,346.5,440.5,81,97
78,2,363.5,418.0,19,22
78,3,355.0,311.0,24,24
78,4,310.0,199.0,22,22
78,5,248.5,131.5,23,31
78,7,100.0,248.0,20,26
78,8,371.5,441.5,19,21
78,9,433.0,81.0,28,30
78,10,317.0,419.0,22,30
78,11,207.5,211.5,31,33
78,12,80.5,68.0,35,32
78,13,412.0,415.0,24,26
78,14,233.5,514.5,25,31
78,15,79.0,201.5,20,27
78,16,342.0,360.0,22,34
78,17,212.5,273.5,23,19
78,18,376.0,294.0,18,20
78,19,401.0,540.5,38,43
78,21,273.5,105.0,27,22
78,22,19.5,200.0,25,26
78,23,132.5,608.0,23,32
78,24,539.0,22.0,18,30
78,25,88.0,69.0,44,44
78,26,233.5,168.5,21,23
78,28,417.5,110.0,21,28
78,29,109.5,276.0,23,26
78,30,274.5,157.5,21,29
78,31,50.0,398.0,26,34
78,32,243.5,272.0,23,28
78,33,258.5,192.0,19,20
78,34,255.0,221.0,18,22
78,37,260.5,98.5,17,23
78,39,246.0,291.5,20,25
78,40,482.0,224.0,18,24
78,41,557.0,45.5,22,29
78,44,549.0,478.0,20,20
78,46,194.0,584.0,22,28
78,48,259.5,367.5,21,21
78,50,610.5,67.0,17,28
78,53,276.5,15.0,19,22
78,63,437.0,559.0,20,22
78,65,536.0,172.5,18,23
78,70,515.5,315.5,23,29
78,81,558.5,198.0,21,24
78,83,445.5,577.5,21,25
78,95,137.5,635.0,21,10
78,99,395.5,188.5,21,31
78,100,381.0,138.0,26,32
78,101,246.0,347.5,18,23
78,102,153.5,323.0,23,30
78,105,269.0,335.0,18,22
78,106,427.0,410.0,24,28
78,52,552.5,146.0,19,24
78,51,412.5,547.5,19,25
78,43,565.0,123.0,16,24
78,73,604.0,335.5,16,25
78,86,596.5,416.0,27,32
78,103,43.5,162.0,23,28
78,87,286.5,62.5,21,27
78,98,123.0,567.5,18,29
78,49,280.5,573.0,21,26
78,75,214.0,282.5,22,19
78,35,598.5,451.0,21,26
79,0,234.5,176.0,55,56
79,1,347.5,439.5,81,97
79,2,364.5,417.0,19,22
79,3,356.0,310.5,24,25
79,4,311.0,198.5,22,23
79,5,249.0,131.5,24,31
79,7,101.0,247.0,20,26
79,8,372.5,440.5,19,21
79,9,434.0,80.0,28,30
79,10,318.0,418.0,22,30
79,11,207.5,210.5,33,33
79,12,81.5,67.0,35,32
79,13,412.5,414.5,23,25
79,14,234.5,514.0,25,32
79,15,80.0,201.5,20,27
79,16,343.0,359.5,22,33
79,17,213.5,273.0,23,18
79,18,377.0,293.0,18,20
79,19,402.0,540.5,38,43
79,21,274.5,105.0,27,22
79,22,20.5,200.0,25,26
79,23,133.0,607.5,22,31
79,24,540.0,21.0,18,30
79,25,88.5,68.5,43,45
79,26,234.0,168.0,22,24
79,28,418.5,109.0,21,28
79,29,109.0,275.5,24,25
79,30,274.5,158.0,21,30
79,31,50.5,398.5,27,33
79,32,244.0,272.0,22,28
79,33,258.5,192.5,19,19
79,34,255.0,221.0,18,22
79,37,261.5,98.0,17,24
79,39,246.0,292.0,20,26
79,40,482.5,223.0,19,24
79,41,557.5,44.5,21,29
79,44,549.5,477.5,19,19
79,46,195.0,583.0,22,28
79,48,260.5,366.5,21,21
79,50,611.5,66.0,17,28
79,53,277.5,14.0,19,22
79,63,437.0,558.0,20,22
79,65,537.0,171.5,18,23
79,70,516.0,315.5,22,29
79,81,558.5,199.0,21,24
79,83,444.5,579.0,21,28
79,95,138.5,634.0,21,10
79,99,396.5,188.0,21,32
79,100,382.0,137.5,26,33
79,101,247.0,346.5,18,23
79,102,153.5,322.0,25,30
79,105,271.0,336.5,18,23
79,106,426.0,409.0,24,28
79,52,553.5,145.5,19,23
79,51,413.0,546.5,18,25
79,43,566.0,122.0,16,24
79,73,603.5,338.5,17,25
79,86,596.0,415.5,28,31
79,103,43.0,160.5,22,29
79,87,285.5,62.5,21,27
79,98,123.0,567.0,18,30
79,49,277.0,576.0,20,26
79,75,213.5,285.0,23,20
79,35,598.0,458.0,18,26
80,0,234.0,176.0,54,56
80,1,347.5,439.5,81,97
80,2,364.5,417.0,19,22
80,3,356.0,310.5,24,25
80,4,311.0,199.0,22,24
80,5,249.0,131.5,24,31
80,7,101.0,247.0,20,26
80,8,372.5,440.5,19,21
80,9,434.0,80.0,28,30
80,10,318.0,418.0,22,30
80,11,208.0,210.5,32,33
80,12,81.5,66.5,35,31
80,13,412.0,414.5,22,25
80,14,234.5,513.5,25,31
80,15,80.5,201.0,21,28
80,16,343.0,359.5,22,33
80,17,213.5,273.0,23,18
80,18,377.0,293.0,18,20
80,19,402.0,540.5,38,43
80,21,275.0,105.0,26,22
80,22,21.0,200.0,26,26
80,23,133.0,607.5,22,31
80,24,540.0,21.0,18,30
80,25,88.5,68.5,43,45
80,26,234.0,169.0,22,24
80,28,418.5,109.0,21,28
80,29,108.5,275.0,23,26
80,30,274.0,159.0,22,30
80,31,50.5,399.0,27,32
80,32,243.0,272.0,22,26
80,33,259.0,193.5,18,19
80,34,254.5,221.0,19,24
80,37,261.5,98.0,17,24
80,39,246.0,292.0,20,26
80,40,482.5,223.0,19,24
80,41,557.5,44.5,21,29
80,44,549.5,477.5,19,19
80,46,195.0,583.0,22,28
80,48,260.5,366.5,21,21
80,50,611.5,66.0,17,28
80,53,277.5,14.0,19,22
80,63,436.5,557.5,19,21
80,65,537.0,171.5,18,23
80,70,516.5,315.5,23,31
80,81,558.0,199.0,20,24
80,83,443.5,583.5,21,27
80,95,138.5,634.0,21,10
80,99,396.5,187.5,21,31
80,100,382.0,137.0,26,32
80,101,247.0,346.5,18,23
80,102,153.5,322.0,25,30
80,105,272.5,335.5,19,23
80,106,424.0,408.5,24,27
80,52,553.5,145.0,19,24
80,51,413.0,546.5,18,25
80,43,566.0,122.0,16,24
80,73,603.0,337.5,16,25
80,86,596.0,416.0,26,30
80,103,43.5,159.0,21,28
80,87,286.0,62.5,20,27
80,98,124.0,567.0,18,30
80,49,275.0,576.0,20,26
80,75,213.0,284.0,22,20
80,35,601.0,464.0,16,26
81,0,235.5,177.0,55,56
81,1,347.0,440.5,80,97
81,2,364.5,418.0,19,22
81,3,357.0,312.0,24,26
81,4,311.0,198.0,22,20
81,5,254.0,131.0,24,30
81,7,103.0,247.0,20,26
81,8,372.5,441.5,19,21
81,9,437.0,83.0,28,30
81,10,318.0,415.5,22,31
81,11,212.0,210.5,32,33
81,12,86.5,69.0,35,32
81,13,411.5,415.5,23,25
81,14,234.5,511.5,25,31
81,15,80.5,203.0,21,28
81,16,343.0,360.0,22,34
81,17,214.0,274.0,24,18
81,18,378.0,294.0,18,20
81,19,401.5,540.0,37,42
81,21,275.0,106.0,26,22
81,22,20.0,200.5,26,27
81,23,136.0,611.0,22,30
81,24,541.5,21.0,19,32
81,25,89.5,68.5,43,45
81,26,234.5,169.0,21,24
81,28,419.5,107.5,21,27
81,29,115.0,275.0,24,26
81,30,274.0,160.0,20,30
81,31,55.0,400.0,24,32
81,32,247.5,269.5,23,27
81,33,262.0,196.5,20,19
81,34,255.0,221.5,18,23
81,37,262.0,94.5,16,23
81,39,250.5,293.5,19,23
81,40,486.5,222.5,19,25
81,41,559.5,46.5,21,29
81,44,548.5,477.0,19,20
81,46,199.0,583.0,22,28
81,48,258.0,366.0,20,22
81,50,615.0,71.0,20,28
81,53,278.5,14.5,19,23
81,63,437.5,558.5,19,21
81,65,538.0,172.5,18,23
81,70,518.0,316.5,24,31
81,81,560.0,200.0,20,24
81,83,443.5,587.0,21,28
81,95,138.5,634.0,21,10
81,99,402.5,191.5,21,31
81,100,387.0,140.5,26,25
81,101,251.0,343.0,18,24
81,102,164.0,322.0,24,30
81,105,275.5,336.0,19,24
81,106,423.0,408.5,24,27
81,52,557.0,143.0,18,24
81,51,418.5,546.0,19,22
81,43,566.0,127.5,16,23
81,73,603.5,339.5,15,25
81,86,603.5,418.0,27,30
81,103,45.0,156.0,20,28
81,87,288.0,62.5,20,25
81,98,130.0,564.0,18,30
81,49,273.0,578.0,18,26
81,75,215.0,284.5,22,19
81,35,603.5,470.5,15,25
81,62,591.0,315.0,20,24
81,88,561.5,285.5,23,23
81,6,591.5,216.5,21,23
81,67,342.0,73.5,24,27
81,77,80.5,119.0,21,32
81,90,529.0,435.0,20,30
81,68,571.5,247.5,23,23
81,94,607.5,173.0,21,24
81,85,438.0,539.5,20,27
81,59,392.0,312.5,22,21
81,45,317.5,421.5,23,23
81,78,299.0,316.5,22,25
81,97,161.0,600.5,18,25
81,71,224.5,340.5,25,25
82,0,234.0,177.0,54,54
82,1,347.0,439.5,80,97
82,2,363.5,417.0,19,22
82,3,356.0,311.5,24,25
82,4,310.0,198.5,22,23
82,5,250.5,131.5,25,31
82,7,101.0,248.0,20,26
82,8,372.0,440.5,18,21
82,9,434.0,80.5,28,31
82,10,318.0,417.5,22,31
82,11,208.5,210.5,31,33
82,12,82.5,67.5,35,31
82,13,411.0,415.0,24,26
82,14,234.5,513.5,25,31
82,15,80.0,204.0,20,28
82,16,342.0,359.0,22,34
82,17,212.5,274.0,23,18
82,18,376.0,294.0,18,20
82,19,402.0,539.5,38,43
82,21,273.5,105.0,27,22
82,22,19.5,201.5,25,27
82,23,133.5,609.5,21,29
82,24,539.0,21.0,18,30
82,25,86.5,68.0,43,44
82,26,233.5,169.0,21,24
82,28,418.0,108.5,22,27
82,29,111.0,276.0,24,26
82,30,273.5,159.5,21,29
82,31,51.5,399.5,25,33
82,32,244.5,270.0,23,26
82,33,258.5,195.0,19,20
82,34,253.5,221.0,19,22
82,37,260.5,96.5,17,23
82,39,247.0,291.5,20,25
82,40,483.5,223.5,19,25
82,41,556.5,45.5,21,29
82,44,549.0,476.5,20,21
82,46,196.0,584.0,22,28
82,48,259.0,366.0,20,22
82,50,611.5,68.0,19,28
82,53,276.5,14.5,19,23
82,63,437.0,556.5,20,21
82,65,536.0,171.5,18,23
82,70,517.0,316.0,24,30
82,81,557.5,198.5,21,25
82,83,436.5,583.0,23,28
82,95,138.5,635.0,21,10
82,99,403.5,193.5,21,31
82,100,383.0,138.5,26,29
82,101,253.0,340.0,18,24
82,102,168.0,323.0,24,30
82,105,279.0,327.0,20,22
82,106,420.0,407.0,24,26
82,52,553.5,144.0,19,24
82,51,415.0,546.0,20,24
82,43,564.5,123.5,17,25
82,73,604.0,348.5,14,23
82,86,599.0,417.0,26,30
82,103,36.0,152.0,22,28
82,87,285.0,62.0,20,26
82,98,133.0,563.0,18,30
82,49,269.5,568.5,19,25
82,75,213.0,284.5,22,19
82,35,608.5,467.0,19,26
82,62,575.5,318.5,21,23
82,88,546.5,279.0,23,22
82,6,590.0,213.5,22,23
82,67,338.0,70.5,24,27
82,77,75.5,120.0,21,32
82,90,525.5,435.0,21,30
82,68,564.0,253.5,24,23
82,94,603.0,180.5,20,25
82,85,434.0,540.0,20,28
82,59,411.0,315.5,22,21
82,45,340.0,433.5,22,23
82,78,302.0,328.5,22,25
82,97,168.5,601.5,19,25
82,71,235.5,348.5,25,27
82,55,141.0,410.5,16,21
82,89,218.5,332.0,19,26
82,104,84.5,403.5,17,27
82,96,123.0,568.0,18,30
83,0,234.0,176.5,54,55
83,1,347.5,439.5,81,97
83,2,363.5,417.0,19,22
83,3,356.0,311.5,24,25
83,4,310.0,198.5,22,23
83,5,249.5,132.0,25,30
83,7,101.0,248.0,20,26
83,8,372.0,440.5,18,21
83,9,434.0,80.5,28,31
83,10,317.0,418.0,22,30
83,11,208.0,210.5,32,33
83,12,81.5,67.5,35,31
83,13,410.5,417.5,23,25
83,14,234.0,513.5,26,31
83,15,80.0,204.5,20,27
83,16,342.0,359.0,22,34
83,17,212.5,273.0,23,18
83,18,376.0,294.0,18,20
83,19,402.0,539.5,38,43
83,21,273.5,105.0,27,22
83,22,19.5,201.0,25,26
83,23,132.5,608.5,21,31
83,24,539.0,21.0,18,30
83,25,87.0,67.0,42,44
83,26,233.5,168.5,21,25
83,28,417.5,109.0,21,28
83,29,110.0,276.0,24,26
83,30,274.0,159.0,20,30
83,31,50.5,399.5,25,33
83,32,243.5,271.0,23,26
83,33,258.0,194.5,20,21
83,34,251.0,222.0,20,24
83,37,260.5,98.0,17,24
83,39,246.0,291.0,20,26
83,40,483.0,223.5,18,25
83,41,556.0,45.5,20,29
83,44,549.0,476.5,20,21
83,46,195.0,584.0,22,28
83,48,260.0,366.0,20,22
83,50,611.5,67.0,19,28
83,53,276.5,14.5,19,23
83,63,437.0,556.0,22,20
83,65,535.5,171.0,19,22
83,70,516.0,316.0,24,28
83,81,557.0,197.5,22,25
83,83,434.0,582.0,22,28
83,99,406.5,195.5,21,31
83,100,382.0,137.5,26,31
83,101,255.0,337.5,18,25
83,102,174.0,323.0,24,30
83,105,282.5,323.0,21,22
83,52,553.5,145.0,19,24
83,51,414.0,546.0,20,26
83,43,564.5,122.5,17,25
83,73,605.0,354.0,14,24
83,86,597.5,414.5,27,31
83,103,34.5,148.5,21,27
83,87,284.0,62.0,20,28
83,98,136.0,561.5,18,31
83,49,267.0,565.5,20,25
83,75,213.5,283.5,23,19
83,35,610.0,472.0,16,24
83,62,562.0,322.5,20,23
83,88,533.5,274.0,23,22
83,6,590.0,211.5,22,23
83,67,335.5,67.5,23,27
83,77,73.0,121.0,20,32
83,90,523.0,437.0,20,30
83,68,557.5,260.5,23,23
83,94,600.0,189.5,20,25
83,85,431.0,541.0,20,28
83,59,431.0,318.0,22,22
83,45,364.0,445.5,22,23
83,78,305.5,341.0,23,26
83,97,176.0,602.0,20,24
83,71,248.0,356.5,26,27
83,55,143.5,409.0,17,22
83,89,250.5,317.5,19,27
83,104,95.5,397.0,17,28
83,96,128.0,555.0,18,30
83,79,497.0,248.0,20,28
83,60,401.5,238.0,17,24
83,27,403.0,463.5,20,23
83,57,90.0,396.5,20,25
83,47,71.5,535.5,17,25
84,0,235.0,177.0,54,56
84,1,347.0,440.5,82,97
84,2,364.5,418.0,19,22
84,3,355.0,310.5,24,25
84,4,311.0,199.5,22,23
84,5,248.5,132.0,25,30
84,7,100.0,247.0,20,26
84,8,372.5,441.0,19,22
84,9,433.0,80.0,28,30
84,10,317.0,419.0,22,30
84,11,207.0,211.0,32,32
84,12,80.5,66.5,35,31
84,13,407.0,415.5,24,25
84,14,233.5,514.5,25,31
84,15,80.5,203.5,21,27
84,16,343.0,360.0,22,34
84,17,213.5,273.0,23,18
84,18,377.0,293.0,18,20
84,19,402.0,540.0,38,42
84,21,274.0,106.0,28,22
84,22,20.0,201.0,24,26
84,23,131.5,607.5,21,31
84,24,540.0,22.0,18,30
84,25,87.5,67.5,43,43
84,26,234.5,169.5,21,25
84,28,418.0,110.0,20,28
84,29,109.0,275.0,24,26
84,30,274.5,158.0,21,30
84,31,50.0,398.5,26,33
84,32,243.5,272.0,23,26
84,33,257.0,193.5,20,21
84,34,245.0,225.5,18,23
84,37,261.5,99.0,17,24
84,39,245.0,291.0,20,26
84,40,482.0,224.0,18,24
84,41,555.5,44.5,21,29
84,44,549.5,477.0,19,22
84,46,194.0,583.0,22,28
84,48,260.5,366.5,21,23
84,50,611.0,66.0,18,28
84,53,277.5,14.5,19,21
84,63,437.5,556.0,21,20
84,65,535.5,171.5,19,21
84,70,515.5,316.0,23,30
84,81,556.5,197.5,21,25
84,83,431.0,582.0,22,26
84,100,381.0,137.5,26,33
84,105,287.0,321.5,20,21
84,52,552.5,146.0,19,24
84,51,413.0,547.0,20,26
84,43,565.0,121.5,18,25
84,73,605.5,357.0,17,24
84,86,595.5,416.0,27,30
84,103,31.5,147.5,21,27
84,87,283.5,62.5,21,29
84,49,264.0,562.5,20,25
84,75,214.5,282.5,23,19
84,35,614.0,473.5,20,27
84,55,146.5,407.5,17,21
84,89,281.5,303.5,19,27
84,104,106.0,390.0,18,28
84,96,133.0,543.0,18,30
84,79,474.0,258.0,20,28
84,60,389.5,265.0,17,24
84,27,393.5,470.5,21,23
84,57,106.5,398.0,21,26
84,47,79.5,521.0,17,26
84,38,381.5,228.0,23,28
84,54,139.0,335.5,18,21
84,92,123.0,568.0,18,30
84,95,291.5,368.0,21,22
84,106,318.0,371.5,20,25
85,0,235.0,177.5,54,57
85,1,347.0,440.5,82,97
85,2,364.5,418.0,19,22
85,3,355.0,310.5,24,25
85,4,311.0,199.0,22,24
85,5,248.0,131.5,24,29
85,7,100.0,247.0,20,26
85,8,372.5,441.0,19,22
85,9,433.0,80.0,28,30
85,10,317.0,419.0,22,30
85,11,207.0,210.5,32,33
85,12,80.5,66.5,35,31
85,13,407.0,418.5,24,27
85,14,233.5,515.0,25,30
85,15,80.5,203.5,21,27
85,16,343.0,359.5,22,35
85,17,213.0,273.0,22,18
85,18,376.0,293.0,18,20
85,19,401.0,539.5,38,41
85,21,274.5,105.0,27,22
85,22,20.5,201.0,25,26
85,23,131.5,607.5,21,31
85,24,539.5,22.0,17,30
85,25,88.5,68.0,43,44
85,26,234.5,169.5,21,25
85,28,418.0,109.5,20,27
85,29,109.0,275.0,24,26
85,30,274.5,158.5,21,29
85,31,49.5,398.0,25,34
85,32,243.5,272.0,23,26
85,33,258.0,192.5,18,21
85,34,245.5,233.0,19,24
85,37,261.5,98.5,17,23
85,39,245.0,291.0,20,26
85,40,482.0,224.0,18,24
85,41,555.5,44.5,21,29
85,44,549.5,477.5,19,21
85,46,194.0,583.0,22,28
85,48,260.0,366.5,20,21
85,50,611.0,66.0,18,28
85,53,277.0,14.5,18,21
85,63,437.0,556.5,20,19
85,65,535.5,171.0,19,22
85,70,515.0,315.0,24,30
85,81,555.5,196.5,21,25
85,83,426.0,587.0,22,26
85,100,381.0,137.5,26,33
85,105,288.5,317.0,19,22
85,52,552.5,146.0,19,24
85,51,412.5,547.0,19,26
85,43,565.0,121.5,18,25
85,73,606.5,360.5,19,25
85,86,595.0,416.0,26,30
85,103,28.0,145.5,20,27
85,87,283.5,62.0,21,28
85,75,214.5,282.5,23,19
85,35,621.5,478.5,21,27
85,79,450.5,268.0,21,26
85,60,377.5,292.0,17,24
85,27,383.5,478.0,21,24
85,57,122.0,399.5,22,27
85,47,87.0,507.5,18,27
85,38,351.0,252.0,22,28
85,54,147.0,328.5,18,21
85,92,131.0,564.0,18,30
85,95,335.5,291.5,21,25
85,106,287.5,360.5,19,25
85,101,338.0,250.0,20,28
85,102,215.0,336.0,20,26
85,98,144.5,420.0,21,30
85,94,395.5,200.0,19,22
85,71,167.5,495.5,21,29
86,0,234.5,177.0,55,56
86,1,347.0,439.5,82,97
86,2,364.0,417.0,18,22
86,3,355.0,310.5,24,25
86,4,311.0,199.0,22,24
86,5,248.0,131.5,24,29
86,7,100.0,247.0,20,26
86,8,372.0,440.5,20,21
86,9,433.0,80.0,28,30
86,10,316.5,419.0,21,30
86,11,206.5,210.0,31,34
86,12,80.5,66.5,35,31
86,13,408.5,420.0,23,26
86,14,233.5,515.0,25,30
86,15,80.5,203.5,21,27
86,16,343.0,359.5,22,35
86,17,212.5,273.0,21,18
86,18,376.0,293.0,18,20
86,19,400.5,539.0,37,42
86,21,275.0,105.0,26,22
86,22,20.5,200.5,25,25
86,23,131.5,607.5,21,31
86,24,539.5,21.0,17,30
86,25,88.0,68.5,42,43
86,26,234.5,168.5,21,25
86,28,418.0,109.5,20,27
86,29,109.0,275.0,24,26
86,30,275.0,158.5,20,29
86,31,50.0,399.5,26,35
86,32,243.0,272.0,22,26
86,33,258.0,192.5,18,21
86,34,244.5,239.0,19,24
86,37,261.5,98.5,17,23
86,39,245.0,291.0,20,26
86,40,482.0,223.5,18,23
86,41,555.5,44.5,21,29
86,44,549.5,478.0,19,20
86,46,194.0,583.5,22,27
86,48,260.0,367.0,20,20
86,50,611.5,67.0,17,28
86,53,276.5,14.5,17,21
86,63,437.5,556.0,21,20
86,65,535.5,171.0,19,22
86,70,515.0,314.5,24,29
86,81,555.0,196.5,22,25
86,83,420.0,592.0,24,28
86,100,381.0,137.5,26,33
86,105,292.5,309.0,19,22
86,52,552.5,146.0,19,24
86,51,412.5,546.5,19,25
86,43,565.0,121.5,18,25
86,73,606.5,364.0,21,26
86,86,594.5,415.5,25,29
86,103,21.0,147.0,20,26
86,87,283.5,61.0,21,28
86,75,214.0,282.5,24,19
86,35,622.0,487.0,20,26
86,38,320.5,276.0,23,28
86,54,153.0,323.5,24,29
86,92,139.5,560.5,19,29
86,95,379.5,214.5,21,29
86,106,257.5,350.0,17,24
86,101,362.5,223.5,21,29
86,102,228.5,340.0,19,26
86,98,148.0,378.0,22,30
86,94,338.0,207.0,18,22
86,71,150.0,538.5,20,31
86,99,399.0,322.5,22,27
86,90,370.0,319.5,20,27
86,78,279.5,520.5,21,25
86,49,255.5,435.0,19,24
86,55,335.5,251.5,19,27
86,104,214.5,261.0,19,24
86,96,123.0,567.5,18,29
87,0,234.5,176.5,57,57
87,1,347.0,440.5,80,97
87,2,363.5,418.0,17,22
87,3,356.0,311.5,24,25
87,4,311.0,199.5,22,23
87,5,248.0,132.0,24,30
87,7,101.0,248.0,20,26
87,8,372.5,441.5,19,21
87,9,433.5,80.0,27,32
87,10,317.0,419.0,22,30
87,11,206.0,210.5,32,35
87,12,80.5,66.0,35,32
87,13,408.5,420.5,23,25
87,14,234.5,515.0,25,30
87,15,80.5,203.0,21,28
87,16,343.0,360.0,22,36
87,17,212.5,273.5,21,17
87,18,376.5,293.0,17,18
87,19,400.5,539.0,37,42
87,21,275.0,106.0,26,22
87,22,20.5,200.5,25,25
87,23,131.5,607.5,21,31
87,24,540.0,21.0,18,32
87,25,88.0,68.5,42,43
87,26,234.5,167.5,21,25
87,28,418.5,109.5,21,27
87,29,108.5,276.0,25,26
87,30,275.0,158.0,20,28
87,31,50.0,400.0,28,36
87,32,243.0,271.0,22,26
87,33,257.5,192.5,17,21
87,34,242.5,244.0,19,24
87,37,261.5,99.0,17,24
87,39,245.0,292.0,20,26
87,40,482.0,224.0,18,24
87,41,556.0,45.5,22,29
87,44,550.0,478.0,20,20
87,46,193.5,584.5,21,27
87,48,259.0,368.0,20,20
87,50,611.5,68.0,17,28
87,53,276.5,15.0,17,22
87,63,438.5,556.0,21,22
87,65,535.5,172.0,17,22
87,70,515.0,314.5,24,29
87,81,555.0,196.0,22,26
87,83,418.0,592.5,24,27
87,100,381.0,138.0,26,34
87,105,295.5,310.0,19,22
87,52,553.0,146.0,20,24
87,51,412.5,546.0,19,24
87,43,565.5,121.5,17,25
87,73,603.5,369.5,15,23
87,86,594.5,415.5,25,29
87,103,18.5,146.0,21,26
87,87,283.0,60.5,22,29
87,75,214.5,282.5,23,19
87,35,619.0,491.5,18,25
87,54,154.0,322.0,24,32
87,101,394.5,188.0,21,30
87,102,246.0,345.0,18,24
87,98,152.0,336.0,22,30
87,94,281.0,213.5,18,21
87,71,133.0,581.0,20,32
87,99,398.0,354.0,22,26
87,90,335.0,294.0,20,26
87,78,275.0,565.5,20,25
87,49,251.5,397.0,19,24
87,55,388.0,208.5,20,29
87,104,253.0,220.5,18,21
87,96,122.0,568.5,18,29
87,27,190.0,611.5,20,17
87,57,215.0,275.5,22,27
87,47,284.5,474.0,21,26
88,0,234.5,176.0,57,56
88,1,346.5,440.5,79,97
88,2,363.5,418.0,17,22
88,3,356.0,311.5,24,25
88,4,311.0,199.5,22,23
88,5,248.5,132.0,23,30
88,7,101.0,248.0,20,26
88,8,373.0,441.5,18,21
88,9,434.0,80.0,28,32
88,10,317.0,419.0,24,30
88,11,206.0,210.0,32,34
88,12,79.5,66.5,35,33
88,13,409.0,420.5,22,25
88,14,234.5,515.0,25,30
88,15,80.0,202.5,22,27
88,16,343.0,360.5,22,35
88,17,213.0,274.0,22,18
88,18,376.5,293.5,17,19
88,19,401.0,538.0,36,42
88,21,275.0,106.0,26,22
88,22,21.0,200.0,26,26
88,23,132.5,608.5,21,31
88,24,540.0,21.0,18,32
88,25,88.0,68.5,42,43
88,26,234.5,168.0,21,24
88,28,418.5,110.0,21,28
88,29,108.0,276.0,24,26
88,30,275.0,157.5,20,29
88,31,50.0,400.5,28,35
88,32,242.0,270.0,22,26
88,33,258.0,192.0,18,22
88,37,261.5,99.0,17,24
88,39,245.0,291.5,20,25
88,40,483.0,224.0,18,24
88,41,556.5,45.5,21,29
88,44,550.0,478.5,20,21
88,46,194.0,584.5,20,27
88,48,259.5,367.5,21,21
88,50,612.0,68.0,18,28
88,53,276.5,15.0,17,22
88,63,438.5,555.0,21,22
88,65,535.5,172.0,17,22
88,70,515.5,314.5,25,29
88,81,555.5,196.0,23,26
88,83,417.5,591.0,25,26
88,100,381.5,138.5,25,33
88,105,298.5,311.5,21,21
88,52,553.5,146.0,19,24
88,51,409.0,541.0,20,26
88,43,565.5,122.5,17,25
88,73,602.5,373.0,17,24
88,86,594.0,414.5,26,29
88,103,18.0,145.5,20,25
88,87,282.5,60.5,21,29
88,35,618.0,493.5,18,23
88,54,153.5,322.0,25,32
88,101,423.0,157.5,22,31
88,102,262.5,350.0,17,22
88,99,397.0,385.5,22,25
88,90,300.0,268.5,20,25
88,78,270.5,611.0,21,24
88,49,248.5,359.0,19,24
88,55,441.5,165.0,21,30
88,104,291.5,180.0,17,18
88,96,122.0,568.0,18,30
88,27,133.0,651.5,20,15
88,57,254.0,244.5,20,27
88,47,342.0,458.5,22,27
88,97,304.5,506.5,21,23
88,79,313.5,207.0,19,24
88,60,246.5,346.5,17,23
88,38,144.0,509.0,22,18
88,95,395.5,187.0,21,30
89,0,234.5,176.5,57,57
89,1,347.0,440.5,80,97
89,2,363.5,418.0,17,22
89,3,356.0,311.5,24,25
89,4,311.0,199.5,22,23
89,5,249.0,132.0,24,30
89,7,101.0,248.0,20,26
89,8,373.0,441.0,18,22
89,9,433.5,80.0,27,32
89,10,316.5,419.0,23,30
89,11,206.0,209.5,32,33
89,12,79.5,66.5,35,33
89,13,409.0,419.5,20,25
89,14,234.5,515.0,25,30
89,15,80.0,203.5,22,27
89,16,343.0,360.5,22,35
89,17,213.0,274.0,22,18
89,18,377.0,293.5,18,19
89,19,401.0,537.0,36,42
89,21,275.0,106.0,26,22
89,22,21.0,200.0,26,26
89,23,132.5,608.5,21,31
89,24,540.0,21.0,18,32
89,25,88.0,68.0,42,44
89,26,234.0,168.0,22,24
89,28,418.0,110.0,22,28
89,29,108.0,276.0,24,26
89,30,275.0,157.5,20,29
89,31,50.0,400.5,28,35
89,32,241.0,270.0,22,26
89,33,259.0,193.0,18,22
89,37,261.5,99.0,17,24
89,39,244.0,291.0,20,24
89,40,483.0,224.0,18,24
89,41,556.5,45.5,21,29
89,44,550.0,478.5,20,21
89,46,193.5,584.5,21,27
89,48,260.5,366.5,21,21
89,50,612.0,68.0,18,28
89,53,277.0,15.0,18,22
89,63,438.5,554.5,21,21
89,65,535.5,172.0,17,22
89,70,516.0,315.0,24,28
89,81,555.0,197.0,22,26
89,83,418.0,592.0,24,28
89,100,382.0,138.5,26,33
89,105,301.5,312.0,21,22
89,52,553.5,145.5,19,25
89,51,407.0,539.5,22,27
89,43,565.5,122.5,17,25
89,73,600.5,375.5,19,25
89,86,594.0,414.5,26,29
89,103,18.0,144.5,20,27
89,87,282.5,60.5,21,29
89,35,619.5,495.0,19,24
89,54,153.0,323.0,24,30
89,101,451.0,127.0,22,32
89,102,278.0,355.0,16,22
89,99,393.5,417.5,21,25
89,104,330.0,139.0,16,16
89,96,122.0,568.0,18,30
89,27,77.0,690.5,20,13
89,57,292.5,213.5,19,27
89,47,400.5,443.5,23,27
89,97,327.5,490.5,21,23
89,79,276.0,197.0,18,24
89,60,214.0,367.5,18,23
89,38,82.5,582.0,23,16
89,95,417.5,149.0,21,32
89,88,457.5,188.0,23,26
89,34,246.5,302.5,19,23
89,75,238.5,245.0,19,20
89,98,215.0,277.5,20,27
90,0,234.5,176.5,57,57
90,1,347.0,439.5,80,97
90,2,363.5,417.0,17,22
90,3,356.0,311.5,24,25
90,4,311.0,198.5,22,23
90,5,249.0,131.0,24,30
90,7,101.0,247.0,20,26
90,8,373.0,440.0,18,22
90,9,433.0,80.0,26,32
90,10,316.5,419.0,23,32
90,11,206.5,209.5,33,33
90,12,79.5,66.0,35,32
90,13,408.5,419.0,21,24
90,14,234.5,515.0,25,32
90,15,80.0,203.5,22,27
90,16,343.0,360.5,22,35
90,17,213.0,273.5,22,19
90,18,377.0,293.5,18,19
90,19,401.0,537.0,36,42
90,21,275.0,105.0,26,22
90,22,20.5,200.0,25,26
90,23,132.0,607.5,22,31
90,24,540.0,21.0,18,32
90,25,87.5,67.5,41,45
90,26,233.5,169.0,23,24
90,28,417.5,109.5,23,29
90,29,108.0,275.0,24,26
90,30,275.0,157.5,20,29
90,31,50.0,400.5,28,35
90,32,241.5,270.0,21,26
90,33,259.0,193.5,18,21
90,37,261.5,98.5,17,25
90,39,244.5,291.5,19,25
90,40,483.0,224.0,18,24
90,41,556.5,45.5,21,29
90,44,550.0,478.5,20,21
90,46,193.0,584.0,22,26
90,48,260.5,365.5,21,21
90,50,612.0,68.0,18,28
90,53,277.0,14.0,18,22
90,63,438.5,554.0,21,22
90,65,535.0,172.0,18,22
90,70,516.0,315.5,24,29
90,81,555.0,197.5,20,25
90,83,418.0,593.0,24,28
90,100,382.0,138.5,26,33
90,105,304.5,310.0,21,22
90,52,553.5,145.0,19,26
90,51,407.0,540.0,22,26
90,43,565.5,122.5,17,25
90,73,599.5,378.0,19,26
90,86,594.5,415.0,27,30
90,103,17.5,141.0,19,28
90,87,283.0,61.0,20,28
90,35,622.0,496.0,20,26
90,54,153.0,323.0,24,30
90,99,391.0,449.0,20,26
90,96,122.0,568.0,18,30
90,57,330.5,182.5,17,25
90,97,351.0,474.0,22,22
90,79,238.5,188.0,17,24
90,60,182.0,389.5,18,23
90,38,21.0,655.0,22,14
90,95,440.5,110.0,21,34
90,88,445.5,175.0,23,28
90,34,247.0,321.5,18,23
90,75,245.5,234.5,19,21
90,98,236.0,243.5,20,27
90,62,483.0,217.5,20,27
90,68,488.0,367.5,20,25
90,94,250.0,294.5,18,23
90,90,255.0,228.0,18,22
90,49,253.0,288.5,20,25
91,0,234.5,176.5,57,57
91,1,347.0,440.5,82,97
91,2,363.0,418.0,18,22
91,3,355.0,311.5,24,25
91,4,310.0,199.0,22,22
91,5,249.0,131.0,24,30
91,7,100.0,247.0,20,26
91,8,373.0,440.5,18,23
91,9,433.0,80.0,26,32
91,10,317.0,419.0,22,32
91,11,206.5,209.5,33,33
91,12,79.5,66.0,35,32
91,13,408.5,418.5,21,25
91,14,233.5,515.0,25,32
91,15,79.5,203.5,21,27
91,16,342.0,360.5,22,35
91,17,212.5,273.5,23,19
91,18,376.5,293.5,19,19
91,19,400.5,537.5,37,41
91,21,274.5,105.0,27,22
91,22,19.5,200.5,25,27
91,23,131.0,607.5,22,31
91,24,540.0,21.5,18,31
91,25,87.5,67.5,41,43
91,26,233.5,169.0,21,24
91,28,417.5,110.0,23,28
91,29,108.0,275.0,24,26
91,30,274.0,157.5,20,29
91,31,50.0,400.0,28,36
91,32,242.0,270.0,22,26
91,33,258.0,192.5,18,21
91,37,261.5,98.5,17,25
91,39,244.5,291.5,19,25
91,40,482.5,224.0,19,24
91,41,556.5,45.5,21,29
91,44,549.0,478.5,20,21
91,46,193.0,584.0,22,26
91,48,259.5,366.5,21,21
91,50,612.0,68.0,18,28
91,53,277.0,14.0,18,22
91,63,438.5,553.5,21,21
91,65,534.5,172.0,19,22
91,70,515.0,315.5,24,29
91,81,554.5,197.0,21,26
91,83,417.0,593.5,24,29
91,100,382.0,138.5,26,33
91,105,305.5,309.5,21,21
91,52,553.5,145.0,19,26
91,51,407.0,540.0,22,26
91,43,565.0,122.0,16,26
91,73,602.5,378.5,19,25
91,86,595.0,415.5,28,31
91,103,16.0,139.0,20,28
91,87,282.5,61.0,21,28
91,35,621.5,498.0,19,24
91,54,152.0,323.5,24,31
91,99,389.0,481.0,20,26
91,96,122.0,567.5,18,29
91,88,432.5,162.0,23,28
91,34,247.0,348.5,18,23
91,75,255.0,221.0,18,22
91,98,256.0,209.5,20,25
91,62,471.5,205.0,21,28
91,68,478.0,382.5,20,25
91,94,227.5,316.5,17,23
91,90,227.5,205.5,17,21
91,49,255.5,254.0,21,26
91,101,395.5,187.0,21,30
91,102,335.5,392.0,19,24
92,0,234.0,177.0,56,56
92,1,347.0,440.5,82,97
92,2,363.0,418.0,18,22
92,3,355.0,311.5,24,25
92,4,310.0,199.5,22,23
92,5,248.0,132.0,24,30
92,7,100.0,248.0,20,26
92,8,372.0,440.5,18,23
92,9,432.5,80.5,27,31
92,10,317.5,419.0,21,30
92,11,206.5,210.0,31,32
92,12,79.5,66.5,35,31
92,13,408.0,418.5,22,25
92,14,233.5,515.5,25,31
92,15,79.5,202.5,21,27
92,16,342.0,360.5,22,35
92,17,212.0,274.0,22,18
92,18,376.0,293.5,18,19
92,19,400.5,538.5,37,41
92,21,274.0,106.0,26,22
92,22,20.0,201.5,26,27
92,23,131.0,608.5,22,31
92,24,539.0,21.5,18,31
92,25,87.0,68.0,42,42
92,26,233.5,169.0,21,24
92,28,417.0,110.0,22,28
92,29,108.0,276.0,24,26
92,30,274.0,158.5,20,29
92,31,49.0,399.5,28,35
92,32,242.0,270.5,22,25
92,33,257.5,192.5,17,21
92,37,260.5,99.0,17,24
92,39,244.5,291.5,19,25
92,40,482.0,224.5,18,25
92,41,555.5,45.5,21,29
92,44,549.0,478.5,20,21
92,46,194.0,584.5,22,27
92,48,259.0,366.5,20,21
92,50,611.0,68.0,18,28
92,53,276.0,15.0,18,22
92,63,438.5,553.5,21,21
92,65,534.5,172.0,19,22
92,70,515.0,315.5,24,29
92,81,554.0,197.0,22,26
92,83,411.5,595.5,21,27
92,100,381.5,138.5,27,33
92,105,307.5,310.0,21,22
92,52,552.5,145.0,19,26
92,51,407.0,540.0,22,26
92,43,564.5,122.0,17,26
92,73,604.0,380.5,18,25
92,86,595.0,415.5,28,31
92,103,13.5,140.5,21,27
92,87,282.0,60.5,22,27
92,35,619.5,501.0,19,24
92,54,152.0,323.5,24,31
92,96,122.0,567.0,18,30
92,34,246.5,371.5,17,23
92,75,263.5,208.5,17,23
92,62,460.0,191.5,20,29
92,68,468.5,397.5,19,25
92,94,205.0,338.5,18,23
92,90,199.5,184.0,17,20
92,49,256.0,220.5,18,23
92,101,393.5,189.0,21,30
92,102,359.0,404.5,20,23
92,27,136.0,634.5,20,11
92,97,394.0,419.0,22,24
92,60,246.0,349.5,18,23
93,0,234.0,177.0,56,56
93,1,347.5,439.5,81,97
93,2,364.0,417.0,18,22
93,3,355.0,310.5,24,25
93,4,310.0,198.5,22,23
93,5,248.0,131.0,24,30
93,7,100.0,248.0,20,26
93,8,372.0,440.0,18,22
93,9,432.5,79.5,27,31
93,10,318.0,418.0,22,30
93,11,207.0,210.0,30,32
93,12,80.0,66.5,34,31
93,13,409.0,418.0,22,26
93,14,234.5,514.5,25,31
93,15,78.5,202.5,21,27
93,16,342.0,359.5,22,35
93,17,212.0,273.5,22,17
93,18,376.0,293.0,18,20
93,19,401.5,539.0,37,42
93,21,274.0,105.0,26,22
93,22,20.0,201.5,26,27
93,23,131.5,608.0,23,30
93,24,539.0,20.5,18,31
93,25,87.0,68.0,42,42
93,26,234.0,168.5,20,23
93,28,417.0,109.0,22,28
93,29,108.0,276.0,24,26
93,30,275.0,159.5,20,29
93,31,49.0,399.5,28,35
93,32,241.5,271.5,23,25
93,33,257.5,192.0,17,22
93,37,260.5,98.0,17,24
93,39,244.0,291.5,20,27
93,40,482.0,224.0,18,26
93,41,555.5,44.5,21,29
93,44,550.0,477.5,20,21
93,46,195.0,584.0,22,28
93,48,259.0,367.5,20,21
93,50,611.0,67.0,18,28
93,53,276.0,14.0,18,22
93,63,438.5,553.5,21,21
93,65,534.5,171.0,19,22
93,70,515.0,314.5,24,29
93,81,554.0,196.5,22,25
93,83,409.0,597.5,20,27
93,100,381.0,137.5,26,33
93,105,310.5,309.0,21,22
93,52,552.5,145.0,19,24
93,51,407.0,540.5,22,25
93,43,564.5,121.5,17,25
93,73,602.5,384.5,17,23
93,86,594.0,415.5,28,31
93,103,11.5,139.5,21,27
93,87,282.5,60.5,21,27
93,35,618.0,503.5,20,25
93,54,152.0,323.5,24,31
93,96,123.0,567.0,18,30
93,34,246.5,394.5,17,23
93,75,272.0,196.0,16,24
93,49,257.0,186.0,18,22
93,101,394.5,188.5,21,31
93,102,382.5,417.5,21,23
93,27,136.5,633.0,21,10
93,97,416.0,396.0,22,24
93,60,248.0,348.5,18,23
93,78,244.5,580.0,19,24
93,57,256.5,231.0,19,24
93,99,394.5,424.0,21,24
93,88,308.5,229.5,21,27
94,0,235.5,176.5,55,55
94,1,347.5,440.5,79,97
94,2,364.5,418.0,19,22
94,3,357.0,312.0,24,26
94,4,310.5,198.0,21,20
94,5,254.0,131.0,24,30
94,7,103.0,247.0,20,26
94,8,373.0,441.0,18,22
94,9,437.0,83.0,28,30
94,10,319.0,416.5,22,31
94,11,212.0,210.5,32,33
94,12,86.5,69.0,35,32
94,13,411.0,417.0,22,24
94,14,234.5,511.5,25,31
94,15,80.5,203.0,21,28
94,16,343.0,360.0,22,34
94,17,213.5,273.5,23,17
94,18,378.0,294.5,18,19
94,19,401.5,540.0,37,42
94,21,275.5,106.0,27,22
94,22,21.0,200.5,26,27
94,23,135.0,610.5,22,29
94,24,541.5,20.5,19,31
94,25,88.5,68.0,43,44
94,26,234.5,168.5,21,23
94,28,420.0,107.5,22,27
94,29,115.0,275.0,24,26
94,30,275.0,160.0,20,30
94,31,54.5,400.0,25,34
94,32,247.0,270.0,22,26
94,33,262.0,196.5,20,19
94,37,262.5,94.5,15,23
94,39,251.0,294.5,20,25
94,40,487.0,222.0,20,24
94,41,558.5,46.5,21,29
94,44,548.5,477.0,19,20
94,46,199.0,583.5,22,27
94,48,261.0,367.5,20,21
94,50,615.5,72.0,19,28
94,53,279.0,14.5,18,23
94,63,438.5,554.0,21,22
94,65,537.5,173.0,19,22
94,70,517.0,316.5,24,29
94,81,556.5,198.5,23,25
94,83,407.5,599.5,19,27
94,100,387.0,140.5,26,25
94,105,314.5,308.5,19,23
94,52,557.0,143.0,18,24
94,51,407.5,541.0,23,26
94,43,566.0,127.5,16,23
94,73,604.0,389.0,16,22
94,86,594.5,417.0,29,30
94,103,12.0,139.0,22,26
94,87,285.0,60.0,20,26
94,35,617.0,506.5,20,25
94,54,164.0,323.0,24,30
94,96,130.0,564.0,18,30
94,49,260.5,152.0,17,20
94,101,402.5,192.0,21,30
94,27,137.0,631.0,20,10
94,97,440.0,373.5,22,25
94,60,253.0,345.0,18,24
94,78,240.0,578.0,18,24
94,57,251.5,234.0,19,24
94,99,396.5,421.5,21,25
94,88,269.0,244.0,20,28
94,84,440.5,543.0,19,26
94,76,575.5,165.0,21,24
94,67,342.5,72.5,23,27
94,77,80.5,113.5,21,33
94,85,541.5,474.0,23,28
94,59,574.5,318.5,21,23
94,45,414.0,544.0,20,24
94,89,508.0,177.0,20,28
94,104,447.0,242.0,18,22
94,47,479.5,370.5,23,23
94,79,254.5,221.0,17,22
94,98,420.0,212.5,22,23
94,62,294.0,307.0,24,30
94,68,348.0,430.5,22,27
94,94,215.5,518.5,19,17
95,0,234.0,176.5,56,55
95,1,346.0,440.0,80,98
95,2,363.5,417.0,19,22
95,3,356.0,311.5,24,25
95,4,309.5,198.0,21,22
95,5,250.0,131.0,24,30
95,7,100.5,248.0,19,26
95,8,371.0,440.5,18,21
95,9,433.5,80.5,27,31
95,10,317.5,418.0,23,30
95,11,208.0,209.5,32,33
95,12,81.5,67.0,35,32
95,13,409.5,417.5,21,25
95,14,234.0,513.5,24,31
95,15,78.5,203.5,21,27
95,16,342.0,359.5,22,35
95,17,212.0,273.0,22,18
95,18,376.0,294.0,18,20
95,19,401.0,539.0,38,42
95,21,273.5,105.0,27,22
95,22,19.0,201.5,26,27
95,23,133.0,609.0,22,30
95,24,539.0,21.0,18,30
95,25,87.0,68.5,42,43
95,26,232.5,168.5,21,23
95,28,417.0,108.5,22,27
95,29,110.5,276.0,25,26
95,30,274.0,159.5,20,29
95,31,50.5,400.5,27,35
95,32,244.5,261.5,21,27
95,33,258.5,194.0,19,22
95,37,260.5,97.0,17,24
95,39,246.5,292.5,21,25
95,40,483.5,223.0,19,24
95,41,556.5,45.5,21,29
95,44,549.0,477.5,20,21
95,46,195.0,584.0,22,28
95,48,259.0,366.5,20,21
95,50,612.0,68.0,18,28
95,53,276.5,14.5,19,23
95,63,437.5,552.5,21,21
95,65,534.5,171.0,19,22
95,70,516.0,315.5,24,29
95,81,554.0,197.0,22,24
95,83,413.0,605.5,24,29
95,100,382.5,138.0,25,30
95,105,314.5,310.0,21,22
95,52,553.5,143.0,19,24
95,51,411.0,544.5,20,27
95,43,564.5,123.5,17,25
95,73,601.5,387.0,17,24
95,86,593.5,414.5,27,29
95,103,9.5,140.0,19,26
95,87,282.0,59.5,20,27
95,35,618.5,509.5,19,25
95,54,168.0,322.5,24,29
95,96,133.0,563.0,18,30
95,101,403.5,193.0,21,30
95,27,137.0,633.5,20,11
95,60,255.0,342.0,18,26
95,78,234.5,580.5,19,25
95,57,242.5,236.5,19,23
95,99,396.0,418.0,20,24
95,88,226.0,257.5,20,27
95,84,430.5,529.5,19,27
95,76,554.0,157.0,22,24
95,67,340.5,72.5,23,27
95,77,79.0,113.5,22,33
95,85,551.0,466.0,22,28
95,59,585.5,316.5,21,23
95,45,416.5,551.5,21,23
95,89,528.0,162.0,20,28
95,104,469.5,255.5,19,23
95,47,497.0,354.5,22,23
95,79,253.0,222.5,18,23
95,98,463.5,204.0,23,22
95,62,239.5,334.5,25,31
95,68,308.5,445.5,23,27
95,94,208.5,581.0,19,16
95,6,407.0,231.0,24,26
95,92,122.0,567.5,18,29
95,106,195.5,334.0,21,28
95,34,246.5,350.5,17,23
95,75,338.0,201.0,20,28
95,102,392.5,431.0,21,24
96,0,234.0,176.5,56,55
96,1,345.5,440.5,81,99
96,2,363.5,417.0,19,22
96,3,355.0,311.5,24,25
96,4,309.5,198.5,21,23
96,5,248.5,131.0,25,30
96,7,100.0,248.0,18,26
96,8,371.0,440.5,18,21
96,9,433.5,80.5,27,31
96,10,317.0,418.0,22,30
96,11,207.0,210.5,32,33
96,12,80.5,66.0,35,32
96,13,409.0,419.0,22,26
96,14,233.5,514.5,25,31
96,15,79.0,203.5,20,27
96,16,342.0,359.5,22,35
96,17,212.0,273.0,22,16
96,18,376.0,294.0,18,20
96,19,400.0,539.0,38,42
96,21,273.5,106.0,27,22
96,22,19.5,201.0,25,26
96,23,132.0,608.0,22,30
96,24,539.0,21.0,18,30
96,25,87.0,68.5,42,43
96,26,232.5,169.0,21,24
96,28,417.0,109.0,22,28
96,29,109.0,276.0,24,26
96,30,275.0,158.5,20,29
96,31,50.0,400.5,28,35
96,32,241.0,263.5,22,29
96,33,258.0,192.0,18,22
96,37,260.5,98.0,17,24
96,39,245.5,291.5,21,27
96,40,483.0,223.5,18,25
96,41,555.5,45.5,21,29
96,44,549.0,477.5,20,21
96,46,194.0,584.5,22,29
96,48,259.0,367.5,20,21
96,50,612.0,68.0,18,28
96,53,276.0,14.5,18,23
96,63,437.5,552.0,21,20
96,65,534.5,171.0,19,22
96,70,515.0,316.5,24,29
96,81,554.0,196.5,22,25
96,83,406.5,609.5,25,29
96,100,381.5,137.5,25,31
96,105,315.5,311.0,21,22
96,52,553.5,144.0,19,24
96,51,408.5,543.5,23,27
96,43,564.5,122.5,17,25
96,73,599.5,393.0,17,24
96,86,594.5,414.0,25,28
96,103,7.5,140.0,15,24
96,87,281.5,59.5,21,27
96,35,617.5,516.5,19,25
96,54,174.0,322.5,24,29
96,96,137.0,561.0,18,30
96,101,406.5,195.0,21,30
96,27,136.5,633.5,19,11
96,60,258.5,339.0,19,26
96,78,230.5,581.5,19,25
96,84,420.5,517.0,19,26
96,76,536.0,150.5,22,25
96,67,341.0,72.5,24,27
96,77,79.0,112.5,22,33
96,85,561.5,459.5,23,29
96,59,597.5,316.5,21,23
96,45,419.5,560.0,21,24
96,89,550.0,150.0,20,28
96,104,493.5,270.0,19,24
96,47,515.5,339.0,23,22
96,79,254.5,221.5,19,23
96,98,509.0,195.5,24,21
96,62,186.0,361.0,26,32
96,68,269.5,461.0,23,28
96,94,202.5,644.0,19,14
96,6,390.5,233.0,25,26
96,92,121.5,568.5,17,29
96,106,191.5,333.0,21,28
96,34,246.0,349.5,18,23
96,75,361.0,197.0,20,28
96,102,404.5,440.5,21,23
96,42,253.0,149.5,20,21
96,64,610.5,345.5,13,25
96,20,371.5,317.5,21,27
96,49,338.0,200.5,20,27
97,0,234.5,176.5,55,57
97,1,346.0,440.5,80,97
97,2,364.5,418.0,19,22
97,3,355.0,311.0,24,24
97,4,310.0,199.5,22,23
97,5,247.5,131.5,25,31
97,7,99.5,247.0,19,26
97,8,372.5,441.0,19,22
97,9,432.5,79.5,27,31
97,10,317.0,419.0,22,30
97,11,206.0,210.5,32,33
97,12,79.5,65.5,35,33
97,13,408.0,418.5,22,25
97,14,233.5,515.0,25,30
97,15,80.0,203.0,20,26
97,16,343.0,360.0,22,34
97,17,212.5,273.0,21,16
97,18,376.0,293.5,18,21
97,19,400.0,539.5,38,41
97,21,274.0,106.0,26,22
97,22,20.5,200.0,25,26
97,23,131.0,607.5,22,31
97,24,540.0,21.5,18,31
97,25,88.0,67.5,42,43
97,26,232.5,168.5,21,25
97,28,417.5,110.0,21,28
97,29,108.0,275.5,24,27
97,30,276.0,157.5,20,29
97,31,49.0,400.0,28,36
97,32,241.5,268.0,21,26
97,33,258.0,191.0,18,22
97,37,261.5,99.0,17,24
97,39,244.5,291.0,21,26
97,40,482.0,224.5,18,25
97,41,555.5,45.5,21,29
97,44,550.0,478.0,20,20
97,46,193.5,583.5,21,27
97,48,259.0,367.5,20,21
97,50,611.0,67.0,18,28
97,53,277.0,14.5,18,21
97,63,437.5,551.5,21,21
97,65,534.5,170.0,19,22
97,70,514.5,316.5,23,29
97,81,553.0,195.5,22,25
97,83,401.5,613.0,23,28
97,100,381.0,137.5,26,33
97,105,323.5,315.0,21,22
97,52,552.5,145.0,19,24
97,51,407.5,542.0,23,26
97,43,565.0,121.5,18,25
97,73,598.0,399.0,18,24
97,86,594.5,415.0,25,28
97,103,6.0,140.0,12,22
97,87,281.5,58.0,21,28
97,35,616.5,521.5,19,25
97,27,136.0,634.5,20,11
97,78,225.5,582.0,19,26
97,79,255.5,221.5,19,23
97,6,374.0,235.0,24,26
97,92,121.5,568.5,17,29
97,106,187.0,332.5,22,29
97,34,246.0,349.5,18,23
97,75,392.5,188.0,21,30
97,102,416.5,450.0,21,24
97,42,253.5,155.5,21,21
97,64,586.5,340.0,13,26
97,20,358.5,314.5,21,27
97,49,362.0,200.0,20,28
97,69,49.0,103.5,18,25
97,95,295.0,239.5,22,25
97,99,538.5,356.5,13,27
97,88,190.5,297.0,23,28
98,0,234.5,177.0,55,56
98,1,347.0,440.5,80,97
98,2,364.5,418.0,19,22
98,3,355.5,310.5,23,25
98,4,310.0,199.5,22,23
98,5,247.5,131.5,25,31
98,7,99.5,247.0,19,26
98,8,373.0,440.0,18,22
98,9,432.5,79.5,27,31
98,10,317.5,419.0,21,30
98,11,206.5,210.5,31,33
98,12,79.0,65.0,34,32
98,13,408.0,417.5,22,25
98,14,233.0,515.0,24,30
98,15,80.0,202.5,20,27
98,16,343.0,360.0,22,34
98,17,212.5,273.5,21,15
98,18,376.0,293.0,16,20
98,19,400.0,539.5,38,41
98,21,274.0,106.0,26,22
98,22,20.0,200.0,26,26
98,23,130.5,607.0,21,30
98,24,540.0,21.5,18,31
98,25,88.5,67.5,43,43
98,26,233.5,169.5,21,25
98,28,417.5,109.5,21,27
98,29,108.0,275.0,24,26
98,30,275.0,157.5,20,29
98,31,48.5,400.0,27,36
98,32,241.0,271.0,22,26
98,33,257.5,191.0,19,22
98,37,261.5,99.0,17,24
98,39,244.5,291.0,21,26
98,40,482.0,224.5,18,25
98,41,555.0,44.5,20,29
98,44,550.5,478.5,19,21
98,46,193.5,583.5,21,27
98,48,260.0,367.5,20,21
98,50,611.0,66.5,18,27
98,53,277.5,14.5,19,21
98,63,438.5,550.0,21,20
98,65,535.5,170.0,19,22
98,70,514.5,315.5,23,29
98,81,552.5,195.5,21,25
98,83,401.5,618.0,23,28
98,100,380.5,137.5,27,35
98,105,328.5,314.5,23,23
98,52,553.0,145.0,18,24
98,51,407.0,541.0,22,26
98,43,564.5,121.5,19,25
98,73,597.5,404.0,19,24
98,86,593.5,415.5,25,27
98,103,4.0,134.5,8,23
98,87,281.0,57.0,22,28
98,35,615.0,526.5,18,25
98,27,136.0,634.5,20,11
98,79,255.5,220.5,19,23
98,92,121.0,568.5,18,29
98,34,246.5,349.5,19,23
98,75,420.5,181.5,21,31
98,42,254.5,161.0,21,22
98,64,562.5,334.5,13,25
98,20,345.0,311.0,22,26
98,49,385.5,199.5,21,29
98,69,49.0,101.0,18,24
98,95,273.0,260.5,22,23
98,99,582.0,337.0,10,28
98,88,163.5,314.0,23,28
98,96,180.5,396.0,21,24
98,60,337.5,250.0,19,28
98,68,218.0,368.5,24,29
99,0,234.5,177.0,53,54
99,1,347.0,440.5,80,97
99,2,364.5,418.0,19,22
99,3,355.5,310.5,23,25
99,4,310.0,199.5,22,23
99,5,247.5,131.5,25,31
99,7,99.5,247.0,19,26
99,8,372.5,440.0,19,22
99,9,432.5,79.5,27,31
99,10,318.0,419.0,22,30
99,11,206.5,209.5,31,33
99,12,78.5,65.0,35,32
99,13,408.0,417.0,22,26
99,14,233.0,515.5,24,31
99,15,80.0,202.5,20,27
99,16,343.0,359.5,22,33
99,17,212.5,273.5,21,15
99,18,376.0,292.5,16,19
99,19,400.0,539.5,38,41
99,21,273.5,105.0,25,22
99,22,20.0,200.0,26,26
99,23,130.5,607.0,21,30
99,24,539.5,21.5,19,31
99,25,88.5,67.5,43,43
99,26,234.5,170.0,21,24
99,28,417.0,109.5,20,27
99,29,108.0,275.0,24,26
99,30,275.0,156.5,20,29
99,31,48.5,399.5,27,35
99,32,240.5,270.5,23,27
99,33,256.5,191.0,19,22
99,37,261.5,99.0,17,24
99,39,244.5,291.0,21,26
99,40,482.0,224.5,18,25
99,41,555.5,44.5,19,29
99,44,550.5,478.5,19,21
99,46,193.5,583.5,21,27
99,48,260.0,366.5,20,21
99,50,611.0,66.5,18,27
99,53,276.5,14.5,19,21
99,63,439.5,549.0,21,20
99,65,535.0,170.0,18,22
99,70,515.0,314.5,22,29
99,81,552.0,196.0,22,26
99,83,401.0,621.0,22,28
99,100,381.5,137.5,27,35
99,105,331.5,314.5,23,23
99,52,553.5,145.0,17,24
99,51,406.5,541.5,23,27
99,43,564.5,121.0,19,26
99,73,594.0,413.0,26,30
99,86,592.5,416.0,25,28
99,103,3.0,130.0,6,24
99,87,282.0,55.0,22,28
99,35,614.5,529.5,17,25
99,27,136.0,634.5,20,11
99,79,255.0,220.0,18,22
99,92,121.0,568.0,18,28
99,34,247.0,349.5,18,23
99,75,448.0,175.0,22,32
99,69,49.0,98.0,18,24
99,95,250.5,281.0,21,22
99,99,625.0,317.5,8,29
99,88,137.0,331.0,24,28
99,96,195.0,347.0,22,22
99,60,362.0,223.5,20,29
99,68,186.5,347.0,25,30
99,54,299.0,244.0,22,30
99,77,40.0,51.5,20,23
99,59,619.5,305.5,13,27
99,78,226.5,581.5,19,25
99,6,225.5,279.5,23,23
99,106,152.0,323.0,24,30
100,0,236.0,177.5,54,55
100,1,347.5,440.5,81,97
100,2,364.5,418.0,19,22
100,3,357.5,312.0,23,26
100,4,311.0,198.0,22,20
100,5,254.0,131.0,24,30
100,7,103.0,247.0,20,26
100,8,373.0,441.0,18,22
100,9,437.0,83.0,28,30
100,10,319.0,416.0,22,30
100,11,212.0,209.5,32,33
100,12,86.5,68.5,35,31
100,13,410.5,416.5,23,25
100,14,234.0,511.5,24,31
100,15,81.0,203.5,20,27
100,16,343.0,360.0,22,34
100,17,214.0,273.5,24,17
100,18,377.5,294.0,17,20
100,19,401.0,540.0,38,42
100,21,275.5,106.0,27,22
100,22,20.5,200.0,25,26
100,23,135.0,610.0,22,30
100,24,541.5,20.5,19,31
100,25,88.5,68.0,43,44
100,26,234.5,170.0,21,24
100,28,419.5,107.5,21,27
100,29,115.0,275.0,24,26
100,30,274.0,160.0,20,30
100,31,55.0,400.5,24,33
100,32,247.5,269.5,23,27
100,33,262.0,196.5,20,19
100,37,262.5,94.5,15,23
100,39,251.0,294.5,20,25
100,40,487.0,222.0,20,24
100,41,558.5,46.5,19,29
100,44,548.5,477.0,19,20
100,46,199.0,583.5,22,27
100,48,261.0,367.5,20,21
100,50,615.5,71.5,19,27
100,53,279.0,14.5,20,23
100,63,440.5,548.5,21,21
100,65,537.0,172.0,18,22
100,70,516.5,315.5,23,29
100,81,553.5,198.0,21,26
100,83,400.5,625.0,21,28
100,100,387.5,140.5,25,25
100,105,337.0,315.0,24,24
100,52,557.0,143.0,18,24
100,51,406.5,542.0,23,26
100,43,566.0,127.5,16,23
100,73,592.5,422.0,29,32
100,86,604.0,418.0,26,28
100,103,4.0,125.5,4,25
100,87,285.5,54.0,21,30
100,35,615.0,535.5,16,25
100,27,137.0,633.5,20,11
100,79,255.0,221.0,18,22
100,92,122.0,567.5,18,29
100,34,252.5,345.5,19,25
100,96,211.5,298.5,23,21
100,60,388.5,198.0,21,30
100,68,166.0,323.0,24,30
100,54,333.0,225.0,22,30
100,77,34.0,36.0,20,20
100,59,630.0,304.5,12,27
100,78,225.5,581.5,19,25
100,6,178.5,292.0,23,22
100,106,142.0,319.5,24,31
100,97,436.5,488.0,19,26
100,57,156.5,158.5,21,29
100,101,404.5,193.0,21,30
100,84,513.0,425.5,20,25
100,76,559.5,319.5,23,29
100,67,343.5,72.5,23,27
100,45,420.5,546.5,19,21
100,89,605.0,166.0,20,26
100,104,598.0,261.0,20,24
100,47,574.5,317.0,21,24
100,98,537.5,187.5,25,21
100,62,223.0,389.5,26,31
100,102,239.5,510.5,19,27
100,42,274.0,372.0,24,24
100,49,515.0,185.0,22,26
101,0,234.0,177.0,54,54
101,1,345.5,440.0,81,98
101,2,363.5,417.0,19,22
101,3,356.0,311.5,24,25
101,4,309.0,199.0,22,22
101,5,249.0,130.5,24,31
101,7,100.5,248.0,19,26
101,8,371.5,440.5,19,21
101,9,433.5,80.5,27,31
101,10,317.0,417.5,22,31
101,11,208.0,210.5,32,33
101,12,87.5,68.5,41,41
101,13,408.0,417.0,22,26
101,14,234.0,513.5,24,31
101,15,78.5,203.5,21,27
101,16,342.0,359.5,22,35
101,17,212.5,274.0,23,18
101,18,376.0,293.5,18,19
101,19,400.5,539.0,37,42
101,21,273.0,105.0,26,22
101,22,19.5,201.5,25,27
101,23,132.5,609.0,21,30
101,24,538.5,20.5,19,31
101,25,80.5,66.5,37,35
101,26,233.0,170.0,20,24
101,28,417.0,108.5,22,27
101,29,110.0,276.0,24,26
101,30,273.0,157.5,20,29
101,31,51.0,400.5,26,35
101,32,243.0,269.0,22,28
101,33,261.0,199.0,20,18
101,37,260.5,97.0,17,24
101,39,247.0,292.5,20,25
101,40,483.0,223.0,18,24
101,41,555.0,44.5,20,29
101,44,549.0,477.5,20,21
101,46,195.5,584.0,21,28
101,48,259.5,367.5,21,21
101,50,612.0,68.0,18,28
101,53,276.0,14.5,18,23
101,63,439.5,548.5,21,21
101,65,535.0,170.0,18,22
101,70,515.5,314.5,23,29
101,81,551.5,196.0,21,26
101,83,400.0,622.0,22,30
101,100,382.5,139.0,25,30
101,105,331.5,309.0,23,24
101,52,553.5,143.0,19,24
101,51,404.5,540.0,23,26
101,43,564.5,123.5,17,25
101,73,593.0,415.0,26,32
101,86,607.0,416.5,28,29
101,103,0.5,122.5,1,27
101,87,282.5,54.0,21,28
101,35,614.5,532.0,17,26
101,27,136.5,634.5,21,11
101,79,255.0,221.0,18,22
101,92,122.0,568.0,18,28
101,34,254.0,343.0,20,26
101,68,137.0,300.0,24,30
101,54,363.0,205.5,22,31
101,77,22.5,22.5,19,19
101,59,635.5,309.5,9,29
101,78,219.0,581.0,20,24
101,6,128.0,305.5,22,21
101,106,128.5,317.0,25,32
101,97,435.0,505.5,18,25
101,57,137.5,145.0,21,30
101,101,395.5,189.0,21,30
101,84,525.5,404.0,21,24
101,76,557.0,347.0,22,30
101,67,340.5,71.5,23,27
101,45,414.5,546.0,19,24
101,89,618.0,164.0,20,26
101,104,622.0,259.5,20,23
101,47,587.5,308.0,21,24
101,98,547.5,183.0,25,20
101,62,222.0,400.0,26,30
101,102,197.5,528.0,19,28
101,42,278.0,429.5,24,25
101,49,560.5,179.0,23,26
101,82,152.5,36.5,19,25
101,90,256.5,204.5,17,21
101,20,65.0,209.5,14,27
101,95,233.0,323.0,20,22
101,88,151.0,323.0,24,30
102,0,234.5,177.0,55,54
102,1,345.5,440.0,81,98
102,2,363.5,417.0,19,22
102,3,355.5,311.5,25,25
102,4,309.0,199.5,22,21
102,5,248.0,130.5,24,31
102,7,100.5,248.0,19,26
102,8,371.5,441.0,19,22
102,9,433.5,80.5,27,31
102,10,316.0,418.0,22,30
102,11,207.0,210.5,32,33
102,12,88.5,68.0,43,44
102,13,408.0,417.0,22,26
102,14,233.5,514.0,25,30
102,15,78.5,203.0,21,28
102,16,342.0,359.5,22,35
102,17,212.5,273.5,23,17
102,18,375.5,293.0,19,20
102,19,400.5,539.5,37,43
102,21,273.0,105.0,26,22
102,22,20.0,201.5,26,27
102,23,131.5,608.0,21,30
102,24,538.5,20.5,19,31
102,25,78.5,65.5,35,31
102,26,233.5,170.0,21,24
102,28,417.0,109.0,22,28
102,29,109.0,276.0,24,26
102,30,274.0,157.5,20,29
102,31,49.5,400.5,27,35
102,32,241.5,268.0,23,28
102,33,262.5,202.5,21,17
102,37,260.5,98.0,17,24
102,39,245.0,292.0,20,26
102,40,482.5,223.5,17,25
102,41,555.0,43.5,20,29
102,44,549.5,477.5,19,21
102,46,194.0,584.0,22,28
102,48,259.5,367.5,21,21
102,50,612.0,67.0,18,28
102,53,276.0,14.5,18,23
102,63,439.5,548.5,21,21
102,65,535.0,170.0,20,22
102,70,515.5,314.5,23,29
102,81,551.5,196.0,21,26
102,83,399.5,622.0,23,30
102,100,381.5,138.0,25,32
102,105,330.5,305.0,21,24
102,52,553.5,144.0,19,24
102,51,404.0,540.0,24,26
102,43,564.5,122.0,17,26
102,73,593.0,416.0,26,30
102,86,611.5,417.0,29,30
102,87,283.0,54.0,22,28
102,35,614.5,533.5,17,27
102,27,136.0,634.5,22,11
102,79,255.0,221.0,18,22
102,92,122.0,568.5,18,29
102,34,257.0,340.5,20,29
102,68,110.0,277.5,24,31
102,54,394.5,187.0,21,30
102,59,643.0,311.0,6,30
102,78,216.0,581.5,20,25
102,97,434.5,524.0,19,26
102,57,120.5,131.0,21,30
102,101,390.5,186.0,21,30
102,84,539.5,383.5,21,23
102,76,555.5,375.5,23,31
102,67,340.0,71.5,22,27
102,45,407.5,543.0,23,26
102,89,633.0,164.0,20,26
102,104,647.0,260.0,20,24
102,47,603.0,300.0,20,24
102,98,560.0,179.5,26,21
102,62,222.0,410.0,26,30
102,102,156.5,545.0,19,30
102,42,282.5,487.5,25,25
102,49,608.0,174.0,24,26
102,82,156.0,61.5,18,25
102,90,266.5,210.0,17,22
102,20,1.5,186.0,11,28
102,95,218.5,343.5,19,21
102,88,149.0,324.0,24,30
102,91,152.5,39.5,19,25
102,85,406.0,380.0,22,26
102,64,394.5,294.0,15,22
102,96,240.0,227.5,20,21
103,0,235.5,177.5,55,55
103,1,347.0,441.0,82,98
103,2,364.5,418.0,19,22
103,3,355.0,310.5,24,25
103,4,310.0,199.5,22,23
103,5,247.0,131.5,24,31
103,7,99.5,247.0,19,26
103,8,372.0,441.0,20,22
103,9,432.5,79.5,27,31
103,10,316.0,419.0,22,30
103,11,206.0,210.5,32,33
103,12,88.5,67.5,43,45
103,13,408.0,417.0,22,26
103,14,233.0,515.0,26,30
103,15,79.0,202.5,22,27
103,16,343.0,360.0,22,34
103,17,212.5,273.0,21,18
103,18,375.5,292.5,17,19
103,19,400.5,540.0,39,42
103,21,274.0,106.0,26,22
103,22,20.5,200.5,25,27
103,23,130.5,607.0,21,30
103,24,539.5,21.5,19,31
103,25,78.0,65.0,34,30
103,26,234.5,170.0,21,24
103,28,417.0,109.5,20,27
103,29,108.0,275.0,24,26
103,30,275.0,156.5,20,29
103,31,48.0,399.5,28,35
103,32,240.5,269.5,23,27
103,37,261.5,99.0,17,24
103,39,244.5,291.0,19,26
103,40,481.5,224.5,17,25
103,41,555.0,43.5,20,29
103,44,550.0,478.5,20,21
103,46,193.0,584.5,22,27
103,48,259.5,366.5,19,21
103,50,611.0,67.0,18,28
103,53,276.0,14.5,18,21
103,63,439.5,548.0,21,22
103,65,534.5,171.0,19,22
103,70,515.5,314.5,25,29
103,81,551.0,196.5,22,25
103,83,398.5,620.5,23,29
103,100,380.5,138.0,25,34
103,105,332.5,301.5,23,25
103,52,553.0,145.0,18,24
103,51,407.0,541.5,22,27
103,43,564.5,121.0,19,26
103,73,593.0,415.5,26,31
103,87,282.5,53.5,21,29
103,35,615.0,535.0,16,26
103,27,136.0,634.5,22,11
103,79,255.5,221.0,19,24
103,92,122.0,568.5,18,29
103,54,425.5,169.0,21,30
103,59,650.5,313.0,5,32
103,78,213.5,584.5,19,25
103,101,393.0,187.0,20,30
103,45,402.0,541.5,24,29
103,82,160.0,87.5,18,25
103,90,276.5,215.0,17,22
103,20,-63.0,163.5,10,29
103,95,204.0,364.5,18,21
103,88,151.0,323.0,24,30
103,91,152.0,60.0,18,24
103,85,384.0,367.5,22,25
103,64,358.0,285.0,16,22
103,96,256.5,190.0,19,22
103,80,613.5,491.5,13,23
103,103,6.5,64.5,13,23
103,6,233.0,323.0,20,22
103,106,201.0,301.0,20,26
104,0,235.5,177.5,55,55
104,1,348.0,441.0,82,98
104,2,364.5,418.0,19,22
104,3,354.5,310.5,23,25
104,4,310.0,199.5,22,23
104,5,247.0,132.0,24,30
104,7,99.5,247.0,19,26
104,8,372.0,441.5,20,21
104,9,432.5,79.5,27,31
104,10,316.0,419.0,22,30
104,11,206.0,209.5,32,33
104,12,88.5,67.5,43,45
104,13,408.0,417.0,22,26
104,14,233.0,515.5,24,31
104,15,79.0,202.5,22,27
104,16,343.0,360.5,22,35
104,17,212.5,273.0,21,18
104,18,376.0,292.5,16,19
104,19,400.5,540.0,39,42
104,21,274.0,106.0,26,22
104,22,20.5,200.5,25,27
104,23,130.5,607.0,21,30
104,24,539.5,21.5,19,31
104,25,78.5,65.0,35,30
104,26,234.5,170.0,21,24
104,28,417.0,109.5,20,27
104,29,108.0,275.0,24,26
104,30,275.0,156.5,20,29
104,31,48.5,399.5,27,35
104,32,241.0,271.0,22,26
104,37,261.5,99.0,17,24
104,39,245.0,291.5,20,25
104,40,481.5,224.5,17,25
104,41,554.5,43.5,21,29
104,44,550.0,478.5,20,21
104,46,192.5,584.0,21,28
104,48,259.0,366.5,20,21
104,50,611.0,67.0,18,28
104,53,275.5,14.5,19,21
104,63,439.0,547.5,22,21
104,65,534.0,170.5,18,23
104,70,515.5,315.5,25,29
104,81,551.0,196.0,22,26
104,83,396.5,618.0,23,28
104,100,380.5,138.0,25,34
104,105,335.0,297.0,22,24
104,52,553.0,145.0,18,24
104,51,407.5,542.5,23,27
104,43,564.5,121.0,19,26
104,73,592.5,415.5,27,31
104,87,281.0,54.5,22,29
104,35,615.5,540.0,17,26
104,27,135.5,634.5,21,11
104,79,255.0,221.0,18,24
104,92,121.0,567.5,18,29
104,54,457.0,150.0,20,30
104,78,214.5,590.0,19,26
104,101,393.0,187.0,20,30
104,45,396.0,540.0,26,32
104,88,151.0,323.0,24,30
104,91,152.0,80.0,18,24
104,85,361.5,355.5,21,25
104,64,321.0,276.0,16,22
104,96,273.5,152.0,17,22
104,80,586.5,490.5,13,23
104,103,7.5,46.5,15,23
104,6,244.5,334.0,19,22
104,106,218.0,295.0,20,26
104,33,253.0,289.0,18,22
104,34,256.0,253.0,18,24
104,97,567.0,571.5,14,23
104,57,35.5,57.5,17,27
104,67,276.0,205.0,20,26
104,98,343.5,245.0,23,20
104,42,356.0,449.5,24,27
105,0,235.5,177.5,55,55
105,1,346.5,441.0,81,98
105,2,364.5,418.0,19,22
105,3,355.0,311.0,24,24
105,4,310.0,199.0,22,24
105,5,247.0,132.0,24,30
105,7,99.5,247.0,19,26
105,8,372.0,442.0,20,22
105,9,432.5,79.5,27,31
105,10,316.0,419.5,22,31
105,11,206.0,210.5,32,33
105,12,88.5,67.5,43,45
105,13,407.0,418.0,22,26
105,14,233.0,515.5,24,31
105,15,79.5,202.5,21,27
105,16,343.0,360.0,22,34
105,17,212.5,273.0,21,18
105,18,376.0,292.5,16,19
105,19,400.0,540.0,38,42
105,21,274.0,106.0,26,22
105,22,20.5,200.5,25,27
105,23,130.5,607.0,21,30
105,24,539.5,21.5,19,31
105,25,78.5,65.5,35,31
105,26,234.5,170.0,21,24
105,28,417.5,109.5,21,27
105,29,108.0,275.0,24,26
105,30,275.0,156.5,20,29
105,31,48.5,399.5,27,35
105,32,241.5,271.0,23,26
105,37,261.5,99.0,17,24
105,39,245.0,291.5,20,25
105,40,481.5,224.5,17,25
105,41,555.0,44.5,22,29
105,44,549.5,478.5,21,21
105,46,192.0,584.0,20,28
105,48,259.0,366.5,20,21
105,50,611.0,68.0,18,28
105,53,276.0,14.5,20,21
105,63,439.0,546.5,22,21
105,65,533.5,169.5,19,23
105,70,515.5,315.5,25,29
105,81,551.5,195.0,23,26
105,83,394.5,619.0,23,28
105,100,380.5,138.0,25,34
105,105,338.5,301.5,21,25
105,52,553.0,145.0,18,24
105,51,407.5,543.0,23,26
105,43,565.0,121.0,18,26
105,73,592.0,415.5,28,31
105,87,280.0,55.5,22,29
105,35,616.5,542.5,19,27
105,27,135.5,633.5,21,11
105,79,254.5,220.5,19,23
105,92,121.0,567.5,18,29
105,78,212.5,592.0,19,26
105,101,393.0,187.0,20,30
105,88,152.0,322.0,24,30
105,96,289.5,114.0,15,22
105,80,559.5,490.0,13,24
105,103,9.0,28.0,18,22
105,6,257.0,344.0,18,22
105,106,233.5,295.5,19,25
105,33,251.0,315.0,18,22
105,34,257.0,226.5,18,23
105,97,605.5,593.0,13,22
105,57,5.5,27.0,13,24
105,67,257.5,244.0,19,26
105,98,284.5,262.5,23,19
105,42,384.5,457.5,25,29
105,84,378.0,253.5,20,23
105,76,346.5,341.5,23,25
105,104,619.0,455.0,16,22
105,95,246.0,350.5,18,23
106,0,236.0,176.5,54,55
106,1,347.0,440.5,80,97
106,2,364.5,418.0,19,22
106,3,357.0,311.5,24,25
106,4,311.0,197.5,22,21
106,5,254.0,131.0,24,30
106,7,103.0,247.0,20,26
106,8,373.0,441.5,18,21
106,9,438.5,84.0,27,30
106,10,318.0,415.5,22,31
106,11,212.0,209.5,32,33
106,12,89.0,69.0,42,44
106,13,410.5,416.5,23,25
106,14,234.0,512.0,24,30
106,15,81.5,203.5,21,27
106,16,343.5,360.0,21,34
106,17,213.5,273.0,23,18
106,18,378.0,294.5,16,19
106,19,401.5,540.0,37,42
106,21,276.0,106.0,26,22
106,22,21.0,200.5,26,27
106,23,134.0,611.0,22,30
106,24,541.5,20.5,19,31
106,25,86.0,69.0,36,32
106,26,234.5,169.0,21,24
106,28,419.5,107.5,21,27
106,29,115.5,275.0,23,26
106,30,274.0,160.0,20,30
106,31,55.0,400.5,24,33
106,32,247.5,269.0,23,26
106,37,262.5,94.5,15,23
106,39,247.5,291.0,21,26
106,40,486.5,221.5,19,25
106,41,558.0,46.0,20,28
106,44,547.0,476.0,20,22
106,46,197.0,584.0,22,28
106,48,259.0,366.0,22,22
106,50,615.5,73.5,19,27
106,53,279.0,15.0,20,22
106,63,439.0,547.5,22,21
106,65,536.0,170.0,20,22
106,70,517.0,316.5,24,29
106,81,554.0,196.5,22,27
106,83,393.5,619.0,23,28
106,100,387.0,140.5,24,25
106,105,343.5,303.5,21,25
106,52,557.5,142.0,17,24
106,51,407.0,541.0,22,26
106,43,566.5,127.5,17,23
106,73,592.5,416.5,29,31
106,87,283.0,56.0,22,28
106,35,618.0,546.5,20,27
106,27,136.5,633.5,21,11
106,79,255.0,220.5,18,21
106,92,122.0,567.5,18,29
106,78,211.5,595.0,19,26
106,101,395.0,188.0,20,30
106,88,154.0,322.0,24,30
106,106,252.0,294.5,20,23
106,33,254.0,341.5,18,23
106,34,262.0,198.5,20,19
106,97,644.5,616.5,11,21
106,57,-21.0,-4.0,12,22
106,67,241.0,283.0,18,26
106,98,227.5,280.5,23,19
106,42,414.0,467.0,26,30
106,84,345.0,217.0,20,22
106,76,297.5,341.5,23,23
106,104,620.5,504.0,15,20
106,95,255.0,354.0,18,24
106,61,567.0,228.5,18,23
106,55,488.5,216.0,21,26
106,38,310.5,580.0,19,20
106,94,316.5,586.5,19,17
106,75,400.5,191.0,21,30
106,60,338.5,88.0,19,24
106,86,605.5,418.5,27,29
106,68,115.0,226.0,22,32
106,89,616.0,144.0,20,26
106,47,591.5,231.5,21,25
106,62,224.0,514.0,24,28
106,49,551.5,354.5,21,27
106,90,305.0,135.0,22,24
106,54,481.0,190.0,24,24
106,45,372.0,494.5,22,27
106,85,199.5,334.0,21,28
106,64,164.5,450.5,19,25
107,0,235.0,176.5,54,55
107,1,347.0,439.5,80,97
107,2,363.5,417.0,19,22
107,3,357.5,312.5,25,25
107,4,310.0,197.0,22,20
107,5,256.0,130.0,24,30
107,7,104.0,248.0,20,26
107,8,372.0,440.5,18,21
107,9,438.0,84.0,28,30
107,10,319.0,415.0,22,30
107,11,213.0,209.5,32,33
107,12,88.0,68.0,42,44
107,13,411.5,415.5,23,25
107,14,234.5,511.0,25,30
107,15,80.5,204.5,21,27
107,16,342.5,359.5,21,35
107,17,213.0,273.5,24,19
107,18,377.5,295.0,17,20
107,19,402.0,539.0,38,42
107,21,275.0,105.0,26,22
107,22,20.0,201.0,26,26
107,23,137.0,612.0,22,30
107,24,540.5,19.5,19,31
107,25,87.5,69.5,35,31
107,26,233.5,169.0,21,24
107,28,419.0,106.5,22,27
107,29,117.0,276.0,24,26
107,30,273.0,161.0,20,30
107,31,56.0,401.0,24,32
107,32,249.5,268.5,23,27
107,37,261.5,93.0,15,22
107,39,251.5,295.0,19,24
107,40,488.0,221.5,20,25
107,41,558.0,47.0,20,28
107,44,547.5,476.0,19,20
107,46,199.5,584.0,23,28
107,48,258.0,365.5,22,21
107,50,615.5,74.0,19,28
107,53,278.5,14.5,19,25
107,63,439.0,546.5,22,21
107,65,535.5,170.0,19,22
107,70,517.0,315.5,24,29
107,81,554.0,196.0,22,26
107,83,392.5,618.5,23,27
107,100,388.5,141.0,25,22
107,105,346.0,304.5,20,25
107,52,558.0,141.0,18,24
107,51,406.0,540.5,22,27
107,43,566.0,129.0,16,22
107,73,591.5,415.5,29,31
107,87,282.0,57.0,22,28
107,35,618.0,548.5,22,27
107,27,136.5,633.5,21,11
107,79,254.0,221.5,18,21
107,92,131.0,564.0,18,30
107,78,210.0,597.5,18,27
107,101,395.0,188.0,20,30
107,88,164.5,322.0,23,30
107,106,269.0,293.0,20,22
107,33,259.5,368.0,21,22
107,34,264.0,170.5,20,17
107,57,-52.0,-33.5,8,21
107,42,442.0,475.5,26,31
107,84,309.5,180.0,19,22
107,76,246.5,341.0,23,22
107,104,620.0,551.0,14,20
107,95,261.5,358.0,17,24
107,61,540.5,236.5,19,23
107,55,476.5,230.5,21,25
107,38,348.5,555.5,19,21
107,94,330.5,571.0,19,18
107,75,391.5,193.0,21,30
107,60,330.5,69.5,19,23
107,86,605.0,418.0,26,30
107,68,111.0,212.0,22,32
107,89,614.5,140.0,21,26
107,47,591.0,215.5,22,25
107,62,224.5,537.5,23,27
107,49,545.5,391.5,21,27
107,90,314.0,118.0,22,24
107,54,500.5,192.5,25,23
107,45,362.0,480.5,22,25
107,85,143.0,322.5,22,27
107,64,103.0,498.0,20,26
107,66,440.0,144.5,18,23
107,74,586.0,485.0,20,16
107,58,411.5,161.0,17,22
107,72,579.5,521.0,19,20
107,36,605.5,211.5,17,25
107,71,303.0,552.5,18,29
107,69,229.0,109.5,18,25
107,99,612.0,244.0,16,26
107,77,331.5,166.0,21,22
107,102,105.0,306.5,20,31
107,82,149.0,202.0,18,24
107,91,135.0,243.5,22,25
107,96,309.0,119.5,22,25
107,80,442.5,494.5,17,27
107,103,324.0,120.5,22,21
107,6,350.0,467.0,20,22
108,0,235.0,177.5,54,55
108,1,346.5,439.5,81,97
108,2,363.5,417.0,19,22
108,3,358.0,312.5,24,25
108,4,310.0,197.0,22,20
108,5,255.5,130.0,25,30
108,7,104.0,248.0,20,26
108,8,372.0,440.5,18,21
108,9,438.0,84.0,28,30
108,10,320.0,414.5,22,31
108,11,213.0,210.5,32,33
108,12,88.5,68.0,43,44
108,13,411.5,415.5,23,25
108,14,234.0,510.5,26,31
108,15,80.5,204.5,21,27
108,16,342.0,359.5,22,35
108,17,213.0,274.0,24,18
108,18,377.5,295.0,19,20
108,19,402.0,539.0,38,42
108,21,274.5,105.0,27,22
108,22,20.0,201.0,26,26
108,23,137.5,612.0,21,30
108,24,540.5,19.5,19,31
108,25,87.5,69.5,35,31
108,26,233.5,170.0,21,24
108,28,419.5,106.5,23,27
108,29,117.0,276.0,24,26
108,30,273.0,161.5,20,29
108,31,56.0,400.5,24,33
108,32,249.5,268.5,23,27
108,37,261.0,93.0,16,22
108,39,252.0,296.0,20,24
108,40,487.5,221.0,21,24
108,41,559.0,47.5,20,29
108,44,547.5,475.5,19,21
108,46,200.0,584.0,22,28
108,48,256.5,365.5,23,21
108,50,615.5,74.0,19,28
108,53,278.5,14.5,19,25
108,100,388.5,141.0,25,22
108,52,558.0,141.0,18,24
108,51,406.0,540.5,22,27
108,43,566.0,129.5,14,23
108,79,254.0,221.5,18,21
108,92,132.0,563.0,18,30
108,88,166.5,323.0,23,30
108,106,285.5,291.5,19,21
108,33,262.5,394.5,21,21
108,34,266.5,143.5,21,15
108,95,261.0,367.0,20,20
108,61,514.0,244.5,20,23
108,55,465.5,245.0,21,24
108,38,386.0,532.0,18,22
108,94,344.5,555.5,19,19
108,75,383.0,195.5,20,29
108,60,322.5,51.0,19,22
108,86,605.5,417.5,27,31
108,68,107.0,198.0,22,32
108,89,613.5,135.0,21,26
108,47,591.0,192.0,22,24
108,62,224.5,560.0,23,26
108,49,540.5,428.5,21,27
108,90,323.0,101.5,24,25
108,54,520.5,196.0,25,20
108,45,353.0,466.5,22,25
108,85,86.0,311.0,22,28
108,64,41.5,545.0,21,26
108,66,439.0,172.0,18,24
108,74,572.0,473.0,20,18
108,58,401.5,172.5,19,21
108,72,575.5,501.0,19,22
108,36,591.0,212.5,18,25
108,71,320.0,538.5,18,27
108,69,249.0,110.5,18,25
108,99,606.5,235.0,17,26
108,77,381.0,189.0,20,22
108,102,92.0,264.5,20,31
108,82,148.0,229.5,18,23
108,91,131.0,286.0,22,26
108,96,321.0,105.0,22,26
108,80,398.5,495.0,17,28
108,103,418.0,141.5,24,21
108,6,382.5,508.5,19,21
108,56,243.5,518.0,17,24
108,93,282.5,418.5,15,23
108,59,619.0,225.0,16,28
108,20,194.0,96.5,16,27
108,97,606.5,415.5,17,23
108,67,225.5,361.5,23,27
108,98,136.0,175.0,22,28
108,107,404.5,193.0,21,30
108,108,263.0,198.5,20,19
108,109,253.0,343.5,18,25
108,110,536.5,188.5,25,21
108,111,420.0,546.5,20,21
108,112,532.5,405.5,21,31
108,113,312.0,425.5,24,27
108,114,594.0,271.5,18,23
109,0,235.0,177.5,54,55
109,1,346.5,439.5,81,97
109,2,364.0,417.0,18,22
109,3,358.0,312.5,24,25
109,4,310.0,197.0,22,20
109,5,256.0,130.0,24,30
109,7,104.0,248.0,20,26
109,8,372.0,440.5,18,21
109,9,437.5,84.0,27,30
109,10,319.5,415.0,21,30
109,11,213.0,210.5,32,33
109,12,88.5,67.0,43,44
109,13,411.5,415.5,23,25
109,14,234.5,510.0,25,30
109,15,80.5,204.5,21,27
109,16,342.0,359.5,22,35
109,17,213.0,274.0,24,18
109,18,377.5,295.0,19,20
109,19,401.5,539.0,39,42
109,21,275.0,105.0,26,22
109,22,20.0,201.0,26,26
109,23,137.5,612.0,21,30
109,24,540.5,19.5,19,31
109,25,87.5,69.5,35,31
109,26,234.0,169.5,20,23
109,28,419.5,106.5,23,27
109,29,117.0,276.0,24,26
109,30,273.0,160.5,20,29
109,31,56.0,400.0,24,32
109,32,249.0,268.5,22,27
109,37,261.0,93.0,16,22
109,39,252.0,295.5,20,23
109,40,487.5,221.5,21,25
109,41,559.0,47.5,20,29
109,44,548.5,477.0,19,20
109,46,199.0,583.0,22,28
109,48,259.5,366.5,21,21
109,50,615.5,73.5,21,27
109,53,278.5,15.0,19,24
109,100,388.5,141.0,25,22
109,52,558.0,141.5,18,23
109,51,406.0,541.0,22,26
109,43,565.5,129.5,15,23
109,79,254.0,222.0,18,22
109,92,132.0,563.5,18,29
109,88,167.0,323.0,22,30
109,33,265.5,420.5,23,21
109,95,265.0,373.5,20,19
109,86,605.5,417.5,27,31
109,47,591.5,172.5,23,23
109,66,438.0,200.0,20,24
109,74,558.5,461.5,21,19
109,58,392.0,183.5,22,21
109,72,572.0,481.5,20,23
109,36,577.0,213.0,18,24
109,71,336.0,524.5,18,27
109,69,269.0,111.5,18,25
109,99,601.0,226.0,18,26
109,77,430.5,212.0,21,22
109,102,80.0,222.0,20,32
109,82,146.5,257.5,17,23
109,91,126.5,327.5,23,27
109,96,333.0,89.5,24,27
109,80,354.5,495.5,19,29
109,103,512.0,162.0,26,20
109,6,414.5,549.5,19,21
109,56,270.5,521.5,17,25
109,93,298.5,420.5,17,23
109,59,613.5,208.5,17,27
109,20,235.5,83.0,17,26
109,97,610.0,363.0,18,24
109,67,216.0,407.5,24,29
109,98,85.0,150.0,22,30
109,107,403.5,192.0,21,30
109,108,262.0,197.5,20,19
109,109,252.0,342.5,18,25
109,110,535.5,187.5,25,21
109,111,419.5,545.5,19,21
109,112,535.0,401.0,22,30
109,113,310.5,424.0,23,28
109,114,591.0,271.0,18,22
109,63,538.5,314.0,21,24
109,65,420.5,110.5,21,25
109,70,555.5,302.5,21,27
109,105,463.0,328.0,22,24
109,27,408.0,370.5,22,19
109,42,436.5,506.5,21,29
109,84,155.5,136.5,21,29
110,0,235.5,177.5,53,55
110,1,347.0,439.5,82,97
110,2,364.5,417.0,17,22
110,3,357.5,313.0,25,26
110,4,310.0,197.5,22,19
110,5,256.0,130.0,24,30
110,7,103.5,248.0,19,26
110,8,372.0,440.5,18,21
110,9,436.5,84.0,27,30
110,10,319.0,415.0,22,30
110,11,213.0,210.5,32,33
110,12,88.5,66.5,41,43
110,13,411.5,415.5,23,25
110,14,235.0,510.0,24,30
110,15,80.5,204.5,21,27
110,16,342.0,359.0,22,34
110,17,212.5,274.0,23,18
110,18,377.0,294.5,18,21
110,19,401.0,539.0,38,42
110,21,275.0,106.0,26,22
110,22,20.0,200.5,26,25
110,23,137.5,611.5,21,29
110,24,540.5,19.5,19,31
110,25,87.5,69.5,35,33
110,26,234.5,169.5,19,23
110,28,419.5,106.5,23,27
110,29,117.0,276.0,24,26
110,30,273.0,160.5,20,29
110,31,56.0,399.5,24,33
110,32,249.0,269.5,22,27
110,37,261.0,93.5,16,23
110,39,252.0,295.5,20,23
110,40,488.0,221.5,20,25
110,41,559.5,47.5,21,29
110,44,549.5,477.0,19,20
110,46,199.0,583.0,22,28
110,48,260.5,367.5,21,21
110,50,615.0,73.5,20,27
110,53,279.0,15.0,18,22
110,100,388.5,141.0,25,22
110,52,558.0,141.5,18,23
110,51,406.0,542.0,22,26
110,43,565.0,129.5,16,23
110,79,254.0,222.0,18,22
110,92,132.0,563.5,18,29
110,88,166.5,323.0,23,30
110,95,268.5,379.0,21,18
110,86,605.0,418.0,28,32
110,47,594.5,162.0,21,28
110,96,345.0,72.5,24,27
110,56,297.0,524.5,18,25
110,93,314.0,421.5,18,23
110,59,608.0,192.0,18,26
110,20,276.0,69.0,18,26
110,97,614.0,311.0,20,24
110,67,206.0,452.5,26,31
110,98,33.5,126.0,21,32
110,107,403.5,193.0,21,30
110,108,262.0,198.5,20,19
110,109,253.0,343.5,18,25
110,110,535.5,187.5,25,21
110,111,419.5,546.5,19,21
110,112,537.0,388.0,22,32
110,113,303.5,418.5,23,27
110,114,587.0,272.5,18,21
110,63,567.0,247.5,20,25
110,65,387.0,93.5,22,25
110,70,569.5,297.0,21,24
110,105,497.5,335.5,23,25
110,27,486.0,295.0,22,20
110,42,446.5,519.0,19,28
110,84,95.0,108.5,22,31
110,83,286.0,501.0,24,30
110,78,200.0,613.0,18,24
110,101,214.0,132.0,22,30
110,106,427.5,325.0,21,24
110,49,488.5,519.0,19,28
110,54,567.0,193.5,24,23
111,0,236.0,177.5,54,55
111,1,347.5,440.0,81,96
111,2,364.5,418.0,19,22
111,3,358.0,313.0,24,26
111,4,311.0,198.0,22,20
111,5,256.0,131.0,24,30
111,7,103.5,247.5,19,25
111,8,373.0,441.5,18,21
111,9,437.5,84.0,27,30
111,10,318.5,414.5,21,29
111,11,213.0,210.5,32,33
111,12,89.5,68.5,41,43
111,13,411.5,416.5,23,25
111,14,234.0,511.0,24,30
111,15,81.0,203.5,20,27
111,16,343.0,359.5,22,33
111,17,213.0,274.0,22,18
111,18,378.0,295.0,18,20
111,19,401.5,540.0,37,42
111,21,276.0,106.0,26,22
111,22,20.5,201.0,25,26
111,23,136.0,612.0,22,30
111,24,541.5,20.0,19,32
111,25,88.0,70.0,36,32
111,26,234.5,169.5,21,23
111,28,420.0,107.5,22,27
111,29,117.0,276.0,24,26
111,30,274.0,160.0,20,30
111,31,56.0,400.5,24,33
111,32,249.0,269.0,22,26
111,37,262.0,94.0,16,22
111,39,252.0,295.0,20,22
111,40,488.0,221.0,20,24
111,41,559.0,47.0,20,28
111,44,547.5,476.5,19,21
111,46,198.5,584.5,21,27
111,48,259.0,367.0,22,22
111,50,615.5,74.0,19,28
111,53,279.0,15.0,18,22
111,100,388.5,141.5,25,23
111,52,558.0,141.5,18,23
111,51,407.0,541.0,22,26
111,43,566.0,129.5,16,23
111,79,255.0,222.0,18,22
111,92,132.0,563.5,18,29
111,88,166.5,323.0,23,30
111,86,605.0,418.0,28,30
111,47,596.5,147.0,21,30
111,96,357.5,56.0,23,28
111,67,196.0,497.5,28,33
111,107,404.5,193.0,21,30
111,108,263.0,198.5,20,19
111,109,255.0,341.5,18,23
111,110,539.0,191.0,26,22
111,111,420.0,546.5,20,21
111,112,538.0,375.0,22,34
111,113,296.5,413.0,23,26
111,114,585.0,273.0,18,20
111,63,590.0,179.5,22,25
111,65,354.5,76.0,23,26
111,70,583.5,291.5,21,21
111,105,532.5,343.0,23,24
111,27,565.0,219.5,22,23
111,42,457.0,532.0,18,28
111,84,35.0,80.5,22,31
111,83,260.0,472.5,24,31
111,78,197.0,617.0,18,24
111,101,170.5,118.5,23,29
111,106,475.5,334.5,21,23
111,49,471.0,561.0,18,28
111,54,589.0,194.5,24,23
111,38,496.0,501.0,18,28
111,94,447.0,536.5,18,25
111,60,293.0,7.5,18,15
111,68,76.5,153.0,21,32
111,62,226.0,608.5,22,25
111,45,347.5,461.5,23,25
111,72,416.5,220.0,23,28
111,36,616.0,141.0,22,26
111,69,501.0,274.5,20,25
111,77,615.5,306.0,15,22
112,0,235.0,177.0,54,56
112,1,347.5,439.5,79,97
112,2,364.0,417.0,18,22
112,3,357.0,312.5,24,27
112,4,310.0,197.0,22,20
112,5,255.0,130.0,24,30
112,7,103.0,247.0,20,26
112,8,372.0,440.5,18,21
112,9,437.5,83.5,27,29
112,10,318.0,415.5,22,29
112,11,212.5,209.5,31,33
112,12,88.5,67.5,43,45
112,13,411.0,415.5,24,25
112,14,234.0,511.0,24,30
112,15,80.5,203.0,21,28
112,16,342.0,359.0,22,34
112,17,212.5,273.0,23,18
112,18,377.0,294.0,18,20
112,19,401.0,539.0,38,42
112,21,275.0,105.0,26,22
112,22,20.0,201.5,26,27
112,23,136.5,612.0,21,30
112,24,540.5,19.5,19,31
112,25,87.0,69.0,36,34
112,26,233.5,169.0,21,24
112,28,419.0,106.5,22,27
112,29,116.0,275.0,24,26
112,30,273.0,160.0,20,30
112,31,55.5,401.0,23,34
112,32,248.5,269.0,23,26
112,37,261.5,94.0,15,22
112,39,251.5,294.5,19,23
112,40,487.0,221.5,20,25
112,41,558.0,46.5,20,29
112,44,548.5,476.5,19,21
112,46,198.0,584.0,22,28
112,48,259.5,367.0,21,20
112,50,615.0,72.5,20,27
112,53,278.5,15.0,19,22
112,100,388.5,140.5,25,23
112,52,557.0,141.0,18,24
112,51,406.0,541.0,22,26
112,43,566.0,128.5,16,23
112,79,254.0,221.0,18,22
112,92,132.0,563.0,18,30
112,88,167.0,323.0,24,30
112,86,604.5,417.5,27,31
112,47,597.5,131.0,21,32
112,96,369.0,40.0,24,28
112,107,404.0,193.0,20,30
112,108,262.0,197.5,20,19
112,109,254.0,343.0,18,24
112,110,536.5,188.5,25,21
112,111,420.0,545.5,20,21
112,112,539.5,374.5,23,29
112,113,295.0,412.5,22,29
112,63,615.5,111.0,23,26
112,70,598.5,286.5,21,21
112,42,468.0,544.5,18,27
112,83,233.5,443.5,25,31
112,78,195.0,623.0,18,26
112,101,126.5,104.5,23,29
112,106,523.0,343.0,22,24
112,49,453.0,603.0,18,28
112,54,610.5,194.5,23,23
112,38,533.0,486.0,18,30
112,94,474.5,527.5,17,27
112,60,283.0,-7.5,18,15
112,68,67.5,138.5,21,33
112,62,226.0,627.0,22,24
112,45,343.5,456.5,23,25
112,72,374.0,142.5,24,29
112,36,619.0,121.5,22,27
112,69,574.5,320.5,21,25
112,77,690.0,342.5,14,23
112,73,452.5,223.0,25,30
112,75,483.0,282.0,22,26
112,99,588.0,192.0,22,24
112,80,248.0,424.0,24,30
112,20,492.0,36.0,22,26
113,0,235.0,177.5,56,57
113,1,348.0,439.5,80,97
113,2,364.5,417.0,19,22
113,3,357.0,312.5,24,27
113,4,310.0,197.0,22,20
113,5,255.0,130.0,24,30
113,7,103.5,247.0,21,26
113,8,373.0,440.5,18,21
113,9,437.5,83.5,27,29
113,10,317.5,416.0,21,28
113,11,212.0,209.5,30,33
113,12,88.0,68.0,44,46
113,13,411.0,415.5,24,25
113,14,234.0,511.5,24,31
113,15,80.5,203.0,21,28
113,16,343.0,359.0,22,34
113,17,213.0,273.0,22,18
113,18,377.5,294.0,17,20
113,19,402.0,539.0,38,42
113,21,274.5,105.0,27,22
113,22,20.0,201.0,26,28
113,23,136.5,612.0,21,30
113,24,540.0,19.5,18,31
113,25,86.0,69.0,36,36
113,26,234.0,169.0,22,24
113,28,419.0,106.5,22,27
113,29,116.0,275.0,24,26
113,30,274.0,160.5,20,31
113,31,55.5,401.0,23,34
113,32,247.5,269.5,23,25
113,37,261.5,95.0,15,22
113,39,251.0,294.5,18,23
113,40,487.5,221.5,19,25
113,41,557.5,46.5,21,29
113,44,548.5,477.0,19,22
113,46,197.5,584.0,23,28
113,48,260.0,367.0,20,20
113,50,614.0,72.0,20,28
113,53,278.0,14.0,18,22
113,100,388.5,140.0,25,24
113,52,557.0,141.0,18,24
113,51,406.5,541.0,23,26
113,43,566.0,128.5,16,23
113,79,255.0,221.0,18,22
113,92,132.0,563.0,18,30
113,88,167.0,323.0,24,30
113,86,604.5,417.5,27,31
113,107,403.5,193.0,19,30
113,108,262.0,197.5,20,19
113,109,254.0,343.0,18,24
113,110,535.5,187.5,25,21
113,111,419.0,545.5,20,21
113,112,542.0,372.5,24,31
113,113,295.0,410.5,22,31
113,63,641.5,43.0,23,26
113,70,613.5,281.5,21,21
113,42,479.5,556.5,17,27
113,83,201.0,422.5,26,31
113,78,194.0,624.0,18,26
113,38,570.0,471.0,18,32
113,94,502.5,518.5,17,29
113,60,274.0,-23.0,18,12
113,68,59.0,123.5,20,33
113,62,226.5,644.5,23,23
113,45,340.0,451.5,22,25
113,72,332.0,65.0,26,32
113,36,622.5,103.5,23,27
113,69,649.0,366.5,22,25
113,77,764.0,379.5,12,23
113,73,427.0,187.5,24,29
113,75,501.0,300.0,22,26
113,99,584.0,189.0,22,24
113,80,210.5,406.0,27,30
113,20,571.5,20.5,23,25
113,90,341.0,83.0,24,26
113,103,573.5,243.0,23,22
113,95,381.5,470.5,19,25
113,97,584.5,221.0,21,24
113,114,560.5,318.0,21,24
114,0,235.0,178.0,56,56
114,1,347.5,440.5,79,97
114,2,364.5,418.0,17,22
114,3,357.0,313.0,24,26
114,4,311.0,198.0,22,20
114,5,255.5,131.0,23,30
114,7,103.5,248.0,21,26
114,8,372.0,441.5,18,21
114,9,436.5,83.0,27,30
114,10,317.5,416.0,21,28
114,11,211.5,210.5,31,33
114,12,87.5,67.5,43,45
114,13,410.5,416.5,23,25
114,14,235.0,511.0,24,32
114,15,81.5,203.5,21,29
114,16,342.0,360.0,22,34
114,17,212.5,274.0,23,18
114,18,377.0,295.0,18,20
114,19,401.5,539.0,39,44
114,21,275.0,106.0,28,22
114,22,19.0,201.5,26,27
114,23,137.5,611.5,21,31
114,24,540.5,20.5,17,31
114,25,87.0,69.5,36,35
114,26,234.0,169.5,22,25
114,28,420.0,107.5,22,27
114,29,116.0,276.0,24,26
114,30,274.0,161.0,20,30
114,31,55.0,400.5,24,35
114,32,247.5,269.5,23,27
114,37,261.5,95.0,17,22
114,39,250.5,295.5,19,23
114,40,487.0,222.5,20,25
114,41,558.0,47.5,20,29
114,44,549.5,477.5,19,21
114,46,198.0,583.0,22,28
114,48,260.5,367.5,21,21
114,50,614.5,72.5,19,27
114,53,277.5,13.5,19,23
114,100,387.5,140.0,25,24
114,52,558.0,142.0,18,24
114,51,406.0,541.5,22,27
114,43,566.0,129.5,14,23
114,79,255.0,222.0,18,22
114,92,131.0,563.5,18,31
114,88,166.5,322.0,25,30
114,86,604.5,418.0,27,32
114,107,403.0,192.0,20,30
114,108,263.0,198.5,20,19
114,109,253.0,344.0,18,24
114,110,534.5,187.0,25,20
114,111,419.0,546.5,20,21
114,112,547.5,368.5,23,31
114,113,294.0,406.5,22,29
114,70,627.5,276.0,21,20
114,42,490.0,569.0,16,26
114,83,172.0,397.0,26,32
114,78,192.5,626.5,17,27
114,73,401.5,152.5,23,29
114,75,520.0,317.5,22,25
114,99,578.5,175.5,21,25
114,80,172.5,388.5,29,31
114,20,651.5,6.0,25,24
114,90,342.0,76.5,22,29
114,103,600.5,263.0,23,22
114,95,410.0,495.0,18,26
114,97,578.5,185.5,21,25
114,114,553.0,330.5,22,25
114,87,234.0,260.5,24,29
114,61,552.5,341.5,21,23
114,33,377.5,468.5,19,23
114,74,555.5,312.0,21,22
114,93,569.5,257.0,23,24
114,67,197.5,528.5,21,27
115,0,235.0,178.0,56,56
115,1,347.0,440.5,80,97
115,2,365.0,418.0,18,22
115,3,358.0,313.0,24,26
115,4,311.0,198.0,22,20
115,5,255.5,131.0,25,30
115,7,104.0,248.0,20,26
115,8,372.0,441.5,18,21
115,9,436.0,83.0,28,30
115,10,317.5,415.5,21,29
115,11,211.5,210.5,31,33
115,12,87.0,67.5,42,45
115,13,410.5,416.5,23,25
115,14,235.5,511.0,25,32
115,15,81.5,203.5,21,29
115,16,343.0,360.0,22,34
115,17,213.5,274.0,23,18
115,18,378.0,295.0,18,20
115,19,401.5,539.0,39,44
115,21,275.5,106.0,27,22
115,22,19.0,201.0,26,28
115,23,137.5,611.0,21,30
115,24,540.5,20.0,17,30
115,25,88.0,69.5,36,35
115,26,234.0,169.0,22,26
115,28,420.0,107.5,22,27
115,29,116.5,276.0,23,26
115,30,274.0,161.0,20,30
115,31,55.0,400.5,24,35
115,32,248.0,269.0,22,28
115,37,261.5,95.0,17,22
115,39,250.5,295.5,19,23
115,40,487.5,223.0,21,26
115,41,558.0,47.5,20,29
115,44,549.5,477.5,19,21
115,46,198.5,584.0,23,28
115,48,260.5,367.5,21,21
115,50,614.5,72.0,19,26
115,53,277.5,13.5,19,23
115,100,387.5,140.5,25,25
115,52,558.0,142.0,18,24
115,51,405.5,541.0,23,28
115,43,566.0,129.5,14,23
115,79,255.0,222.0,18,22
115,92,131.0,563.5,18,31
115,88,166.5,322.5,25,31
115,86,604.5,418.0,27,32
115,107,403.0,192.0,20,30
115,108,263.0,198.5,20,19
115,109,252.5,344.0,17,24
115,110,534.0,186.5,26,21
115,111,419.0,546.5,20,21
115,112,547.0,364.0,22,30
115,113,292.5,404.0,23,28
115,83,143.5,371.0,27,32
115,78,191.0,629.0,18,28
115,99,573.5,165.5,21,25
115,90,340.0,74.5,22,29
115,103,627.5,283.5,21,23
115,95,438.5,518.5,19,27
115,97,571.5,150.5,21,25
115,114,540.0,349.5,22,23
115,87,226.5,290.5,25,29
115,61,552.5,356.5,21,23
115,33,398.5,479.5,19,25
115,74,557.5,289.5,21,23
115,93,620.0,228.0,24,24
115,67,195.0,549.0,20,26
115,81,572.5,100.0,21,28
115,82,372.5,456.5,19,25
115,49,301.5,582.0,19,26
115,38,558.0,308.0,22,28
115,45,255.5,442.0,25,28
116,0,235.0,177.5,56,57
116,1,347.0,440.0,82,98
116,2,365.0,417.0,18,22
116,3,357.5,312.0,25,26
116,4,311.0,197.0,22,20
116,5,255.0,130.0,26,30
116,7,104.0,247.5,20,27
116,8,373.0,440.5,18,21
116,9,436.0,83.0,28,30
116,10,317.0,415.5,22,29
116,11,211.5,209.5,31,33
116,12,87.5,68.5,43,45
116,13,411.0,415.5,22,25
116,14,235.5,511.0,25,32
116,15,81.5,203.5,21,29
116,16,343.0,359.0,22,34
116,17,213.5,273.0,23,18
116,18,378.0,294.0,18,20
116,19,402.0,538.5,38,43
116,21,275.5,105.0,27,22
116,22,19.0,201.0,26,28
116,23,137.5,611.0,21,30
116,24,540.5,19.5,17,29
116,25,87.5,70.0,35,34
116,26,234.5,169.5,21,25
116,28,419.5,106.5,21,27
116,29,116.0,275.0,22,26
116,30,274.0,160.5,20,31
116,31,55.5,400.5,25,35
116,32,248.5,269.0,21,28
116,37,261.5,95.0,17,22
116,39,250.5,295.0,19,24
116,40,487.5,223.0,21,26
116,41,558.0,46.5,20,29
116,44,549.5,477.5,19,21
116,46,199.5,585.0,23,28
116,48,261.5,367.5,21,21
116,50,614.5,71.5,19,27
116,53,277.5,14.0,19,24
116,100,387.5,140.5,25,25
116,52,558.0,141.5,18,25
116,51,406.0,541.0,24,28
116,43,566.5,129.0,15,24
116,79,255.0,221.0,18,22
116,92,131.0,563.5,18,31
116,88,166.0,322.5,24,31
116,86,605.5,418.5,27,31
116,107,403.0,192.0,20,30
116,108,263.0,197.5,20,19
116,109,252.5,344.0,17,24
116,110,534.0,186.5,26,21
116,111,419.5,545.5,21,21
116,112,545.5,359.0,19,28
116,113,291.0,401.5,22,27
116,99,568.5,166.5,21,25
116,90,338.5,76.0,23,28
116,95,468.5,546.0,19,26
116,114,529.5,364.5,23,23
116,87,219.5,321.0,25,30
116,61,553.0,371.0,22,24
116,33,419.0,490.5,18,25
116,74,559.0,266.5,20,25
116,93,670.0,198.5,26,25
116,67,193.0,569.5,20,25
116,81,575.0,87.0,22,28
116,82,408.5,489.5,19,27
116,49,259.5,587.5,19,25
116,38,570.0,253.5,22,27
116,45,229.5,437.5,25,29
116,71,532.5,350.5,21,27
116,91,196.0,518.0,22,26
116,56,516.5,399.5,19,25
116,47,592.5,83.5,21,29
116,94,508.0,423.0,20,26
116,70,606.0,282.0,20,24
116,80,194.5,427.5,27,31
117,0,235.5,177.5,55,55
117,1,347.0,440.0,80,96
117,2,364.5,418.0,19,22
117,3,357.5,312.0,25,24
117,4,311.0,198.0,22,20
117,5,255.5,131.0,25,30
117,7,104.0,248.0,20,26
117,8,373.0,441.5,18,21
117,9,438.0,83.5,28,29
117,10,318.0,415.0,22,30
117,11,212.5,210.0,31,34
117,12,88.5,69.5,43,45
117,13,411.5,416.5,23,25
117,14,235.0,511.5,26,31
117,15,80.5,204.0,21,28
117,16,343.0,360.0,22,34
117,17,213.5,274.0,23,18
117,18,378.0,295.0,18,20
117,19,402.0,539.5,38,43
117,21,275.5,106.0,27,22
117,22,20.0,201.5,26,27
117,23,136.0,612.0,22,30
117,24,541.0,20.0,18,30
117,25,87.5,69.5,35,33
117,26,234.5,169.0,21,24
117,28,419.5,107.5,21,27
117,29,116.5,276.0,23,26
117,30,274.0,161.0,20,30
117,31,56.0,401.0,24,34
117,32,249.0,269.0,22,28
117,37,262.0,94.0,16,22
117,39,252.0,295.5,20,23
117,40,487.5,221.5,21,25
117,41,558.5,47.0,21,28
117,44,547.5,476.5,21,21
117,46,199.0,584.5,22,27
117,48,258.5,366.5,21,21
117,50,615.0,74.0,20,28
117,53,278.5,15.0,19,24
117,100,388.5,141.5,25,23
117,52,558.0,141.5,18,23
117,51,406.5,541.0,23,26
117,43,567.0,129.5,16,23
117,79,255.0,222.0,18,22
117,92,132.0,563.5,18,29
117,88,167.0,323.0,24,30
117,86,605.5,418.0,27,30
117,107,404.5,193.0,21,30
117,108,263.0,198.5,20,19
117,109,254.0,341.5,18,23
117,110,538.0,190.5,26,21
117,111,420.0,545.5,20,21
117,112,546.0,354.5,18,27
117,113,290.0,399.5,22,27
117,99,563.5,162.0,21,24
117,90,337.5,75.0,23,28
117,95,498.5,572.0,19,26
117,114,519.5,381.0,23,22
117,74,561.5,243.5,19,27
117,81,578.0,74.0,22,28
117,82,444.5,522.5,19,27
117,49,217.5,593.5,19,25
117,38,582.0,199.0,24,26
117,45,203.0,432.5,26,29
117,71,563.5,329.5,21,23
117,91,206.5,545.0,21,26
117,56,551.5,383.0,19,26
117,47,591.5,71.5,21,29
117,94,517.0,397.5,20,25
117,70,606.0,282.0,20,26
117,80,186.5,432.0,27,30
117,34,278.0,94.5,20,17
117,58,236.5,244.5,21,19
117,6,445.0,538.5,18,25
117,106,594.0,328.5,18,23
117,63,590.0,177.5,22,25
117,68,77.0,151.5,20,31
117,62,224.5,612.5,23,25
117,72,339.0,91.0,24,24
117,75,427.5,413.5,23,25
117,103,554.5,400.5,21,25
118,0,234.5,177.0,55,56
118,1,347.0,439.5,80,97
118,2,364.0,417.0,18,22
118,3,357.0,312.0,24,26
118,4,310.0,197.0,22,20
118,5,255.0,130.0,24,30
118,7,103.0,247.0,20,26
118,8,372.0,440.5,18,21
118,9,436.5,83.5,27,29
118,10,318.0,415.0,22,30
118,11,212.0,209.5,32,33
118,12,88.0,67.5,42,45
118,13,411.0,415.5,24,25
118,14,234.5,510.5,25,31
118,15,80.5,203.0,21,28
118,16,342.0,359.0,22,34
118,17,213.0,273.0,24,18
118,18,377.0,294.0,18,20
118,19,401.0,538.5,38,43
118,21,275.0,105.0,26,22
118,22,20.0,201.5,26,27
118,23,136.0,612.0,22,30
118,24,540.5,19.5,19,31
118,25,87.0,68.5,36,33
118,26,233.5,168.5,21,25
118,28,419.0,106.5,22,27
118,29,116.0,275.0,24,26
118,30,273.0,160.0,20,30
118,31,55.0,400.5,24,33
118,32,248.5,268.5,23,27
118,37,261.5,94.0,15,22
118,39,251.0,294.5,20,23
118,40,487.0,222.0,20,26
118,41,558.0,46.5,20,29
118,44,548.5,476.5,19,21
118,46,198.5,584.5,23,27
118,48,260.5,366.5,21,21
118,50,614.5,73.0,19,28
118,53,278.5,14.5,19,23
118,100,388.0,140.5,24,23
118,52,557.0,141.5,18,23
118,51,406.0,541.0,22,26
118,43,566.0,128.5,16,23
118,79,254.0,221.0,18,22
118,92,131.0,563.5,18,29
118,88,166.0,323.0,24,30
118,86,604.5,418.0,27,30
118,107,403.5,193.0,21,30
118,108,262.0,197.5,20,19
118,109,252.0,343.0,18,24
118,110,535.5,188.5,25,21
118,111,419.5,546.0,19,20
118,112,553.5,349.0,21,26
118,113,289.0,397.0,22,26
118,99,557.5,156.0,21,24
118,90,335.5,79.0,23,26
118,95,527.5,597.0,19,26
118,49,172.0,599.5,18,23
118,71,594.5,307.5,21,21
118,91,216.5,572.0,21,26
118,56,586.0,366.0,20,26
118,47,590.5,58.5,21,29
118,94,525.5,371.0,21,24
118,70,606.0,281.0,20,26
118,80,182.0,436.5,26,31
118,34,278.0,91.5,20,17
118,58,217.5,252.5,21,19
118,6,446.0,533.5,18,25
118,106,610.0,325.5,18,23
118,63,583.5,197.0,23,24
118,68,79.0,154.5,20,31
118,62,224.0,608.5,22,25
118,72,334.0,84.5,24,23
118,75,410.0,440.5,22,25
118,103,543.0,443.0,20,26
118,105,548.0,309.0,24,26
118,97,588.5,92.5,19,25
118,61,537.0,348.0,24,24
118,33,468.5,548.0,19,26
118,93,573.0,183.5,22,25
119,0,234.5,177.0,55,56
119,1,347.5,440.0,79,96
119,2,364.0,418.0,18,22
119,3,357.5,312.5,23,25
119,4,310.0,198.0,22,20
119,5,254.5,131.0,25,30
119,7,103.0,248.0,20,26
119,8,372.0,441.5,18,21
119,9,436.0,83.0,26,28
119,10,318.0,415.5,22,31
119,11,212.0,210.0,32,34
119,12,88.5,67.5,43,45
119,13,411.0,416.5,24,25
119,14,234.5,511.5,25,31
119,15,80.5,204.0,21,28
119,16,342.0,360.0,22,34
119,17,213.5,274.0,25,18
119,18,377.0,295.0,18,20
119,19,401.0,539.5,38,43
119,21,274.5,106.0,27,22
119,22,20.5,201.5,25,27
119,23,136.0,611.5,22,31
119,24,540.5,20.0,19,32
119,25,87.5,67.5,37,33
119,26,233.5,168.5,21,25
119,28,419.0,107.5,22,27
119,29,116.0,276.0,24,26
119,30,273.0,161.0,20,30
119,31,54.0,401.0,24,34
119,32,248.0,269.5,24,27
119,37,261.5,94.0,15,22
119,39,250.5,295.5,21,23
119,40,486.0,222.5,20,25
119,41,558.5,46.5,19,29
119,44,548.5,476.5,19,21
119,46,198.5,584.5,23,27
119,48,262.0,366.5,20,21
119,50,614.5,72.5,17,27
119,53,279.0,15.0,18,22
119,100,387.0,140.0,24,22
119,52,557.0,142.5,18,23
119,51,406.0,541.0,22,26
119,43,565.0,128.5,16,23
119,79,254.0,221.0,18,24
119,92,130.0,564.5,18,29
119,88,165.5,323.0,23,30
119,86,604.5,418.0,27,30
119,107,403.0,192.0,22,30
119,108,261.5,197.5,19,17
119,109,251.0,343.0,18,24
119,110,534.5,187.5,25,21
119,111,419.5,546.0,19,20
119,112,555.5,345.5,21,27
119,113,283.5,398.5,25,27
119,90,335.0,80.0,22,26
119,49,128.0,606.0,18,22
119,71,625.0,285.5,22,19
119,47,592.0,40.0,18,26
119,80,180.0,439.5,26,31
119,34,279.5,88.5,19,17
119,58,199.0,260.5,22,19
119,6,448.0,528.5,18,25
119,106,626.5,323.5,17,23
119,63,577.5,216.0,23,22
119,68,81.0,158.0,20,30
119,62,223.5,604.0,23,26
119,72,328.5,79.0,23,22
119,75,392.5,468.5,23,25
119,103,532.0,486.0,20,28
119,105,549.0,304.0,24,26
119,97,591.5,69.5,19,25
119,61,533.5,346.5,23,25
119,33,492.0,569.5,18,27
119,93,565.5,167.0,21,26
119,55,560.0,262.0,22,24
119,54,585.5,196.5,23,25
119,87,181.0,526.5,22,25
119,114,497.0,469.5,20,25
119,74,559.0,224.5,22,25
120,0,235.5,176.0,55,56
120,1,347.5,440.5,81,97
120,2,364.5,418.0,17,22
120,3,358.0,312.5,24,25
120,4,311.0,198.0,22,20
120,5,255.0,131.0,26,30
120,7,104.0,247.0,20,26
120,8,372.0,441.5,18,21
120,9,435.5,82.5,27,29
120,10,317.5,416.0,23,30
120,11,211.5,210.5,31,33
120,12,89.0,67.0,42,44
120,13,410.0,416.5,24,25
120,14,235.0,511.5,24,31
120,15,80.0,203.0,22,28
120,16,343.0,360.0,22,34
120,17,213.5,274.0,23,18
120,18,378.0,295.0,18,20
120,19,401.0,539.5,38,43
120,21,275.0,106.0,28,22
120,22,20.0,200.5,24,27
120,23,136.5,611.0,23,30
120,24,540.5,20.5,17,31
120,25,87.5,68.0,37,32
120,26,234.5,169.5,21,25
120,28,419.0,107.5,20,27
120,29,115.0,275.0,24,26
120,30,274.0,161.0,20,30
120,31,54.5,400.0,23,34
120,32,247.5,269.5,23,27
120,37,261.5,95.0,17,22
120,39,250.0,295.0,20,24
120,40,486.0,223.5,20,25
120,41,558.0,47.0,20,28
120,44,549.5,477.5,19,21
120,46,198.0,583.5,22,27
120,48,262.5,367.5,21,21
120,50,614.5,71.5,17,27
120,53,278.0,14.5,18,21
120,100,386.5,140.0,25,24
120,52,557.5,143.0,19,24
120,51,405.5,541.0,23,26
120,43,565.0,129.0,16,24
120,79,255.0,221.0,18,24
120,92,130.0,565.0,18,30
120,88,164.5,322.5,23,31
120,86,604.5,418.5,27,31
120,107,402.5,191.0,21,30
120,108,261.5,197.5,19,17
120,109,251.0,344.0,18,24
120,110,533.5,186.5,25,21
120,111,418.5,546.5,19,21
120,112,554.5,341.0,21,28
120,113,280.5,397.5,25,27
120,90,335.0,80.5,22,27
120,49,84.5,611.5,17,21
120,47,592.5,24.5,17,25
120,80,179.5,441.0,25,30
120,63,572.0,235.5,24,21
120,105,550.0,299.0,24,26
120,97,591.0,43.5,18,27
120,61,531.0,345.0,22,24
120,33,515.0,591.5,18,27
120,93,557.5,151.0,21,26
120,55,569.0,263.5,22,25
120,54,584.0,196.5,22,25
120,87,169.5,583.5,21,25
120,114,486.5,502.0,19,26
120,74,559.0,209.0,22,26
120,42,469.0,547.5,18,27
120,56,555.5,224.5,21,25
120,94,542.0,303.5,22,25
120,70,607.0,285.0,20,26
121,0,235.5,176.0,55,56
121,1,347.5,440.0,81,98
121,2,365.0,417.5,18,21
121,3,358.0,311.5,24,25
121,4,311.0,197.0,22,20
121,5,254.5,130.0,25,30
121,7,104.0,247.0,20,26
121,8,373.0,440.5,18,21
121,9,435.5,82.5,27,29
121,10,317.5,416.0,23,30
121,11,211.0,210.0,32,32
121,12,88.0,67.0,42,44
121,13,410.0,416.5,24,25
121,14,235.0,511.0,24,30
121,15,81.0,203.0,22,28
121,16,343.0,359.0,22,34
121,17,213.5,280.5,23,19
121,18,378.0,294.0,18,20
121,19,401.0,539.5,38,43
121,21,275.0,105.0,28,22
121,22,20.0,200.5,24,27
121,23,137.0,611.0,22,30
121,24,541.0,20.5,18,31
121,25,86.5,68.5,37,33
121,26,234.5,169.5,21,25
121,28,419.0,107.5,20,27
121,29,115.5,275.0,23,26
121,30,274.0,160.0,20,30
121,31,54.5,399.5,23,33
121,32,247.5,269.0,23,26
121,37,261.5,95.0,17,22
121,39,250.0,294.5,20,23
121,40,486.0,223.5,20,25
121,41,558.0,47.0,20,28
121,44,549.5,477.5,19,21
121,46,198.0,583.0,22,28
121,48,262.5,367.5,21,21
121,50,614.5,71.5,17,27
121,53,278.5,14.5,19,21
121,100,386.5,140.0,25,24
121,52,558.0,143.0,18,24
121,51,405.5,541.0,23,26
121,43,565.0,129.0,16,24
121,79,255.0,221.0,18,22
121,92,130.0,565.0,18,30
121,88,164.5,322.5,23,31
121,86,605.5,419.0,27,30
121,107,402.5,191.5,21,31
121,108,261.5,197.0,19,18
121,109,251.5,344.0,17,24
121,110,533.5,186.5,25,21
121,111,418.5,546.5,19,21
121,112,551.0,336.0,20,28
121,113,278.5,397.5,25,27
121,90,335.0,80.5,22,27
121,47,593.0,10.5,16,23
121,80,178.5,443.0,25,30
121,97,592.0,18.5,18,27
121,61,529.0,344.0,24,24
121,55,578.0,264.5,22,25
121,54,584.5,197.0,23,24
121,87,158.0,641.0,20,24
121,114,475.5,534.5,19,27
121,74,558.5,193.5,23,25
121,42,468.0,548.5,18,27
121,56,556.5,179.5,23,25
121,94,544.5,275.5,23,25
121,70,608.0,286.0,20,26
121,38,588.0,108.0,20,26
121,75,238.0,540.5,20,25
122,0,235.5,176.0,55,56
122,1,347.5,440.0,81,98
122,2,365.0,417.5,18,21
122,3,357.5,311.5,23,25
122,4,311.0,197.0,22,20
122,5,254.0,130.0,24,30
122,7,104.0,247.0,20,26
122,8,373.0,440.5,18,21
122,9,435.5,82.5,27,29
122,10,318.0,415.0,22,30
122,11,211.0,210.0,32,32
122,12,87.0,67.0,42,44
122,13,410.0,415.5,24,25
122,14,234.5,511.5,23,29
122,15,81.5,203.0,21,28
122,16,343.0,359.0,22,34
122,17,214.0,285.5,22,19
122,18,378.0,294.0,18,20
122,19,402.0,538.5,38,43
122,21,275.5,105.0,27,22
122,22,20.0,200.0,24,26
122,23,137.0,611.5,22,29
122,24,541.0,19.5,18,31
122,25,86.0,68.0,36,34
122,26,234.5,169.5,21,25
122,28,419.0,106.5,20,27
122,29,115.5,275.0,23,26
122,30,274.0,159.5,20,29
122,31,55.0,399.5,22,33
122,32,247.5,269.5,23,25
122,37,261.5,95.0,17,22
122,39,250.0,294.5,20,23
122,40,486.0,223.5,20,25
122,41,558.5,46.5,21,29
122,44,549.5,477.5,19,21
122,46,198.5,584.0,21,26
122,48,262.5,367.5,21,21
122,50,614.5,71.5,17,27
122,53,278.0,14.5,18,21
122,100,386.5,140.5,25,25
122,52,558.0,143.0,18,24
122,51,406.0,541.0,24,26
122,43,565.0,129.0,16,22
122,79,255.0,221.5,18,21
122,92,130.0,565.0,18,30
122,88,164.5,322.5,23,31
122,86,605.5,419.0,27,30
122,107,402.5,191.5,21,31
122,108,261.5,197.0,19,18
122,109,252.0,344.0,16,24
122,110,533.5,186.5,25,21
122,111,418.5,546.0,19,22
122,112,551.0,332.5,22,29
122,113,276.5,397.0,25,28
122,90,334.5,81.0,23,26
122,80,178.0,442.0,26,30
122,97,592.5,-6.0,17,28
122,61,527.0,343.0,24,26
122,54,585.0,197.5,22,25
122,74,552.5,180.0,23,24
122,42,468.0,549.5,18,27
122,56,558.0,134.5,24,25
122,94,548.0,247.0,24,24
122,70,608.5,287.0,19,26
122,38,591.5,80.5,19,25
122,75,184.5,573.0,19,24
122,49,165.0,598.0,18,24
122,63,558.5,243.5,23,25
122,93,354.0,234.5,22,21
123,0,234.5,176.0,55,56
123,1,348.0,439.5,80,97
123,2,364.5,417.0,17,22
123,3,356.5,311.5,23,25
123,4,310.0,197.0,22,20
123,5,254.0,131.0,24,30
123,7,103.0,248.0,20,26
123,8,373.0,440.5,18,21
123,9,435.5,82.5,27,29
123,10,318.5,415.5,21,29
123,11,211.0,210.5,32,33
123,12,87.5,66.5,43,45
123,13,410.0,415.5,24,25
123,14,235.0,512.0,24,30
123,15,81.0,204.0,20,28
123,16,342.0,359.0,22,34
123,17,214.5,290.0,23,20
123,18,377.0,294.0,18,20
123,19,402.0,538.5,38,43
123,21,275.0,106.0,26,22
123,22,19.5,201.0,25,26
123,23,136.5,611.5,21,29
123,24,540.5,20.0,19,30
123,25,86.0,68.5,36,33
123,26,233.5,170.0,21,24
123,28,418.5,106.5,21,27
123,29,115.5,276.0,23,26
123,30,273.0,160.0,20,28
123,31,54.5,400.0,23,32
123,32,247.5,269.5,23,27
123,37,261.0,95.5,16,23
123,39,250.0,295.0,20,24
123,40,486.0,223.0,20,24
123,41,558.0,46.5,20,29
123,44,549.5,476.5,19,21
123,46,198.5,584.0,21,26
123,48,261.5,367.0,21,22
123,50,614.0,71.5,18,27
123,53,277.5,14.5,19,21
123,100,386.5,140.5,25,25
123,52,557.0,143.0,18,24
123,51,406.5,541.0,23,26
123,43,565.5,129.5,15,23
123,79,254.0,222.0,18,22
123,92,131.0,565.0,18,30
123,88,164.0,322.5,24,29
123,86,604.5,418.0,27,30
123,107,402.5,192.0,21,32
123,108,261.0,197.5,20,17
123,109,251.5,344.0,17,24
123,110,532.5,186.5,23,21
123,111,418.0,545.5,20,21
123,112,551.5,327.5,23,31
123,113,274.0,391.0,26,26
123,90,334.5,81.5,23,27
123,80,174.0,446.0,26,30
123,61,521.0,339.5,24,27
123,54,585.0,197.5,22,25
123,74,549.5,166.0,23,24
123,42,469.0,550.0,18,26
123,56,559.5,89.0,25,24
123,94,552.0,218.0,24,24
123,38,590.5,54.0,17,24
123,75,131.0,605.5,18,25
123,49,170.0,597.0,18,24
123,63,552.0,254.0,22,26
123,93,289.0,253.0,22,20
123,103,311.0,547.5,20,27
123,105,548.5,223.5,23,25
123,55,347.5,276.0,23,22
124,0,235.5,177.0,55,56
124,1,347.5,440.0,79,98
124,2,364.0,417.5,18,23
124,3,357.0,312.5,24,25
124,4,311.0,198.0,22,20
124,5,254.5,131.0,23,30
124,7,102.5,247.0,19,26
124,8,372.0,441.5,18,21
124,9,436.5,83.5,27,29
124,10,318.5,416.0,21,28
124,11,211.5,210.5,33,33
124,12,87.5,65.5,43,45
124,13,410.0,416.5,24,25
124,14,234.5,512.0,25,30
124,15,81.0,203.0,20,28
124,16,342.0,360.0,22,34
124,18,378.0,295.0,18,20
124,19,401.0,539.5,38,43
124,21,275.5,106.0,27,22
124,22,20.5,200.5,25,27
124,23,135.5,611.5,21,27
124,24,540.5,21.0,19,30
124,25,86.5,68.0,35,32
124,26,234.5,170.0,21,24
124,28,418.5,107.5,23,27
124,29,116.0,275.0,24,26
124,30,274.0,160.0,20,28
124,31,54.0,399.5,24,33
124,32,248.5,269.5,23,27
124,37,262.0,95.5,16,23
124,39,251.0,294.5,20,25
124,40,487.0,223.5,20,25
124,41,559.0,47.0,20,28
124,44,548.5,477.5,19,21
124,46,198.0,584.0,22,26
124,48,261.0,366.5,20,23
124,50,614.0,72.5,20,27
124,53,278.0,15.0,20,22
124,100,387.5,140.0,25,26
124,52,558.0,144.0,18,24
124,51,405.5,541.0,23,26
124,43,565.5,129.5,15,23
124,79,255.0,222.0,18,22
124,92,130.0,564.0,18,30
124,88,164.0,322.5,24,29
124,86,604.5,418.0,27,32
124,107,403.5,192.0,21,30
124,108,261.5,198.0,21,18
124,109,252.0,344.0,18,24
124,110,531.5,187.0,23,20
124,111,418.0,546.5,20,21
124,112,555.5,326.0,23,30
124,113,271.5,389.0,25,26
124,90,334.0,81.5,22,27
124,80,171.5,448.5,25,31
124,61,517.5,337.0,25,28
124,54,584.0,198.5,22,25
124,74,547.0,151.5,24,23
124,42,470.0,551.0,18,26
124,94,547.0,184.5,22,25
124,38,591.5,27.0,15,22
124,49,175.5,595.0,19,24
124,63,546.0,264.5,22,25
124,93,214.5,273.0,23,18
124,103,262.5,567.0,19,26
124,105,548.5,204.0,23,26
124,55,287.5,279.5,23,21
124,89,606.5,91.5,19,25
124,58,179.0,459.5,20,23
124,70,608.0,294.5,20,25
125,0,235.5,177.0,55,56
125,1,348.0,440.0,80,96
125,2,365.0,418.0,18,22
125,3,358.0,312.5,24,25
125,4,311.0,198.0,22,20
125,5,255.0,131.0,24,30
125,7,103.0,248.0,20,26
125,8,373.0,441.5,18,21
125,9,438.0,83.5,28,29
125,10,318.5,415.0,21,30
125,11,212.5,210.5,31,33
125,12,88.0,68.0,42,44
125,13,411.0,416.5,24,25
125,14,234.5,511.5,25,31
125,15,80.5,204.0,21,28
125,16,343.0,360.0,22,34
125,18,378.0,295.0,18,20
125,19,402.0,539.5,38,43
125,21,275.5,106.0,27,22
125,22,21.0,201.0,26,26
125,23,135.5,612.5,21,29
125,24,540.5,20.5,19,31
125,25,87.5,69.5,35,31
125,26,234.5,169.5,21,25
125,28,419.0,107.5,22,27
125,29,116.0,276.0,24,26
125,30,274.0,160.5,20,29
125,31,55.5,401.0,23,34
125,32,248.5,268.5,23,27
125,37,262.0,94.0,16,22
125,39,251.5,295.0,19,24
125,40,487.0,221.5,20,25
125,41,559.0,47.5,20,29
125,44,547.5,476.5,19,23
125,46,199.0,584.5,22,27
125,48,258.5,366.5,21,23
125,50,615.0,74.0,20,28
125,53,278.5,14.5,19,23
125,100,388.5,141.5,25,23
125,52,558.0,141.5,18,23
125,51,406.5,541.0,23,26
125,43,566.0,129.5,16,23
125,79,255.0,222.0,18,22
125,92,132.0,563.5,18,29
125,88,167.0,323.0,24,30
125,86,605.0,418.0,28,30
125,107,404.0,193.0,20,30
125,108,262.0,198.0,20,18
125,109,253.5,341.5,17,23
125,110,536.5,190.0,25,20
125,111,420.0,546.0,20,22
125,112,563.0,328.5,22,25
125,113,270.5,387.0,25,26
125,90,339.0,85.5,24,27
125,80,169.0,450.5,26,31
125,61,514.5,335.0,25,28
125,54,584.5,200.0,23,24
125,42,470.0,552.5,18,27
125,94,548.0,154.5,22,25
125,38,593.0,1.0,14,20
125,93,144.5,293.0,23,16
125,103,214.0,586.5,18,27
125,105,549.0,185.5,22,25
125,55,228.5,284.0,23,20
125,89,606.5,89.5,19,25
125,58,173.5,494.5,19,23
125,70,609.0,297.5,20,25
125,76,141.5,213.5,21,25
125,66,614.5,293.0,17,22
125,65,314.5,37.0,21,20
125,83,207.0,342.0,24,24
125,71,510.5,442.0,19,26
125,6,499.0,503.0,20,28
125,68,362.0,166.5,20,27
125,62,221.5,615.5,21,25
125,17,292.5,389.0,23,22
125,56,593.5,150.5,21,25
126,0,234.5,177.0,55,56
126,1,347.0,439.5,80,97
126,2,364.0,417.0,18,22
126,3,357.0,311.5,24,25
126,4,310.0,197.0,22,20
126,5,255.0,130.0,24,30
126,7,103.0,247.0,20,26
126,8,372.0,440.5,18,21
126,9,437.0,83.0,28,30
126,10,318.0,415.0,22,30
126,11,212.5,210.0,31,34
126,12,89.0,67.5,44,45
126,13,410.5,415.5,23,25
126,14,234.5,510.5,25,31
126,15,80.5,203.5,21,27
126,16,342.0,359.0,22,34
126,18,377.0,294.0,18,20
126,19,402.0,539.0,38,42
126,21,275.0,105.0,26,22
126,22,20.0,201.0,26,28
126,23,135.5,612.0,23,30
126,24,540.0,19.5,20,31
126,25,86.5,68.5,37,33
126,26,233.5,169.0,21,24
126,28,419.0,106.5,22,27
126,29,116.0,275.0,24,26
126,30,273.0,160.0,20,30
126,31,54.5,400.5,23,33
126,32,248.5,268.5,23,27
126,37,261.0,94.5,16,23
126,39,251.0,294.5,20,23
126,40,487.0,222.5,20,25
126,41,558.0,46.5,20,29
126,44,549.0,476.5,20,21
126,46,198.5,583.5,21,27
126,48,260.0,366.5,20,21
126,50,614.5,72.0,19,28
126,53,278.0,14.0,20,22
126,100,387.5,140.0,25,24
126,52,557.0,143.0,18,24
126,51,406.0,540.5,22,27
126,43,566.0,128.5,16,23
126,79,254.0,221.0,18,22
126,92,131.0,564.0,18,30
126,88,165.0,323.0,24,30
126,86,604.5,418.0,27,30
126,107,403.0,192.0,20,30
126,108,262.0,197.5,20,19
126,109,252.0,343.0,18,24
126,110,540.0,190.5,22,23
126,111,419.0,545.5,20,21
126,112,563.5,321.5,21,25
126,113,267.5,384.5,25,25
126,90,340.0,88.5,26,27
126,80,166.5,450.5,27,31
126,61,516.0,333.0,22,26
126,54,582.5,199.5,21,23
126,42,469.0,552.0,18,26
126,94,548.0,123.0,22,26
126,93,74.0,312.5,24,15
126,89,605.5,87.0,19,24
126,58,167.5,530.0,19,24
126,70,608.0,299.5,20,25
126,76,146.5,204.5,21,25
126,66,625.5,297.5,17,23
126,65,317.5,37.0,21,20
126,83,218.0,342.5,24,23
126,71,492.5,466.0,19,26
126,6,507.0,498.0,20,28
126,68,406.5,167.5,21,27
126,62,221.0,617.5,20,25
126,17,315.0,419.0,22,24
126,56,603.5,147.5,21,25
126,96,442.5,133.0,23,24
126,45,204.5,345.0,25,24
126,99,375.0,231.0,22,22
126,72,336.0,86.0,24,26
126,74,573.5,112.5,19,25
126,49,159.0,590.0,16,24
126,63,532.5,271.5,21,25
127,0,234.5,177.5,55,57
127,1,346.5,439.0,81,98
127,2,364.0,417.0,18,22
127,3,356.5,311.5,23,25
127,4,310.0,197.0,22,20
127,5,254.5,130.0,25,30
127,7,103.0,248.0,22,26
127,8,372.0,440.5,18,21
127,9,436.0,82.5,28,31
127,10,317.0,415.5,22,31
127,11,212.0,210.0,32,34
127,12,89.0,67.0,42,44
127,13,410.0,415.5,22,25
127,14,234.5,510.5,25,31
127,15,80.5,204.5,21,27
127,16,342.0,359.0,22,34
127,18,377.0,294.0,18,20
127,19,402.0,539.0,38,42
127,21,275.0,105.0,26,22
127,22,20.5,201.5,27,27
127,23,135.5,611.0,23,30
127,24,539.5,19.5,19,31
127,25,86.5,68.5,37,33
127,26,233.5,169.0,21,24
127,28,418.5,106.5,23,27
127,29,115.5,275.0,25,26
127,30,273.0,160.0,20,30
127,31,54.0,400.5,22,33
127,32,248.5,268.5,23,27
127,37,261.0,94.5,16,23
127,39,250.5,294.5,19,23
127,40,487.0,222.5,20,25
127,41,557.5,47.0,21,30
127,44,549.0,476.5,20,21
127,46,198.5,583.5,21,27
127,48,262.0,367.0,20,20
127,50,614.0,72.0,20,28
127,53,277.5,14.5,19,23
127,100,387.5,139.5,25,23
127,52,557.0,143.0,18,24
127,51,406.0,540.0,22,26
127,43,565.5,128.0,15,24
127,79,254.0,221.0,18,22
127,92,130.5,564.0,19,30
127,88,164.5,323.0,23,30
127,86,605.0,418.5,26,29
127,107,402.5,192.0,19,30
127,108,262.0,197.5,20,19
127,109,251.5,343.5,17,23
127,110,544.0,191.5,20,23
127,111,419.0,545.5,20,21
127,112,559.5,314.5,21,27
127,113,265.5,387.0,25,24
127,90,342.5,90.5,27,27
127,80,163.0,453.0,26,30
127,61,517.5,332.0,23,26
127,54,582.0,199.0,22,24
127,42,468.0,552.0,18,26
127,76,152.5,195.5,21,27
127,66,636.5,303.0,17,22
127,65,321.5,37.5,21,19
127,83,229.0,343.0,24,22
127,71,475.0,490.0,18,28
127,6,515.5,493.5,21,29
127,68,451.5,169.0,21,26
127,62,220.5,619.0,19,24
127,17,337.0,449.5,22,25
127,56,613.5,145.5,21,25
127,96,446.5,145.0,23,24
127,45,208.0,334.5,24,23
127,99,351.0,241.0,22,22
127,72,333.5,83.5,23,27
127,74,580.0,95.5,18,25
127,49,153.5,583.0,17,24
127,63,523.5,272.5,21,25
127,102,93.0,76.0,22,30
127,59,400.5,224.5,21,23
127,106,577.0,245.0,20,22
127,105,571.5,115.0,19,26
127,55,212.5,274.0,23,18
128,0,235.5,176.5,55,57
128,1,347.0,439.5,82,99
128,2,364.5,418.0,19,22
128,3,357.0,312.5,22,25
128,4,311.0,198.0,22,20
128,5,253.5,131.0,25,30
128,7,103.0,248.0,22,26
128,8,373.0,441.5,18,21
128,9,435.5,82.0,27,30
128,10,317.0,416.5,22,31
128,11,211.0,210.5,32,33
128,12,88.0,66.5,42,43
128,13,409.5,416.5,23,25
128,14,235.5,511.0,25,32
128,15,81.5,204.0,21,28
128,16,343.0,360.0,22,34
128,18,378.0,295.0,18,20
128,19,401.0,539.0,38,44
128,21,275.5,106.0,27,22
128,22,21.0,201.5,26,27
128,23,136.0,610.5,22,29
128,24,539.5,20.0,19,32
128,25,86.0,68.5,36,33
128,26,234.5,170.0,21,24
128,28,418.0,107.5,22,27
128,29,115.0,276.0,24,26
128,30,274.0,160.0,20,28
128,31,53.5,399.5,23,33
128,32,247.5,269.5,23,27
128,37,262.0,95.5,16,23
128,39,249.5,294.5,19,25
128,40,486.0,223.5,20,25
128,41,558.0,47.0,22,30
128,44,549.5,477.5,19,21
128,46,198.0,583.5,22,29
128,48,263.0,367.5,20,21
128,50,613.5,71.0,19,28
128,53,278.0,15.5,18,23
128,100,386.5,139.0,25,24
128,52,558.0,143.5,18,23
128,51,405.5,540.5,23,25
128,43,564.5,128.5,15,23
128,79,255.0,222.0,18,22
128,92,130.0,565.0,18,30
128,88,163.5,322.0,23,30
128,86,605.5,419.0,27,30
128,107,402.0,191.0,20,30
128,108,261.0,198.0,20,18
128,109,250.5,344.5,17,23
128,110,547.5,192.5,19,25
128,111,418.0,546.5,20,21
128,112,555.5,311.0,21,28
128,113,264.0,387.0,24,24
128,80,161.0,454.0,26,30
128,61,519.0,332.0,24,28
128,54,582.0,199.0,22,24
128,42,467.5,552.5,19,27
128,96,450.5,156.5,23,23
128,45,211.0,324.5,24,21
128,99,327.0,251.5,22,21
128,72,332.0,82.0,22,28
128,74,586.0,72.5,16,25
128,49,149.5,577.5,15,23
128,63,514.5,274.5,21,25
128,102,97.5,76.0,23,30
128,59,387.0,230.5,20,23
128,106,569.5,235.0,21,22
128,105,578.0,86.5,18,25
128,55,184.5,272.0,23,18
128,73,215.5,60.5,21,27
128,94,537.0,185.0,24,24
128,93,211.5,274.0,23,18
128,70,557.5,278.0,21,26
129,0,235.5,176.0,55,56
129,1,347.5,440.0,81,98
129,2,364.0,418.0,20,22
129,3,357.0,312.5,22,25
129,4,311.0,198.0,22,20
129,5,253.5,131.0,25,30
129,7,103.0,248.0,22,26
129,8,373.0,441.5,18,21
129,9,435.5,82.0,27,30
129,10,317.0,416.5,22,31
129,11,211.0,210.0,32,32
129,12,87.5,66.0,43,44
129,13,409.5,416.5,23,25
129,14,235.5,511.0,25,32
129,15,81.5,204.0,21,28
129,16,343.0,360.0,22,34
129,18,378.0,294.5,18,19
129,19,401.0,539.0,38,44
129,21,275.0,106.0,28,22
129,22,21.0,201.5,26,27
129,23,136.0,611.0,22,30
129,24,539.5,20.0,19,32
129,25,86.0,68.0,34,32
129,26,234.5,170.0,21,24
129,28,418.0,107.5,22,27
129,29,115.0,276.0,24,26
129,30,274.0,160.0,20,28
129,31,53.5,399.5,23,33
129,32,247.5,269.5,23,27
129,37,262.0,95.5,16,23
129,39,249.5,294.5,19,25
129,40,486.0,223.5,20,25
129,41,558.0,47.0,22,30
129,44,549.5,477.5,19,21
129,46,198.5,584.0,23,28
129,48,263.0,367.5,20,21
129,50,614.0,71.5,18,27
129,53,278.0,15.5,18,23
129,100,386.5,139.0,25,24
129,52,557.5,143.5,17,23
129,51,405.5,540.5,23,25
129,43,565.5,129.5,15,23
129,79,255.0,222.0,18,22
129,92,130.0,564.5,18,29
129,88,163.5,322.0,23,30
129,86,605.5,419.0,27,30
129,107,402.0,191.0,20,30
129,108,261.0,197.5,20,17
129,109,250.5,344.0,17,24
129,111,417.5,546.5,19,21
129,112,554.0,303.0,20,28
129,113,260.0,384.0,24,24
129,80,157.5,454.0,27,30
129,61,523.5,332.5,23,29
129,54,581.5,198.0,23,24
129,42,467.0,553.0,20,26
129,72,332.0,82.0,22,28
129,74,591.5,52.5,15,25
129,49,144.0,581.5,18,25
129,63,506.0,276.0,20,24
129,102,101.5,76.5,23,29
129,59,373.5,236.5,21,23
129,106,562.5,224.5,21,23
129,105,584.5,57.5,17,25
129,55,155.5,270.5,23,17
129,73,204.5,59.5,21,27
129,94,531.5,186.5,25,25
129,93,215.5,273.0,23,18
129,70,541.5,272.0,21,26
129,90,265.0,204.5,24,23
129,83,145.0,140.0,22,24
129,6,563.0,237.0,20,26
130,0,235.5,176.0,55,56
130,1,348.0,440.5,80,97
130,2,364.0,418.0,20,22
130,3,357.0,312.5,22,25
130,4,311.0,198.0,22,20
130,5,254.0,130.0,26,30
130,7,103.0,247.0,20,26
130,8,373.0,441.5,18,21
130,9,436.0,83.0,26,30
130,10,317.0,417.0,22,30
130,11,211.5,209.5,33,33
130,12,87.5,67.0,43,44
130,13,409.5,416.5,23,25
130,14,235.5,511.0,25,30
130,15,81.0,203.0,20,28
130,16,343.0,359.5,22,35
130,18,377.5,294.0,17,18
130,19,401.0,539.0,38,44
130,21,275.0,105.0,28,22
130,22,21.0,200.5,26,27
130,23,136.0,611.0,22,30
130,24,540.5,20.5,19,31
130,25,86.0,68.0,34,32
130,26,234.5,169.5,21,23
130,28,419.0,107.5,22,27
130,29,116.0,275.0,24,26
130,30,274.0,159.5,20,29
130,31,53.5,399.5,23,33
130,32,246.5,269.5,23,27
130,37,262.0,95.5,16,23
130,39,249.5,294.0,19,24
130,40,486.5,223.5,19,25
130,41,558.5,47.0,21,30
130,44,549.5,477.5,19,21
130,46,198.5,584.0,23,28
130,48,263.0,367.0,20,20
130,50,614.0,72.0,18,26
130,53,278.5,15.5,19,23
130,100,386.0,139.5,24,25
130,52,557.0,143.5,16,23
130,51,405.5,540.5,23,25
130,43,566.5,129.5,15,23
130,79,255.0,221.0,18,22
130,92,129.0,564.0,18,28
130,88,163.0,322.0,24,30
130,86,605.5,419.5,27,31
130,107,401.5,191.0,21,30
130,108,262.0,197.0,20,18
130,109,250.5,344.0,17,24
130,111,417.5,547.0,19,20
130,112,556.5,295.0,21,30
130,113,257.5,381.0,25,24
130,80,154.0,454.0,26,30
130,61,526.5,332.0,23,30
130,54,579.0,196.5,24,25
130,42,468.0,554.0,20,26
130,72,331.5,83.0,21,28
130,74,597.5,32.5,13,25
130,49,139.0,581.0,18,24
130,73,193.5,58.0,21,28
130,94,529.5,187.0,25,24
130,93,214.5,273.0,23,18
130,70,526.5,266.5,21,27
130,90,243.5,238.5,23,21
130,83,126.5,83.0,21,24
130,6,581.0,161.0,20,26
130,36,606.0,102.0,20,26
130,96,522.0,225.0,22,24
130,45,147.0,141.5,22,23
130,99,214.5,283.0,23,20
131,0,235.5,176.0,55,56
131,1,348.0,440.0,80,98
131,2,364.0,418.0,20,22
131,3,357.0,312.5,24,25
131,4,311.0,198.0,22,20
131,5,254.0,130.5,26,31
131,7,102.5,248.0,19,26
131,8,372.5,441.5,19,21
131,9,436.0,84.0,26,30
131,10,318.0,416.0,22,30
131,11,211.5,210.0,33,32
131,12,87.5,67.5,43,43
131,13,410.5,416.5,23,25
131,14,235.5,512.0,25,30
131,15,81.0,203.5,20,29
131,16,343.0,359.0,22,36
131,18,377.0,294.0,16,18
131,19,402.0,539.0,38,44
131,21,275.0,106.0,28,22
131,22,21.0,201.0,26,26
131,23,136.0,611.0,20,30
131,24,540.5,20.5,19,31
131,25,86.0,68.5,34,31
131,26,234.5,170.0,21,24
131,28,419.5,107.5,21,27
131,29,116.0,276.0,24,26
131,30,274.0,160.0,20,28
131,31,54.0,399.0,24,34
131,32,246.5,269.5,23,27
131,37,262.0,95.5,16,23
131,39,249.5,294.5,19,25
131,40,486.0,223.5,18,25
131,41,558.5,47.5,21,29
131,44,550.0,477.5,20,21
131,46,199.0,584.5,22,27
131,48,263.5,366.5,19,19
131,50,614.0,72.0,18,26
131,53,278.5,15.5,19,23
131,100,386.0,140.0,24,26
131,52,557.5,143.5,17,23
131,51,406.5,540.5,23,25
131,43,566.5,129.5,15,23
131,79,255.0,222.0,18,22
131,92,128.5,564.0,17,28
131,88,163.0,322.0,24,30
131,86,605.5,419.5,27,31
131,107,401.5,191.0,21,30
131,108,262.0,197.5,20,19
131,109,250.0,343.5,18,25
131,111,417.5,546.5,19,21
131,112,560.0,292.0,22,30
131,113,256.5,379.0,25,24
131,80,151.0,456.5,26,29
131,61,526.0,331.0,24,30
131,54,578.5,195.0,23,26
131,42,468.5,554.5,21,25
131,72,331.0,83.5,22,29
131,49,135.0,578.5,18,25
131,94,529.0,186.5,26,23
131,93,213.5,273.0,23,18
131,70,516.0,250.0,22,26
131,90,221.5,272.0,23,20
131,83,107.5,25.5,21,25
131,6,590.0,83.0,18,26
131,36,603.5,107.0,19,26
131,96,543.0,249.5,22,25
131,45,130.0,85.0,22,22
131,99,172.0,297.0,22,20
131,63,271.5,140.0,23,26
132,0,235.5,176.0,55,56
132,1,348.0,439.0,80,98
132,2,364.0,417.0,20,22
132,3,356.5,311.5,25,25
132,4,311.0,197.0,22,20
132,5,254.0,130.0,26,30
132,7,102.5,247.0,19,26
132,8,372.5,440.5,19,21
132,9,435.5,83.5,27,31
132,10,319.0,415.0,22,30
132,11,211.5,209.5,33,33
132,12,88.5,67.5,43,43
132,13,410.5,415.5,23,25
132,14,235.5,511.0,25,30
132,15,81.0,203.0,20,28
132,16,343.0,359.0,22,34
132,18,377.0,293.5,16,19
132,19,402.0,539.0,38,42
132,21,275.0,105.0,28,22
132,22,21.0,200.5,26,27
132,23,136.5,611.0,21,30
132,24,540.5,19.5,19,31
132,25,85.5,68.0,35,32
132,26,234.5,169.0,21,24
132,28,419.5,107.0,21,28
132,29,116.0,275.0,24,26
132,30,274.0,159.5,20,29
132,31,53.5,399.0,25,34
132,32,246.5,268.5,23,27
132,37,262.0,94.5,16,23
132,39,250.5,294.0,19,24
132,40,486.0,222.5,18,25
132,41,558.5,47.0,21,28
132,44,550.0,476.5,20,21
132,46,199.0,584.0,22,26
132,48,263.5,366.0,19,20
132,50,614.5,72.0,19,26
132,53,278.5,14.5,19,23
132,100,386.5,140.0,23,26
132,52,557.0,143.5,18,25
132,51,407.5,540.5,23,27
132,43,567.0,129.0,16,22
132,79,255.0,221.0,18,22
132,92,130.0,564.5,18,29
132,88,162.5,322.0,23,30
132,86,605.5,418.5,27,31
132,107,402.0,191.0,22,30
132,108,262.0,198.0,20,20
132,109,250.0,343.0,18,24
132,111,418.0,545.5,18,21
132,112,563.5,289.5,23,29
132,113,253.5,376.5,23,23
132,80,148.0,461.0,26,30
132,61,522.5,329.0,25,30
132,54,578.5,194.5,23,25
132,42,469.0,553.0,20,26
132,72,331.0,84.0,22,28
132,49,131.0,577.0,18,26
132,94,529.5,185.0,23,22
132,93,213.5,273.0,23,18
132,70,503.0,240.0,22,26
132,6,603.5,6.0,17,24
132,36,602.0,111.5,18,25
132,96,565.0,273.5,22,25
132,45,113.5,28.5,21,23
132,99,129.5,310.5,23,19
132,63,201.5,102.5,23,27
132,27,589.0,139.5,20,23
132,110,591.5,252.0,21,26
132,59,215.0,283.0,22,20
132,106,283.0,106.0,24,26
132,55,388.5,258.5,21,23
133,0,234.5,176.5,55,55
133,1,347.5,439.5,79,97
133,2,364.0,417.0,18,22
133,3,356.0,311.5,24,25
133,4,310.0,197.0,22,20
133,5,253.5,130.0,25,30
133,7,102.0,246.5,20,25
133,8,372.0,440.5,18,21
133,9,435.0,83.5,28,31
133,10,319.0,414.5,22,29
133,11,211.0,209.5,32,33
133,12,88.5,68.0,43,44
133,13,409.5,415.5,23,25
133,14,234.5,510.5,25,31
133,15,80.0,203.0,20,28
133,16,342.0,359.0,22,34
133,18,376.5,293.5,17,19
133,19,401.0,539.0,38,42
133,21,275.0,105.0,26,22
133,22,20.0,201.0,26,26
133,23,137.0,611.0,22,30
133,24,539.5,19.5,19,31
133,25,85.5,68.0,35,32
133,26,233.5,169.0,21,24
133,28,419.0,108.0,20,28
133,29,115.0,275.0,24,26
133,30,273.0,159.5,20,29
133,31,53.5,399.0,23,34
133,32,247.5,268.5,23,27
133,37,261.0,94.5,16,23
133,39,249.5,294.0,19,24
133,40,485.5,222.5,19,25
133,41,558.0,46.5,20,29
133,44,549.5,477.0,21,20
133,46,199.0,584.5,22,27
133,48,263.5,366.0,19,20
133,50,614.5,72.0,19,26
133,53,277.5,14.5,19,23
133,100,386.0,140.0,24,26
133,52,556.0,143.5,18,25
133,51,407.0,541.0,22,28
133,43,566.0,128.5,16,23
133,79,254.0,221.0,18,22
133,92,131.0,564.5,18,29
133,88,162.5,322.0,23,30
133,86,604.5,418.0,27,30
133,107,401.5,191.0,21,30
133,108,261.0,197.5,20,19
133,109,249.5,343.0,17,24
133,111,417.5,545.5,19,21
133,112,564.5,288.5,21,29
133,113,252.0,376.0,24,24
133,80,146.0,463.5,26,31
133,61,519.5,327.5,25,29
133,54,580.0,194.5,22,25
133,42,469.0,553.5,20,25
133,72,331.0,84.0,22,28
133,49,126.5,575.5,19,25
133,94,529.5,185.0,23,22
133,93,212.5,274.0,23,18
133,70,489.5,230.0,23,26
133,6,617.0,-71.0,16,26
133,63,131.0,64.5,24,27
133,27,568.0,157.5,20,23
133,110,601.0,264.5,20,27
133,59,175.0,296.0,22,20
133,106,215.5,75.5,25,27
133,55,439.5,255.0,21,24
133,69,599.5,313.5,19,25
133,20,550.5,134.0,21,26
133,76,92.5,92.0,21,30
133,102,378.0,72.0,20,26
134,0,234.5,177.5,55,55
134,1,347.0,440.5,80,97
134,2,364.5,418.0,17,22
134,3,356.0,312.0,24,26
134,4,310.0,198.0,22,20
134,5,253.5,131.0,25,30
134,7,102.0,247.0,20,24
134,8,372.5,441.5,17,21
134,9,435.0,84.0,28,30
134,10,319.0,416.0,22,30
134,11,211.0,210.5,32,33
134,12,88.0,67.0,44,44
134,13,409.5,416.0,23,24
134,14,234.5,511.5,25,31
134,15,80.0,204.0,20,28
134,16,341.5,359.5,21,35
134,18,376.5,294.5,17,19
134,19,401.0,539.5,38,43
134,21,275.0,106.0,26,22
134,22,19.5,200.5,25,25
134,23,136.0,610.5,22,29
134,24,540.0,20.5,18,31
134,25,85.5,69.0,35,32
134,26,233.5,170.0,21,24
134,28,418.5,108.0,21,28
134,29,115.0,276.0,24,26
134,30,273.0,160.0,20,30
134,31,53.5,398.5,23,33
134,32,247.5,269.5,23,27
134,37,261.0,95.5,16,23
134,39,249.5,294.5,19,23
134,40,485.5,223.5,19,25
134,41,558.5,47.5,19,29
134,44,549.0,477.5,20,21
134,46,198.0,584.5,22,27
134,48,263.5,367.0,21,20
134,50,614.5,71.0,19,26
134,53,277.5,14.5,19,21
134,100,386.0,140.0,24,26
134,52,556.0,144.0,18,24
134,51,407.0,541.5,22,27
134,43,565.0,128.5,16,23
134,79,254.0,221.0,18,24
134,92,131.0,565.0,18,30
134,88,162.5,323.0,23,30
134,86,604.5,418.5,27,29
134,107,401.5,192.0,21,30
134,108,261.0,197.0,20,20
134,109,250.0,343.5,18,23
134,111,417.0,546.0,20,22
134,112,562.5,277.0,21,28
134,113,246.5,374.5,23,23
134,80,140.5,463.5,27,31
134,61,513.0,326.0,26,28
134,54,577.0,197.0,22,24
134,42,468.5,554.0,21,24
134,72,331.0,84.0,22,28
134,94,530.0,186.0,22,24
134,93,212.5,274.0,23,18
134,27,546.0,174.5,20,23
134,110,611.0,277.5,20,27
134,59,134.5,308.5,23,19
134,106,148.0,44.5,26,29
134,55,490.5,251.5,21,25
134,69,574.5,297.0,19,26
134,20,521.0,147.0,20,26
134,76,84.0,76.0,22,30
134,102,430.5,70.5,19,25
134,85,84.0,336.5,18,27
134,34,444.5,57.0,19,20
134,62,176.5,627.5,19,15
134,36,544.5,148.5,21,25
134,96,510.5,247.0,21,26
135,0,235.5,177.5,55,55
135,1,347.0,440.5,80,97
135,2,364.5,418.0,17,22
135,3,356.0,312.0,24,26
135,4,311.0,198.0,22,20
135,5,253.5,131.0,23,30
135,7,102.0,247.0,20,24
135,8,372.5,441.5,17,21
135,9,435.0,84.0,28,30
135,10,319.0,417.0,22,30
135,11,211.5,210.5,33,33
135,12,87.5,66.5,45,45
135,13,409.5,416.0,23,24
135,14,234.5,512.0,25,30
135,15,80.5,204.0,19,28
135,16,342.0,360.0,22,34
135,18,376.5,294.5,17,19
135,19,401.0,539.5,38,43
135,21,275.0,106.0,26,22
135,22,20.0,200.5,24,25
135,23,136.0,610.0,22,30
135,24,540.5,20.5,19,31
135,25,85.5,69.0,35,32
135,26,234.5,170.0,21,24
135,28,419.5,108.0,21,28
135,29,114.5,276.0,23,26
135,30,274.0,160.0,20,30
135,31,53.5,398.5,23,33
135,32,247.5,269.5,23,27
135,37,262.0,95.5,16,23
135,39,249.5,294.0,19,22
135,40,485.0,223.0,18,24
135,41,558.5,47.5,21,29
135,44,549.0,477.5,20,21
135,46,198.0,584.5,22,27
135,48,263.5,367.5,21,21
135,50,614.0,70.5,18,27
135,53,278.5,14.5,19,21
135,100,386.0,139.5,26,27
135,52,556.0,143.0,18,24
135,51,406.5,542.0,23,26
135,43,564.5,128.0,15,22
135,79,254.0,221.0,18,24
135,92,129.5,567.0,19,30
135,88,162.5,323.0,23,30
135,86,604.5,418.5,27,29
135,107,402.5,192.0,21,30
135,108,262.0,196.5,20,19
135,109,250.0,343.5,18,23
135,111,417.0,546.5,20,21
135,112,564.0,270.0,22,28
135,113,241.0,374.5,24,25
135,80,136.5,466.5,27,31
135,61,508.5,323.5,25,29
135,54,575.5,197.5,23,25
135,42,469.0,555.0,22,24
135,72,330.5,84.0,23,28
135,94,530.5,186.5,21,23
135,93,212.5,274.0,23,18
135,27,520.0,202.0,22,26
135,69,550.0,280.5,18,25
135,20,491.5,160.5,19,25
135,76,76.0,59.5,22,31
135,102,483.5,70.0,19,24
135,85,103.0,342.0,18,26
135,34,457.0,55.0,18,20
135,62,170.5,629.0,19,14
135,36,528.0,161.0,22,24
135,96,504.5,244.0,21,26
135,87,154.5,617.0,19,14
135,68,610.0,250.5,20,23
135,83,96.5,43.5,23,31
135,99,93.0,319.5,18,21
135,70,551.0,160.5,20,23
136,0,235.0,177.0,54,54
136,1,348.0,440.0,80,96
136,2,365.0,418.0,18,22
136,3,357.0,311.5,24,27
136,4,311.0,197.0,22,20
136,5,253.5,130.5,23,29
136,7,103.0,246.5,20,25
136,8,373.0,441.5,18,21
136,9,434.5,84.0,27,30
136,10,318.5,417.0,21,30
136,11,211.0,210.0,32,34
136,12,86.5,68.5,43,41
136,13,410.5,416.5,23,25
136,14,235.5,511.5,25,29
136,15,80.5,203.0,19,28
136,16,343.0,359.5,22,33
136,18,377.0,294.5,18,19
136,19,402.0,539.5,38,43
136,21,274.0,105.0,26,22
136,22,20.0,200.0,24,26
136,23,136.0,610.0,22,30
136,24,540.5,20.5,19,31
136,25,84.5,68.5,35,31
136,26,234.5,169.0,21,24
136,28,419.0,108.5,22,27
136,29,115.0,275.0,22,26
136,30,274.0,159.0,20,30
136,31,53.0,398.5,24,33
136,32,247.5,269.0,21,26
136,37,262.0,94.5,16,23
136,39,250.5,294.0,19,24
136,40,485.5,223.0,17,24
136,41,558.5,47.5,21,29
136,44,550.0,477.0,20,22
136,46,197.5,584.0,23,28
136,48,264.0,367.5,20,21
136,50,613.5,70.5,17,27
136,53,278.5,14.0,19,22
136,100,386.0,139.0,26,26
136,52,556.5,142.5,19,23
136,51,407.5,542.0,23,26
136,43,564.5,128.0,15,22
136,79,255.0,220.5,18,23
136,92,128.0,566.0,18,30
136,88,163.0,322.0,24,30
136,86,605.5,418.5,27,29
136,107,402.0,192.0,20,30
136,108,262.0,196.5,20,19
136,109,250.5,343.0,17,24
136,111,417.5,546.0,21,22
136,112,565.5,263.0,23,28
136,113,239.0,372.5,24,25
136,80,135.0,470.5,26,31
136,61,507.0,322.0,24,28
136,54,574.5,198.0,23,24
136,42,470.0,556.0,22,24
136,72,330.0,83.5,22,27
136,94,529.5,184.5,21,25
136,93,212.5,273.0,23,18
136,27,496.5,223.5,23,27
136,85,121.0,347.0,18,26
136,34,470.0,53.0,18,20
136,62,163.5,630.0,19,12
136,36,511.5,173.0,23,24
136,96,497.5,244.0,21,26
136,87,156.5,603.5,19,13
136,68,629.0,261.0,20,22
136,83,92.5,32.5,23,29
136,99,73.5,325.5,17,21
136,70,563.5,135.5,19,23
136,58,145.5,617.0,19,16
136,90,99.0,320.0,20,20
136,110,627.0,305.5,20,25
136,59,428.0,177.0,18,20
137,0,234.5,177.0,53,54
137,1,347.5,440.0,81,96
137,2,365.0,417.0,18,22
137,3,357.0,311.0,24,26
137,4,311.0,197.0,22,20
137,5,253.5,130.0,23,30
137,7,103.0,246.5,20,25
137,8,373.0,440.5,18,21
137,9,435.0,83.5,26,29
137,10,317.5,417.5,21,31
137,11,210.0,210.0,32,34
137,12,86.5,69.0,41,42
137,13,410.5,416.0,23,26
137,14,235.5,511.5,25,29
137,15,80.5,203.0,21,28
137,16,343.0,359.5,22,33
137,18,377.0,293.5,18,19
137,19,402.0,539.0,38,42
137,21,274.5,105.0,27,22
137,22,20.0,200.5,24,27
137,23,136.0,609.0,20,30
137,24,540.0,19.5,20,31
137,25,84.5,68.0,35,32
137,26,234.5,169.0,21,24
137,28,418.5,108.0,23,26
137,29,115.0,275.0,22,26
137,30,274.0,159.0,20,30
137,31,53.0,398.5,24,33
137,32,247.5,269.0,21,26
137,37,262.0,94.5,16,23
137,39,250.5,294.0,19,24
137,40,486.0,222.5,18,25
137,41,558.0,46.5,22,29
137,44,550.0,477.0,20,20
137,46,197.5,583.5,23,27
137,48,264.5,368.0,21,20
137,50,613.0,70.5,18,27
137,53,278.5,14.0,19,22
137,100,386.0,139.0,26,26
137,52,557.0,143.0,18,24
137,51,407.5,541.5,23,25
137,43,564.5,129.0,15,22
137,79,255.0,220.5,18,23
137,92,127.5,566.0,19,30
137,88,162.5,322.0,25,30
137,86,605.5,418.0,27,30
137,107,401.5,191.0,19,30
137,108,262.0,196.5,20,19
137,109,250.5,343.5,17,25
137,111,417.5,546.0,21,22
137,112,566.0,255.5,24,27
137,113,238.5,370.0,25,26
137,80,134.0,473.0,28,32
137,61,508.5,321.5,23,29
137,54,574.5,198.5,23,25
137,42,470.5,556.0,21,24
137,72,330.0,83.0,22,28
137,94,529.5,183.5,21,25
137,93,213.5,280.5,23,19
137,27,473.0,244.5,24,27
137,96,495.0,245.0,20,24
137,87,158.0,589.5,18,13
137,68,648.5,271.5,19,21
137,83,92.0,27.0,24,30
137,99,53.5,331.0,17,22
137,70,571.0,105.0,16,22
137,58,143.5,623.5,19,15
137,90,74.5,331.0,19,20
137,110,635.0,319.0,20,24
137,59,498.5,143.0,17,20
137,49,64.0,445.5,18,23
137,55,521.5,220.0,21,26
137,20,289.5,479.0,19,16
137,102,607.5,221.5,19,23
138,0,234.0,176.5,54,55
138,1,347.0,439.5,82,97
138,2,365.0,417.0,18,22
138,3,357.0,311.0,24,26
138,4,310.0,197.0,22,20
138,5,253.0,130.0,24,30
138,7,102.5,246.5,21,25
138,8,373.0,440.5,18,21
138,9,434.5,83.0,27,30
138,10,317.5,418.0,21,30
138,11,210.0,210.0,32,34
138,12,87.0,67.5,42,43
138,13,410.5,415.5,23,25
138,14,235.5,511.5,25,29
138,15,79.5,203.0,21,28
138,16,343.0,359.0,22,34
138,18,377.0,293.5,18,19
138,19,402.0,538.5,38,43
138,21,274.5,105.0,27,22
138,22,19.5,200.5,25,27
138,23,136.5,609.0,21,30
138,24,539.5,20.5,19,31
138,25,86.0,67.5,36,33
138,26,233.5,169.0,21,24
138,28,418.5,108.0,21,26
138,29,114.5,275.0,23,26
138,30,273.0,159.0,20,30
138,31,53.5,399.0,25,32
138,32,247.0,269.0,22,26
138,37,261.0,94.5,16,23
138,39,249.5,294.5,19,25
138,40,485.5,223.0,19,26
138,41,557.5,46.5,21,29
138,44,550.0,477.5,20,19
138,46,197.0,583.5,22,27
138,48,264.5,368.5,21,21
138,50,613.5,70.5,19,27
138,53,277.5,14.0,19,22
138,100,385.5,139.0,25,26
138,52,556.5,143.0,19,24
138,51,407.0,541.0,22,26
138,43,565.0,129.0,16,22
138,79,254.0,220.5,18,23
138,92,128.0,565.0,18,30
138,88,162.5,322.0,25,30
138,86,605.5,418.0,27,30
138,107,401.0,191.0,20,30
138,108,261.0,196.5,20,19
138,109,250.0,343.5,16,25
138,111,418.0,545.5,20,21
138,112,568.5,261.5,21,27
138,113,236.5,368.5,25,27
138,80,130.5,475.0,27,32
138,61,510.5,319.5,25,29
138,54,574.5,197.5,23,25
138,42,470.5,556.0,21,24
138,72,330.0,83.0,22,28
138,94,530.0,184.0,20,24
138,93,214.0,283.5,22,19
138,96,492.5,244.5,21,25
138,83,95.0,25.0,26,30
138,70,581.0,77.5,14,21
138,58,141.5,635.0,19,8
138,90,50.5,342.5,19,21
138,110,644.0,332.5,20,23
138,59,575.5,111.0,17,22
138,49,50.0,417.5,18,23
138,55,542.5,211.5,21,27
138,20,221.5,571.5,19,13
138,102,665.5,265.0,19,22
138,33,493.5,593.0,19,20
138,34,548.0,160.5,18,25
138,62,64.5,459.5,19,17
138,36,334.0,242.0,24,20
139,0,234.0,177.0,54,56
139,1,347.0,439.5,82,97
139,2,365.0,417.0,18,22
139,3,357.0,311.0,24,26
139,4,310.0,197.0,22,20
139,5,253.0,130.0,24,30
139,7,103.0,247.5,20,25
139,8,373.0,440.5,18,21
139,9,434.0,83.0,28,30
139,10,317.5,417.5,21,31
139,11,210.0,211.0,32,34
139,12,86.5,68.0,37,34
139,13,410.5,415.5,23,25
139,14,235.5,512.0,25,30
139,15,80.0,204.0,22,28
139,16,343.0,359.0,22,34
139,18,377.0,293.5,18,19
139,19,402.0,538.5,38,43
139,21,274.5,105.0,27,22
139,22,20.0,201.0,26,26
139,23,136.0,609.5,22,31
139,24,539.5,21.0,19,32
139,25,87.5,67.5,41,41
139,26,233.5,170.0,21,24
139,28,418.5,108.0,21,26
139,29,115.5,276.0,23,26
139,30,273.0,159.0,20,30
139,31,53.5,399.0,23,34
139,32,246.5,268.5,23,27
139,37,261.0,95.0,16,24
139,39,250.5,294.0,19,24
139,40,486.0,222.5,18,25
139,41,557.5,46.5,21,29
139,44,550.0,477.0,20,20
139,46,198.0,583.0,22,28
139,48,263.5,368.5,21,21
139,50,613.5,70.5,19,27
139,53,277.5,14.0,19,22
139,100,385.5,139.0,25,26
139,52,557.0,144.0,20,24
139,51,406.5,541.0,21,26
139,43,566.0,128.0,16,24
139,79,255.0,221.0,18,22
139,92,128.0,564.5,18,29
139,88,162.0,322.0,24,30
139,86,605.5,418.0,27,30
139,107,401.0,191.0,20,30
139,108,261.0,196.5,20,19
139,109,250.0,344.0,16,24
139,111,417.5,546.0,19,22
139,112,572.5,252.0,21,28
139,113,232.5,366.0,25,26
139,80,127.5,479.0,27,32
139,61,511.5,317.5,25,29
139,54,574.0,196.5,22,25
139,42,469.5,556.5,21,23
139,72,330.0,84.0,22,28
139,94,530.5,184.0,19,24
139,93,214.5,283.5,23,19
139,96,489.5,244.5,21,25
139,83,98.0,14.5,22,27
139,70,590.5,49.5,13,21
139,58,139.0,644.5,20,5
139,59,649.0,78.5,16,23
139,49,36.5,390.5,19,23
139,55,563.0,202.5,22,27
139,20,153.5,664.0,19,10
139,102,724.5,308.5,19,21
139,33,485.5,587.5,19,19
139,34,575.5,189.5,19,27
139,62,33.5,411.0,19,18
139,36,274.0,267.5,24,19
139,78,166.5,629.5,19,17
139,27,336.0,245.5,22,21
139,68,557.0,502.5,20,17
139,99,13.0,347.0,18,22
140,0,234.5,177.0,53,56
140,1,347.0,440.5,82,97
140,2,365.0,418.0,18,22
140,3,357.0,312.0,24,26
140,4,311.0,198.0,22,20
140,5,253.5,131.0,25,30
140,7,103.0,247.5,20,25
140,8,373.0,441.5,18,21
140,9,434.5,84.0,29,30
140,10,317.0,417.5,22,31
140,11,210.0,211.0,32,34
140,12,86.0,68.5,34,31
140,13,410.5,416.5,23,25
140,14,235.5,512.0,25,30
140,15,80.0,204.0,22,28
140,16,343.0,360.0,22,34
140,18,377.0,293.5,18,21
140,19,402.0,539.0,38,44
140,21,274.5,106.0,25,22
140,22,21.0,201.0,26,26
140,23,135.5,609.5,23,31
140,24,540.5,21.0,19,32
140,25,88.5,67.5,43,45
140,26,234.5,169.5,21,25
140,28,419.5,108.0,21,28
140,29,115.5,276.0,23,26
140,30,274.0,160.0,20,30
140,31,53.5,398.5,23,35
140,32,247.0,269.0,24,28
140,37,262.0,96.0,16,24
140,39,250.5,293.0,19,24
140,40,485.0,223.5,18,25
140,41,558.5,47.5,21,29
140,44,550.0,477.5,20,21
140,46,198.5,583.0,23,28
140,48,263.5,368.5,21,21
140,50,614.0,71.5,18,27
140,53,278.5,15.0,19,22
140,100,386.5,140.0,25,26
140,52,557.5,144.5,19,23
140,51,407.0,542.0,22,26
140,43,566.5,128.0,15,24
140,79,255.0,222.0,18,22
140,92,129.0,564.5,18,29
140,88,161.5,321.5,23,31
140,86,605.5,419.0,27,30
140,107,400.5,191.0,21,32
140,108,262.0,197.5,20,19
140,109,249.5,344.0,17,24
140,111,417.0,547.0,18,22
140,112,573.0,248.5,20,29
140,113,230.0,364.5,26,27
140,80,125.5,482.5,27,33
140,61,512.5,317.0,23,28
140,54,573.5,196.5,21,25
140,42,468.5,557.0,21,22
140,72,331.0,85.0,22,28
140,94,530.0,184.0,18,22
140,93,214.5,284.0,23,20
140,96,486.5,244.0,21,26
140,83,97.5,11.0,19,24
140,58,137.0,653.5,20,1
140,59,723.5,45.5,15,23
140,33,478.0,581.5,18,19
140,34,602.5,218.0,19,28
140,62,3.0,362.5,18,19
140,36,213.5,293.0,25,18
140,78,165.5,628.0,19,16
140,27,286.5,254.5,23,19
140,68,539.0,573.5,20,15
140,99,-6.5,354.0,17,22
140,91,156.5,624.5,19,15
140,114,294.0,542.0,18,24
140,103,90.5,618.0,19,16
140,71,227.5,436.0,19,24
140,110,379.0,288.5,22,19
141,0,234.0,176.5,54,57
141,1,346.5,440.5,81,97
141,2,364.0,418.0,18,22
141,3,356.0,312.0,24,26
141,4,310.0,198.0,22,20
141,5,252.5,131.0,25,30
141,7,102.0,247.5,20,25
141,8,372.0,441.5,18,21
141,9,434.0,84.0,28,30
141,10,317.0,417.5,22,31
141,11,210.0,211.0,32,34
141,12,85.0,68.5,34,31
141,13,409.5,416.5,23,25
141,14,234.5,512.0,25,30
141,15,79.5,204.0,21,28
141,16,342.0,360.0,22,34
141,18,376.0,293.5,18,21
141,19,401.0,539.5,38,43
141,21,274.0,106.0,26,22
141,22,20.5,201.5,27,27
141,23,135.0,610.0,22,30
141,24,539.5,21.0,19,32
141,25,88.5,67.0,43,46
141,26,233.5,169.0,21,26
141,28,419.0,108.0,20,28
141,29,114.5,276.0,23,26
141,30,273.0,159.5,20,29
141,31,53.0,399.0,24,34
141,32,246.5,269.0,23,28
141,37,261.0,96.0,16,24
141,39,249.5,293.5,19,25
141,40,485.0,223.5,20,25
141,41,557.5,47.5,21,29
141,44,549.0,477.0,20,22
141,46,197.5,584.0,23,28
141,48,263.5,368.5,21,21
141,50,613.0,71.5,18,27
141,53,277.5,15.0,19,22
141,100,385.5,140.0,25,26
141,52,557.0,144.5,20,25
141,51,406.5,542.0,23,26
141,43,566.0,128.5,16,25
141,79,254.0,221.5,18,23
141,92,129.0,565.5,18,27
141,88,161.5,321.5,23,31
141,86,604.5,419.0,27,30
141,107,400.5,190.5,21,31
141,108,261.0,197.5,20,19
141,109,249.0,344.0,18,24
141,111,416.5,547.0,19,22
141,112,572.5,246.5,21,29
141,113,228.0,363.0,26,26
141,80,124.0,486.5,28,33
141,61,513.5,318.0,23,28
141,54,572.5,196.5,23,25
141,42,468.5,556.5,21,23
141,72,329.5,82.0,23,28
141,94,530.0,183.5,18,23
141,93,214.5,283.5,23,19
141,96,485.0,237.0,20,24
141,83,93.5,11.5,19,23
141,78,165.0,627.5,20,15
141,27,237.0,263.5,22,19
141,68,521.5,643.5,19,13
141,99,-26.5,361.0,19,22
141,91,150.5,620.0,19,14
141,114,285.0,533.5,18,23
141,103,91.0,616.5,20,15
141,71,208.0,427.5,18,23
141,110,302.0,280.5,22,17
141,75,151.5,616.0,19,16
141,89,391.0,172.0,20,20
141,106,60.5,216.0,21,24
141,76,338.0,139.0,24,28
141,102,329.5,448.5,19,21
142,0,235.0,176.5,54,55
142,1,346.5,440.5,81,97
142,2,364.0,418.0,18,22
142,3,356.0,312.0,24,26
142,4,310.0,198.0,22,20
142,5,253.0,130.0,26,30
142,7,102.0,247.5,20,27
142,8,372.0,441.5,18,21
142,9,434.5,84.0,29,30
142,10,317.0,417.5,22,29
142,11,211.0,210.5,32,35
142,12,85.5,68.5,35,31
142,13,409.5,416.5,23,25
142,14,234.5,511.0,25,30
142,15,79.5,203.0,21,28
142,16,342.0,360.0,22,34
142,18,376.0,293.5,18,21
142,19,401.0,539.5,38,43
142,21,275.0,106.0,26,22
142,22,20.5,201.0,27,28
142,23,135.0,610.0,22,30
142,24,540.5,21.0,19,32
142,25,88.5,68.0,45,46
142,26,234.5,169.0,21,24
142,28,419.5,108.0,21,28
142,29,114.5,275.0,23,26
142,30,274.0,159.5,20,29
142,31,53.0,398.5,24,33
142,32,246.5,268.5,23,27
142,37,262.0,95.0,16,24
142,39,249.5,293.5,19,25
142,40,485.0,223.5,20,25
142,41,558.5,47.5,21,29
142,44,549.0,477.0,20,22
142,46,197.0,584.0,22,26
142,48,262.5,368.0,21,22
142,50,614.0,71.5,18,27
142,53,278.5,15.0,19,22
142,100,386.5,140.0,25,26
142,52,557.0,144.5,18,25
142,51,407.0,542.0,24,26
142,43,566.0,129.0,16,24
142,79,254.0,221.0,18,22
142,92,129.5,565.5,17,27
142,88,161.5,321.5,23,31
142,86,604.5,419.0,27,30
142,107,401.0,190.0,22,30
142,108,261.0,197.5,20,19
142,109,249.0,343.0,18,24
142,111,416.0,547.5,20,21
142,112,572.5,242.0,21,28
142,113,225.5,361.0,25,26
142,80,122.0,487.5,28,33
142,61,514.0,318.5,24,27
142,54,572.0,196.0,22,26
142,42,468.5,557.0,21,24
142,72,328.5,80.0,23,28
142,94,530.5,182.5,17,23
142,93,214.0,283.0,22,20
142,96,482.0,238.0,20,24
142,83,92.0,11.5,18,23
142,91,144.5,616.0,19,14
142,114,276.0,525.0,18,22
142,103,91.0,615.0,20,14
142,71,189.0,419.0,18,24
142,110,225.5,272.5,23,17
142,75,168.0,607.5,20,15
142,89,375.0,178.5,20,21
142,106,49.5,242.0,21,24
142,76,378.0,151.0,24,28
142,102,233.0,508.5,20,21
142,67,161.5,625.0,19,16
142,95,484.0,592.0,20,18
142,55,553.5,161.0,19,26
142,34,288.5,404.0,19,24
142,62,316.0,268.0,22,28
142,36,99.5,321.0,21,20
143,0,235.0,176.5,54,55
143,1,347.5,439.5,81,97
143,2,365.0,417.0,18,22
143,3,357.0,311.0,24,26
143,4,311.0,197.0,22,20
143,5,253.0,130.0,26,30
143,7,103.0,247.5,20,27
143,8,373.0,440.5,18,21
143,9,434.5,83.0,29,30
143,10,317.5,417.0,23,30
143,11,211.0,210.0,32,34
143,12,85.5,68.5,35,31
143,13,410.5,415.5,23,25
143,14,235.5,511.0,25,30
143,15,80.5,203.0,21,28
143,16,343.0,359.0,22,34
143,18,376.5,293.0,19,20
143,19,401.5,538.5,37,43
143,21,275.5,105.0,27,22
143,22,21.0,201.0,26,28
143,23,135.0,609.0,22,30
143,24,540.5,20.5,17,31
143,25,88.5,68.0,43,44
143,26,234.5,169.0,21,24
143,28,419.5,108.0,21,26
143,29,115.0,275.0,24,26
143,30,274.0,159.0,20,30
143,31,53.0,398.5,22,33
143,32,247.0,268.5,24,27
143,37,262.0,94.5,16,23
143,39,250.5,293.5,19,25
143,40,485.0,222.5,20,25
143,41,558.5,46.5,19,29
143,44,550.0,476.5,20,21
143,46,197.5,583.5,21,27
143,48,262.5,367.5,21,21
143,50,614.0,70.5,18,27
143,53,277.5,15.0,19,24
143,100,386.0,139.0,24,26
143,52,556.5,144.5,17,25
143,51,407.5,541.0,23,26
143,43,565.5,129.5,15,23
143,79,255.0,220.5,18,23
143,92,129.0,566.0,16,28
143,88,161.0,321.0,24,30
143,86,605.5,418.0,27,30
143,107,401.0,190.0,22,30
143,108,262.0,196.5,20,19
143,109,248.5,343.0,17,24
143,111,416.5,547.0,19,22
143,112,575.5,239.5,21,29
143,113,224.5,361.0,25,26
143,80,120.0,486.5,28,33
143,61,515.0,319.5,24,27
143,54,571.5,195.5,21,25
143,42,468.5,557.5,21,23
143,72,328.0,77.5,22,29
143,94,531.0,182.0,18,22
143,93,213.5,282.0,21,20
143,96,479.5,238.0,19,24
143,83,92.0,9.0,20,18
143,75,184.0,599.5,20,15
143,89,359.0,185.0,20,20
143,106,38.0,268.0,20,24
143,76,419.0,162.5,24,27
143,102,137.0,567.5,20,21
143,67,161.0,621.0,20,16
143,95,472.0,583.5,20,17
143,55,556.5,148.5,19,25
143,34,205.0,472.0,20,24
143,62,398.5,220.0,23,30
143,36,41.5,339.0,21,20
143,17,426.5,550.0,21,20
143,69,599.0,209.5,18,25
143,78,141.0,635.0,20,8
143,27,100.5,316.0,21,22
143,68,280.0,576.5,20,19
143,99,317.0,272.5,22,25
144,0,234.0,177.0,54,54
144,1,347.0,439.5,80,97
144,2,364.0,417.0,18,22
144,3,356.0,311.0,24,26
144,4,310.0,197.0,22,20
144,5,252.5,130.0,25,30
144,7,102.0,247.0,20,26
144,8,372.0,440.5,18,21
144,9,434.0,83.0,28,30
144,10,317.0,416.5,22,31
144,11,210.0,210.0,32,34
144,12,86.5,69.0,35,32
144,13,409.5,415.5,23,25
144,14,234.5,511.0,25,30
144,15,79.5,203.0,21,28
144,16,342.0,359.0,22,34
144,18,376.0,293.0,18,20
144,19,400.5,538.5,37,43
144,21,275.0,105.0,28,22
144,22,20.0,200.5,26,27
144,23,135.0,609.0,22,30
144,24,540.0,21.0,18,30
144,25,88.5,68.0,43,44
144,26,233.5,169.5,21,23
144,28,418.5,108.0,21,26
144,29,114.5,275.0,23,26
144,30,273.0,158.5,20,29
144,31,52.5,398.0,23,34
144,32,246.5,268.5,23,27
144,37,261.0,94.5,16,23
144,39,249.5,293.0,19,24
144,40,484.5,222.0,19,24
144,41,558.0,46.5,20,29
144,44,549.0,476.5,20,21
144,46,197.0,583.0,22,28
144,48,262.5,367.5,21,21
144,50,613.5,70.5,19,27
144,53,277.5,15.0,19,24
144,100,385.0,139.0,24,26
144,52,556.0,144.0,18,24
144,51,407.0,541.0,24,26
144,43,565.5,129.5,15,23
144,79,254.0,220.5,18,23
144,92,129.5,566.5,17,29
144,88,161.0,321.0,24,30
144,86,604.5,418.0,27,30
144,107,400.5,190.0,21,30
144,108,261.0,196.5,20,19
144,109,248.5,343.0,17,24
144,111,416.5,546.0,19,22
144,112,575.0,239.5,20,29
144,113,222.5,360.0,25,26
144,80,118.5,487.5,29,33
144,61,516.5,320.0,23,28
144,54,571.5,195.0,21,24
144,42,468.5,558.5,21,23
144,72,328.5,76.5,23,29
144,94,533.0,182.0,20,22
144,93,213.0,275.5,22,19
144,96,477.5,237.0,19,24
144,83,93.0,6.5,20,13
144,102,34.0,634.5,22,9
144,67,160.0,617.0,20,16
144,95,460.0,575.0,20,16
144,55,559.5,136.0,19,24
144,34,122.5,534.5,19,21
144,62,480.5,172.5,25,33
144,36,-15.5,357.0,19,20
144,17,427.5,550.5,21,19
144,69,603.0,200.0,18,26
144,78,138.0,636.0,20,8
144,27,40.0,335.0,20,22
144,68,200.0,584.0,20,20
144,99,413.0,248.5,24,27
144,82,486.0,589.0,18,24
144,49,295.5,278.0,21,24
144,59,574.0,125.5,16,23
144,110,99.5,312.5,21,23
145,0,234.0,177.0,54,54
145,1,346.5,439.5,81,97
145,2,364.0,417.0,18,22
145,3,356.0,311.5,24,25
145,4,310.0,197.0,22,20
145,5,252.5,130.0,25,30
145,7,102.0,247.0,20,26
145,8,372.0,440.5,18,21
145,9,434.5,83.0,27,30
145,10,317.0,416.5,22,31
145,11,210.0,210.0,32,34
145,12,86.5,69.0,35,32
145,13,409.5,415.5,23,25
145,14,234.5,511.0,25,30
145,15,79.5,203.0,21,28
145,16,342.0,359.0,22,34
145,18,376.0,293.0,18,20
145,19,400.5,538.5,37,43
145,21,275.0,105.0,28,22
145,22,20.0,200.0,26,26
145,23,135.0,608.0,22,30
145,24,540.5,21.0,19,30
145,25,88.0,67.5,42,43
145,26,233.5,169.5,21,23
145,28,418.5,108.0,21,26
145,29,114.5,275.0,23,26
145,30,273.0,158.5,20,29
145,31,52.5,398.0,23,34
145,32,246.5,269.0,23,26
145,37,261.0,95.0,16,24
145,39,249.5,293.5,19,23
145,40,484.5,223.0,19,24
145,41,558.5,47.5,21,29
145,44,549.0,477.5,20,21
145,46,197.5,583.0,23,28
145,48,262.5,367.5,21,21
145,50,613.5,71.0,17,26
145,53,278.5,14.5,19,23
145,100,385.0,139.0,24,26
145,52,556.0,144.0,18,22
145,51,406.5,541.0,23,26
145,43,564.5,129.5,15,23
145,79,254.0,220.5,18,23
145,92,129.5,566.0,17,30
145,88,161.0,321.0,24,30
145,86,604.5,419.0,27,30
145,107,400.5,190.5,21,29
145,108,261.0,196.5,20,19
145,109,248.5,343.0,17,24
145,111,416.5,545.5,19,21
145,112,576.5,238.0,21,30
145,113,220.5,359.5,25,27
145,80,116.5,488.0,27,32
145,61,516.5,320.0,23,28
145,54,571.5,195.0,21,24
145,42,468.0,558.5,22,23
145,72,328.5,76.0,23,28
145,94,534.0,182.5,20,21
145,93,212.5,271.0,23,18
145,96,475.5,236.0,19,24
145,83,92.5,6.0,19,12
145,102,-64.5,697.5,23,5
145,34,39.5,599.5,19,19
145,17,428.5,551.0,21,20
145,69,607.5,191.0,17,26
145,78,139.0,636.0,20,8
145,27,-20.5,354.5,19,23
145,68,120.0,591.5,20,21
145,99,514.5,230.5,23,27
145,82,477.0,582.0,18,24
145,49,340.5,255.0,21,24
145,59,554.5,137.0,17,24
145,110,31.0,321.5,22,23
145,35,558.5,586.0,19,26
145,114,73.0,421.5,18,21
145,89,213.5,279.0,23,18
145,106,83.5,460.5,19,21
145,76,552.5,170.0,19,26
146,0,234.0,177.5,54,55
146,1,346.5,440.5,81,97
146,2,364.0,418.0,18,22
146,3,356.0,312.5,24,25
146,4,310.0,198.0,22,20
146,5,252.5,131.0,25,30
146,7,102.0,247.5,20,25
146,8,372.0,441.5,18,21
146,9,434.0,82.0,28,30
146,10,317.0,417.0,22,32
146,11,210.0,210.5,32,33
146,12,86.5,68.5,35,33
146,13,409.5,416.5,23,25
146,14,235.0,511.5,24,31
146,15,79.5,204.0,21,28
146,16,342.0,360.0,22,34
146,18,376.0,294.0,18,20
146,19,400.5,539.5,37,43
146,21,275.0,106.0,28,22
146,22,20.0,200.5,26,25
146,23,135.0,608.5,22,29
146,24,540.0,21.5,18,31
146,25,88.5,68.5,43,43
146,26,233.5,170.0,21,24
146,28,418.5,108.0,21,28
146,29,114.0,276.0,24,26
146,30,273.0,159.0,20,28
146,31,52.5,398.0,23,34
146,32,246.5,270.0,23,26
146,37,261.0,95.5,16,23
146,39,249.5,294.5,19,23
146,40,485.0,223.5,20,25
146,41,558.5,47.5,21,29
146,44,549.0,477.5,20,21
146,46,198.0,583.5,24,29
146,48,262.0,368.5,20,21
146,50,613.5,71.0,19,26
146,53,277.5,15.0,19,22
146,100,385.0,139.0,24,28
146,52,556.0,144.5,18,23
146,51,406.0,542.0,22,26
146,43,565.0,129.5,16,23
146,79,254.0,221.0,18,24
146,92,128.5,566.0,17,30
146,88,161.0,321.5,24,29
146,86,604.5,419.5,27,29
146,107,400.5,191.0,21,30
146,108,260.5,197.5,19,19
146,109,248.5,343.5,17,23
146,111,416.0,545.5,20,21
146,112,576.0,230.5,20,29
146,113,219.0,356.5,26,27
146,80,113.5,489.0,27,32
146,61,517.5,320.5,23,27
146,54,571.0,195.0,22,24
146,42,467.0,559.5,22,23
146,72,328.0,72.5,22,29
146,94,533.5,182.0,19,22
146,93,212.5,266.5,23,17
146,96,471.0,237.5,22,23
146,83,89.0,7.0,18,14
146,102,-163.0,759.5,24,1
146,34,-42.0,664.5,18,19
146,78,140.0,636.0,20,8
146,99,613.0,209.5,24,27
146,82,468.0,575.0,18,24
146,49,386.0,232.0,22,24
146,59,535.5,148.5,17,23
146,110,-36.5,330.5,21,25
146,35,555.5,586.0,19,26
146,114,25.0,395.5,18,21
146,89,166.5,308.0,23,18
146,106,91.5,527.0,19,20
146,76,608.0,177.5,18,25
146,66,560.0,475.0,18,24
146,65,155.0,182.0,20,18
146,73,160.0,172.0,22,24
146,71,302.0,285.0,22,24
146,62,552.5,173.5,19,27
146,36,86.5,455.5,17,19
147,0,234.0,177.5,54,55
147,1,347.5,440.5,81,97
147,2,364.5,418.0,19,22
147,3,356.5,312.0,23,26
147,4,310.0,198.0,22,20
147,5,252.5,131.0,25,30
147,7,102.0,248.0,20,26
147,8,373.0,441.5,18,21
147,9,434.0,82.0,28,30
147,10,318.0,417.0,22,32
147,11,210.0,210.0,32,32
147,12,86.5,68.5,35,33
147,13,410.5,416.0,23,24
147,14,235.5,512.0,25,30
147,15,79.5,204.0,21,28
147,16,343.0,360.0,22,34
147,18,377.0,294.0,18,20
147,19,401.0,539.5,36,43
147,21,274.5,106.0,27,22
147,22,20.0,200.5,26,25
147,23,136.0,609.0,22,28
147,24,540.5,21.5,17,31
147,25,89.0,69.0,42,44
147,26,233.5,170.0,21,24
147,28,418.5,107.5,21,29
147,29,114.0,276.0,24,26
147,30,273.0,159.0,20,28
147,31,52.0,398.5,24,33
147,32,246.5,270.0,23,26
147,37,261.0,95.5,16,23
147,39,250.5,294.5,19,25
147,40,485.5,223.5,21,25
147,41,559.0,47.5,22,29
147,44,550.0,477.5,20,21
147,46,198.5,583.5,23,29
147,48,262.5,368.5,19,21
147,50,613.5,70.5,19,27
147,53,277.5,15.0,19,22
147,100,385.5,139.5,25,27
147,52,556.0,144.5,18,23
147,51,407.0,542.0,22,26
147,43,565.0,129.5,16,23
147,79,254.0,221.5,18,23
147,92,127.5,566.0,17,28
147,88,161.5,322.0,25,30
147,86,605.5,418.5,27,29
147,107,400.5,191.0,21,30
147,108,260.5,197.5,19,19
147,109,249.0,344.0,16,24
147,111,416.5,546.5,21,21
147,112,576.0,225.0,20,28
147,113,217.5,354.5,25,27
147,80,112.5,491.5,27,31
147,61,518.0,321.0,24,28
147,54,570.5,194.5,21,25
147,42,467.0,559.5,22,23
147,72,327.0,70.5,22,29
147,94,532.5,181.0,19,22
147,96,467.5,238.0,21,22
147,83,86.5,8.0,19,16
147,78,140.5,636.0,19,8
147,99,712.0,188.5,24,29
147,35,553.0,586.5,18,25
147,114,-21.5,370.0,19,20
147,89,119.5,336.5,23,17
147,106,99.5,593.0,17,20
147,76,664.0,184.5,16,25
147,66,554.0,484.5,18,23
147,65,144.0,190.5,20,19
147,73,159.5,180.5,21,23
147,71,319.0,257.0,22,24
147,62,606.5,155.0,19,26
147,36,95.0,492.5,16,19
147,57,269.5,135.0,19,24
147,104,375.0,556.0,14,20
147,77,561.5,475.0,15,22
147,17,542.5,340.5,17,21
147,69,358.0,223.0,20,22
147,68,70.0,423.5,20,23
148,0,235.0,177.5,54,55
148,1,347.5,440.0,81,98
148,2,364.5,418.0,19,22
148,3,357.0,312.0,24,26
148,4,311.0,198.0,22,20
148,5,253.5,131.0,25,30
148,7,103.0,248.0,20,26
148,8,373.0,441.5,18,21
148,9,435.0,82.0,28,30
148,10,318.0,417.0,22,30
148,11,211.0,210.0,32,32
148,12,85.5,68.5,35,33
148,13,410.5,415.5,23,23
148,14,235.5,512.0,25,30
148,15,80.5,204.0,21,28
148,16,343.0,360.0,22,34
148,18,377.0,294.0,18,20
148,19,401.5,539.5,37,43
148,21,275.5,106.0,27,22
148,22,21.0,200.5,26,25
148,23,136.0,609.5,22,29
148,24,541.0,21.5,18,31
148,25,88.5,68.5,43,43
148,26,234.5,170.0,21,24
148,28,419.5,107.5,21,29
148,29,114.5,276.0,25,26
148,30,274.0,159.5,20,29
148,31,52.5,399.0,25,34
148,32,247.5,270.0,23,26
148,37,262.0,95.0,16,22
148,39,250.5,294.0,19,24
148,40,486.0,223.0,20,26
148,41,559.5,48.0,21,30
148,44,550.0,477.5,20,21
148,46,198.5,584.0,23,28
148,48,262.0,368.5,20,21
148,50,614.0,71.0,18,28
148,53,278.5,15.5,19,23
148,100,386.5,140.0,25,26
148,52,556.5,145.0,17,24
148,51,407.5,542.0,23,26
148,43,565.0,129.5,16,23
148,79,255.0,221.5,18,23
148,92,127.5,565.0,17,28
148,88,162.0,322.0,24,30
148,86,605.5,419.0,27,30
148,107,401.5,191.0,21,30
148,108,261.0,197.5,18,19
148,109,249.5,343.5,17,23
148,111,416.5,546.5,21,21
148,112,579.5,224.5,21,29
148,113,215.5,354.0,27,26
148,80,111.0,493.5,26,31
148,61,518.0,321.0,24,28
148,54,570.5,194.0,21,24
148,42,467.0,560.0,22,22
148,72,326.5,69.0,23,30
148,94,532.5,180.0,19,22
148,96,466.0,236.5,20,21
148,83,86.5,7.0,17,14
148,78,140.0,635.5,20,9
148,66,548.0,494.5,18,23
148,65,133.0,199.5,20,19
148,73,158.5,188.5,21,23
148,71,336.5,230.0,23,24
148,62,660.5,136.5,17,25
148,36,103.5,529.5,15,19
148,57,292.5,153.0,21,26
148,104,366.5,538.0,15,20
148,77,526.0,465.0,16,22
148,17,574.5,282.5,17,21
148,69,289.5,228.0,21,20
148,68,24.0,375.5,20,23
148,56,571.0,188.5,24,25
148,105,613.0,43.5,12,25
148,58,331.5,633.5,19,13
148,93,428.0,197.5,20,21
148,34,69.5,424.0,21,22
148,49,587.0,269.0,16,28
148,59,357.0,224.0,20,22
148,110,83.5,445.5,17,23
149,0,235.0,176.5,54,55
149,1,347.5,440.0,81,98
149,2,364.5,418.0,19,22
149,3,357.0,311.5,24,27
149,4,311.0,198.0,22,20
149,5,253.5,130.0,25,30
149,7,103.0,247.0,20,26
149,8,373.0,441.5,18,21
149,9,435.0,82.0,28,30
149,10,318.0,417.0,22,30
149,11,211.0,209.5,32,33
149,12,85.0,68.5,36,33
149,13,410.5,416.0,23,24
149,14,236.0,511.5,24,29
149,15,80.5,203.0,21,28
149,16,343.0,360.0,22,34
149,18,377.0,294.0,18,20
149,19,401.5,539.5,37,43
149,21,275.5,106.0,27,22
149,22,21.0,200.0,26,26
149,23,135.0,609.5,22,29
149,24,541.0,21.5,18,31
149,25,88.0,68.0,42,42
149,26,234.5,169.0,21,24
149,28,419.5,107.5,21,29
149,29,114.5,275.0,25,26
149,30,274.0,159.5,20,29
149,31,52.5,399.0,25,34
149,32,247.5,269.0,23,26
149,37,262.0,95.0,16,22
149,39,250.5,293.5,19,25
149,40,485.5,223.5,21,27
149,41,559.0,47.5,22,29
149,44,550.0,477.5,20,21
149,46,197.5,583.0,23,28
149,48,262.0,368.5,20,21
149,50,614.0,71.0,18,28
149,53,278.0,15.5,20,23
149,100,386.5,140.0,25,26
149,52,556.5,145.0,17,24
149,51,407.5,542.0,23,26
149,43,564.5,130.5,17,23
149,79,255.0,221.0,18,22
149,92,128.0,564.5,18,29
149,88,161.5,321.0,23,30
149,86,605.5,419.0,27,32
149,107,401.0,191.0,20,30
149,108,261.0,197.5,18,19
149,109,249.0,343.5,18,23
149,111,416.5,546.5,21,21
149,112,580.5,221.5,21,27
149,113,214.0,353.0,26,26
149,80,109.0,496.0,26,30
149,61,518.5,321.5,25,29
149,54,570.5,195.0,21,26
149,42,467.5,560.5,23,23
149,72,326.5,67.5,23,31
149,94,533.0,180.0,20,22
149,96,467.0,233.5,20,23
149,83,85.5,7.0,17,14
149,78,139.5,635.0,21,8
149,57,316.0,170.5,22,27
149,104,358.0,520.5,16,21
149,77,490.5,456.0,17,22
149,17,606.5,225.5,15,21
149,69,220.5,233.5,21,19
149,68,-22.0,328.0,20,24
149,56,565.5,192.0,23,26
149,105,613.0,51.0,12,26
149,58,358.5,629.5,19,15
149,93,490.5,176.0,19,22
149,34,67.0,382.0,20,22
149,49,664.5,270.5,15,29
149,59,297.0,250.5,20,21
149,110,93.5,483.5,15,23
149,101,61.0,222.5,22,25
149,99,525.5,237.5,23,27
149,35,494.0,629.0,20,20
149,114,138.5,300.5,21,19
149,89,159.5,421.5,19,21
149,106,427.5,394.5,15,27
149,76,574.5,145.5,17,23
150,0,235.5,177.5,55,55
150,1,347.5,440.0,81,96
150,2,364.5,418.0,19,22
150,3,357.5,312.0,25,26
150,4,311.0,198.0,22,20
150,5,255.0,131.0,24,30
150,7,104.0,247.5,20,25
150,8,373.0,441.5,18,21
150,9,437.0,83.0,28,30
150,10,318.0,415.0,22,30
150,11,212.5,210.0,31,34
150,12,87.0,70.0,36,32
150,13,410.5,416.5,23,25
150,14,235.0,511.5,26,31
150,15,80.5,204.0,21,28
150,16,343.0,360.0,22,34
150,18,377.5,294.0,19,20
150,19,401.5,539.5,37,43
150,21,275.5,106.0,27,22
150,22,21.0,201.0,26,26
150,23,136.0,611.5,22,29
150,24,541.5,20.0,19,32
150,25,88.0,69.0,42,44
150,26,234.5,170.0,21,24
150,28,420.0,107.5,22,27
150,29,116.5,276.0,23,26
150,30,274.0,160.0,20,30
150,31,55.5,400.0,23,32
150,32,248.5,269.0,23,26
150,37,262.5,93.5,15,21
150,39,252.0,294.5,20,23
150,40,487.0,221.5,20,25
150,41,559.5,47.5,21,29
150,44,547.5,476.0,19,22
150,46,200.0,583.0,22,28
150,48,255.5,370.5,23,23
150,50,615.5,74.0,19,28
150,53,279.0,14.5,20,23
150,100,387.5,141.5,25,23
150,52,558.0,142.5,18,23
150,51,406.5,541.5,23,25
150,43,565.5,129.0,15,22
150,79,255.0,221.5,18,23
150,92,132.0,563.5,18,29
150,88,165.5,323.0,23,30
150,86,605.5,418.5,27,29
150,107,404.0,193.0,20,30
150,108,262.5,197.5,19,19
150,109,253.0,343.0,18,24
150,111,419.5,546.5,19,21
150,112,582.5,219.0,21,26
150,113,213.5,353.0,27,26
150,80,107.5,499.0,25,30
150,61,520.0,322.0,24,30
150,54,571.0,196.0,22,26
150,42,469.0,560.5,24,23
150,72,327.5,66.5,23,31
150,94,536.5,189.0,23,22
150,96,467.0,231.5,20,25
150,83,85.5,7.0,15,14
150,78,140.0,636.0,20,8
150,56,561.0,196.0,24,26
150,105,614.0,58.5,12,25
150,58,385.5,626.5,19,17
150,93,554.0,155.5,18,23
150,34,65.5,340.0,21,22
150,49,742.5,273.0,13,30
150,59,237.5,278.0,21,20
150,110,103.5,522.0,13,22
150,101,76.0,231.5,22,25
150,99,514.5,243.0,23,28
150,35,478.5,641.5,21,19
150,114,168.0,269.5,22,19
150,89,153.5,458.5,17,21
150,106,531.0,361.5,14,29
150,76,571.5,136.5,17,23
150,98,341.5,141.0,23,28
150,47,463.5,60.5,21,27
150,97,395.5,162.0,21,22
150,38,323.5,99.5,19,29
150,33,538.5,470.0,19,18
150,55,604.5,226.0,19,24
150,66,325.5,612.0,21,26
150,65,293.0,457.5,18,25
150,73,288.0,387.5,22,23
150,71,551.0,249.0,22,24
150,62,595.0,144.5,18,23
150,36,366.5,491.5,17,25
